"","X","X_id","authors","date_download","date_modify","date_publish","description","filename","image_url","language","title","title_page","title_rss","source_domain","maintext","url","download_via","include","month","year","language_translated","maintext_translated","title_translated","RAI","cliff_locations","civic_new","civic_related","event_type_RAI","event_type_RAI_China","event_type_RAI_Russia","event_type_civic_new","event_type_civic_new_2","RAI_keywords","econ_crisis","country"
"84128","79","6407b9d65cf94604ae94dfe3","['Vlad Dracul']","2023-03-07 17:25:26.247",NA,"2021-09-21 04:38:00","Prima solicitare către Interpol privind anunțarea lui Plahotniuc în căutare internațională a venit din partea Federației Ruse, care îl acu","https%3A%2F%2Ftimpul.md%2Farticol%2Fplahotniuc-ilan-sor-si-veaceslav-platon-nu-figureaza-in-listele-persoanelor-anuntate-in-cautare-de-interpol-166619.html.json","https://timpul.md/assets/uploads/2022/02/oaia-1536x864-1.jpg","ro","Plahotniuc, Ilan Șor și Veaceslav Platon nu figurează în listele persoanelor anunţate în căutare de Interpol",NA,NA,"timpul.md","Prima solicitare către Interpol privind anunțarea lui Plahotniuc în căutare internațională a venit din partea Federației Ruse, care îl acuză pe acesta de organizarea unei grupări criminale, spălare de bani și contrabandă cu droguri în proporții deosebit de mari.
Pe ultimul capăt de acuzare, este învinuit în Rusia și fostul deputat PD Constantin Țuțu.
Însă, în 2019, Interpol a refuzat cererea rușilor din motiv că dosarele lui Plahotniuc ar fi unele politice, nota la acea vreme Ria.ru. Tot în 2019, Centrul Național Anticorupție a comunicat că l-a dat în căutare internațională pe oligarhul fugar, care era deja învinuit și la Chișinău de crearea și conducerea unei organizații criminale, escrocherie și spălare de bani în proporții deosebit de mari.
Dar tocmai în iulie 2020 s-a aflat că Interpol a refuzat iarăși să-l anunțe în căutare pe Plahotniuc. Și abia recent procurorul general Alexandr Stoianoglo a explicat că refuzul Biroului internațional al poliției criminale se explică prin faptul că probatoriul expediat la Lyon de către procurorii moldoveni nu a fost unul convingător pentru reprezentanții Interpol.
Fiți la curent cu ultimele noutăți. Urmărește TIMPUL pe Google News și Telegram!","https://timpul.md/articol/plahotniuc-ilan-sor-si-veaceslav-platon-nu-figureaza-in-listele-persoanelor-anuntate-in-cautare-de-interpol-166619.html","Direct2","True","9","2021","en","The first request to Interpol on Plahotnic's announcement of international search came from the Russian Federation, which accuses him of organizing a criminal group, money laundering and drug smuggling in very large proportions.","Plahotnic, Ilan Hór and Veacelav Platon are not listed in the lists of people who have been notified to search for Interpol","{'event_type': 'security_cooperation', 'model_outputs': {'-999': -0.428909033536911, 'arms_transfer_security_aid_assistance': 0.5651450157165527, 'bribery_economic_corruption': -0.9224656224250793, 'diaspora_activation': -0.49947038292884827, 'diplomatic_mediation': -0.7661632299423218, 'diplomatic_recognition': -0.4776760935783386, 'diplomatic_sanction': -0.03909677267074585, 'diplomatic_statement': 1.415575385093689, 'diplomatic_visit': -0.023388201370835304, 'economic_aid_assistance': -0.7904764413833618, 'intelligence_counterintelligence': 0.7677149176597595, 'investment': -0.2787286639213562, 'joint_security_force_exercise': 0.5034964680671692, 'media_campaign_intervention': -0.5934193134307861, 'social_academic_cultural_activity': -0.28901341557502747, 'political_process_policy_intervention': -2.2607455253601074, 'professional_cultural_exchange': -0.3059011697769165, 'security_cooperation': 9.393021583557129, 'security_force_facility_presence': 0.6535833477973938, 'official_security_force_facility_presence': -1.21895170211792, 'surveillance': -0.14673130214214325, 'tech_transfer_investment': -0.23533111810684204, 'trade_agreement_exchange': -0.08104825764894485, 'trade_financial_sanction': -0.8192715644836426, 'transnational_organization_crime': -0.1490894854068756}}","{}","{'event_type': '-999', 'model_outputs': {'arrest': 0.09776346385478973, 'protest': -0.8689922094345093, 'legalaction': 0.8275094032287598, 'disaster': -0.1297832429409027, 'censor': -0.33820316195487976, 'electionactivity': 0.45180845260620117, 'electionirregularities': -1.1273772716522217, 'activism': -1.251420259475708, 'martiallaw': -1.1233751773834229, 'cooperate': -0.2362084686756134, 'coup': -1.0539360046386719, 'violencenonlethal': -0.05831833928823471, 'violencelethal': -0.8706822991371155, 'corruption': 0.6561800837516785, 'legalchange': 0.34985852241516113, 'mobilizesecurity': -1.1692674160003662, 'purge': -0.26970791816711426, 'threaten': -0.42952626943588257, 'raid': -1.2210772037506104, '-999': 10.224827766418457}}","{'result': 'Yes', 'model_outputs': {'Yes': 0.5218126773834229, 'No': -0.40942832827568054}}","-999","-999","-999","-999","","[]","No","Moldova"
"98872","72","62ff4d6b430a87f73dd1068e","['Dağhan Irak', 'Murat Sevinç', 'Levent Gültekin', 'Psk. Dr. Feyza Bayraktar', 'Bahadır Kaynak', 'İhsan Dağı']","2022-08-19 04:44:27.722",NA,"2021-10-22 11:23:02","22/10/2021 - Britanyalı oyuncu Kate Beckinsale, yüksek IQ'ya sahip olmanın Hollywood'daki kariyerinde handikap oluşturduğunu düşündüğünü söyledi.",".json","https://www.diken.com.tr/wp-content/uploads/2021/10/20211022-kate-beckinsale-reuters-sb.jpg","tr","Kate Beckinsale: Yüksek IQ kariyerimde handikap oldu",NA,NA,"diken.com.tr","Britanyalı oyuncu Kate Beckinsale, yüksek IQ’ya sahip olmanın Hollywood’daki kariyerinde handikap oluşturduğunu düşündüğünü söyledi. 
Fotoğraf: Reuters
Ülkesinin dünyaca ünlü saygın eğitim kurumu Oxford Üniversitesi’nde Fransız ve Rus edebiyatı okurken üçüncü sınıfta oyunculuk için bırakan Beckinsale, Howard Stern’e verdiği röportajda IQ puanının 152 olduğunu açıkladı. 




Bu üstün zekalılar arasında yer aldığı anlamına geliyor. ABD’deki, sağlık bilgileri sağlayıcısı web sitesi Healthline’a göre toplumdaki bireylerin ortalama IQ puanı 85-115 arasında. Beckinsale gibiler toplumun en üst seviyedeki grubunu, yüzde 1’ini oluşturuyor. 
Ancak Paramount+’ta yayınlanan ‘Guilty Party’de rol alan Beckinsale’in söylediklerine bakılırsa yüksek IQ onun kariyerinde ve özel yaşamında bir ödülden çok engel teşkil etti. Bu konuda sohbet ettiği her doktorun, her tanıdığının, “Yüzde 30 daha az zeki olsaydın daha mutlu olurdun” dediğini anlatan oyuncu, üstün zekasının kariyerine etkisini ise şu sözlerle anlattı: “Kariyerimde IQ’mun yardımını görmedim. Aslında tam tersine bir handikap oluşturmuş olabileceğini düşünüyorum.”
Yaşıtlarının yakaladığı başarıyı yakalayamamasında yüksek IQ puanının etken olduğunu düşünen, 1990’lardan beri ABD’de yaşayan Beckinsale’in, ‘Prisoner’s Daughter’ adlı son filmini çekerken beli sakatlanmış, geçen ay hastanede tedavi görmüştü.","https://www.diken.com.tr/kate-beckinsale-yuksek-iq-kariyerimde-handikap-oldu/","Direct2","True","10","2021","en","The British actress Kate Beckinsale explained that having a high IQ is a handicap in her career in Hollywood. Photo: Reuters. The country's world-famous prestigious educational institution, Beckinsale, who left French and Russian literature for acting in the third grade at Oxford University, explained that the IQ score was 152.","Kate Beckinsale: A handicap in my high IQ career","{'event_type': 'professional_cultural_exchange', 'model_outputs': {'-999': -0.7060449123382568, 'arms_transfer_security_aid_assistance': 0.665816068649292, 'bribery_economic_corruption': 0.6156925559043884, 'diaspora_activation': 0.07681185007095337, 'diplomatic_mediation': -1.6261423826217651, 'diplomatic_recognition': -1.3671724796295166, 'diplomatic_sanction': 1.0563234090805054, 'diplomatic_statement': -0.16835325956344604, 'diplomatic_visit': 0.7860631942749023, 'economic_aid_assistance': -0.5103272795677185, 'intelligence_counterintelligence': -0.0958893671631813, 'investment': 0.36424708366394043, 'joint_security_force_exercise': 0.5285394191741943, 'media_campaign_intervention': 0.4665313959121704, 'social_academic_cultural_activity': -0.3666973114013672, 'political_process_policy_intervention': 0.7003520727157593, 'professional_cultural_exchange': 5.289292335510254, 'security_cooperation': -0.804755687713623, 'security_force_facility_presence': -1.219956636428833, 'official_security_force_facility_presence': -0.6915648579597473, 'surveillance': 0.43162018060684204, 'tech_transfer_investment': 0.7288674712181091, 'trade_agreement_exchange': -1.9010839462280273, 'trade_financial_sanction': 0.9827697277069092, 'transnational_organization_crime': -0.6454062461853027}}","{'USA': ['Hollywood']}","{'event_type': '-999', 'model_outputs': {'arrest': -0.28913041949272156, 'protest': -0.5709337592124939, 'legalaction': 0.2016429752111435, 'disaster': 0.1958150863647461, 'censor': -0.07315932214260101, 'electionactivity': 0.30146193504333496, 'electionirregularities': -1.107814908027649, 'activism': -1.0287020206451416, 'martiallaw': -0.886198878288269, 'cooperate': -0.2118959128856659, 'coup': -0.8356764316558838, 'violencenonlethal': 0.3723325729370117, 'violencelethal': -0.9881596565246582, 'corruption': -0.4767291843891144, 'legalchange': 0.17259101569652557, 'mobilizesecurity': -1.0269149541854858, 'purge': 0.055644042789936066, 'threaten': -0.24988707900047302, 'raid': -1.406968593597412, '-999': 10.201736450195312}}","{'result': 'No', 'model_outputs': {'Yes': -2.107301950454712, 'No': 1.6358439922332764}}","","","","",NA,"","","Turkey"
"59210","431","632d29852cc5f09f0ab51eda","[]","2022-09-22 23:35:33.118",NA,"2022-02-15 12:34:00","A kínai külügyminisztérium szóvivője kedden úgy vélekedett, hogy felelőtlenség hangulatkeltő kijelentéseket tenni az ukrajnai helyzet kapcsán, miután a világ legfejlettebb iparosodott országait tömörítő G7-csoport hétfőn gazdasági szankciókat helyezett kilátásba Oroszország ellen arra az esetre, ha megtámadná Ukrajnát.","https%3A%2F%2Fdemokrata.hu%2Fvilag%2Fpeking-felelotlenseg-hangulatkelto-kijelenteseket-tenni-ukrajna-kapcsan-488420%2F.json","https://demokrata.hu/wp-content/uploads/2022/02/1200x630/shutterstock1881842704.jpg","hu","Peking: felelőtlenség hangulatkeltő kijelentéseket tenni Ukrajna kapcsán",NA,NA,"demokrata.hu","A kínai külügyminisztérium szóvivője kedden úgy vélekedett, hogy felelőtlenség hangulatkeltő kijelentéseket tenni az ukrajnai helyzet kapcsán, miután a világ legfejlettebb iparosodott országait tömörítő G7-csoport hétfőn gazdasági szankciókat helyezett kilátásba Oroszország ellen arra az esetre, ha megtámadná Ukrajnát. Vang Ven-pin külügyi szóvivő sajtótájékoztatóján arra szólította fel a feleket, hogy méltányos és nyílt módon teremtsék meg a szükséges körülményeket a helyzet politikai rendezésére. Hangsúlyozta: a konfrontáció támogatása a hidegháborús taktikához történő visszalépés lenne.Vang egy nappal korábban arról is beszámolt, hogy Kína Ukrajnában állomásozó diplomáciai kirendeltségei a megszokott módon üzemelnek. A kijevi kínai nagykövetség mindazonáltal felhívásban figyelmeztette az Ukrajnában tartózkodó kínai állampolgárokat és intézményeket, hogy kísérjék figyelemmel a helyzet alakulását, és fokozott körültekintéssel járjanak el – tette hozzá.Amerikai tisztségviselők az elmúlt napokban azt mondták: hírszerzési értesüléseik azt sugallják, hogy Oroszország „bármelyik pillanatban” dönthet Ukrajna megszállásáról. Washington szerint az ukrán határ mentén felsorakozó orosz katonák száma eléri a 130 ezret. Oroszország ugyanakkor visszautasítja a nyugati vádat, hogy meg akarná támadni Ukrajnát.Hszi Csin-ping kínai elnök február 4-én Pekingben fogadta Vlagyimir Putyin orosz elnököt, megbeszélésüket követően pedig közös közleményben sürgették a NATO terjeszkedésének leállítását. Január végén Vang Ji kínai külügyminiszter Oroszország „jogos aggályainak” orvoslását sürgette Ukrajna kapcsán Antony Blinken amerikai külügyminiszterrel folytatott telefonos egyeztetésekor.","https://demokrata.hu/vilag/peking-felelotlenseg-hangulatkelto-kijelenteseket-tenni-ukrajna-kapcsan-488420/","Direct2","True","2","2022","en","On Tuesday, the spokesperson of the Chinese Ministry of Foreign Affairs said that it was irresponsible to make sentimental statements about the situation in Ukraine after the G7 group of the world's most advanced industrialised countries proposed economic sanctions against Russia on Monday in case of attacking Ukraine. Vang Ven-pin at a press conference called on the parties to create the necessary conditions in a fair and open manner for the political settlement of the situation.","Beijing: irresponsible to make moody statements about Ukraine","{'event_type': 'diplomatic_statement', 'model_outputs': {'-999': -0.44993993639945984, 'arms_transfer_security_aid_assistance': -0.7180159091949463, 'bribery_economic_corruption': -1.594106674194336, 'diaspora_activation': -0.9006560444831848, 'diplomatic_mediation': 1.202568769454956, 'diplomatic_recognition': -0.7739977836608887, 'diplomatic_sanction': -0.8326696157455444, 'diplomatic_statement': 9.333776473999023, 'diplomatic_visit': 1.2196320295333862, 'economic_aid_assistance': -0.41999149322509766, 'intelligence_counterintelligence': -0.8481051325798035, 'investment': -1.0707144737243652, 'joint_security_force_exercise': -1.9354133605957031, 'media_campaign_intervention': -0.8679517507553101, 'social_academic_cultural_activity': -0.6442793607711792, 'political_process_policy_intervention': -0.09420250356197357, 'professional_cultural_exchange': -1.227830171585083, 'security_cooperation': 0.8432272672653198, 'security_force_facility_presence': -0.004796028137207031, 'official_security_force_facility_presence': -1.077485203742981, 'surveillance': -0.49815821647644043, 'tech_transfer_investment': -0.17816492915153503, 'trade_agreement_exchange': -0.12129124253988266, 'trade_financial_sanction': 0.043546319007873535, 'transnational_organization_crime': -0.9153039455413818}}","{'UKR': ['Ukraine'], 'RUS': ['Russian Federation'], 'CHN': ['Beijing']}","{'event_type': '-999', 'model_outputs': {'arrest': -0.6264868974685669, 'protest': 0.026449214667081833, 'legalaction': -0.8750890493392944, 'disaster': 0.563545823097229, 'censor': -0.5813125371932983, 'electionactivity': 0.5073317289352417, 'electionirregularities': -1.2461673021316528, 'activism': -0.3592686355113983, 'martiallaw': -0.9758617877960205, 'cooperate': 0.16587767004966736, 'coup': -1.240917444229126, 'violencenonlethal': 0.6787559390068054, 'violencelethal': -0.8590385913848877, 'corruption': -0.7303491234779358, 'legalchange': 0.15692639350891113, 'mobilizesecurity': -0.935303807258606, 'purge': -0.5792276859283447, 'threaten': 0.4631913900375366, 'raid': -1.5826129913330078, '-999': 9.964190483093262}}","{'result': 'Yes', 'model_outputs': {'Yes': 0.8174728751182556, 'No': -0.6749801635742188}}","",NA,"","",NA,"","","Hungary"
"128708","4458","624756fef13d32109aad0677","","","","2022-02-28 14:15:00","","","","ru","Ядерна зброя: Шойгу вже виконав наказ Путіна","",NA,"pravda.com.ua","Міністр оборони Росії Сергій Шойгу доповів президенту РФ Володимиру Путіну, що пункти управління Ракетних військ РФ приступили до служби у посиленому складі.Джерело: ЗМІ, що контролюються російською владою, ""РІА Новини""Дослівно: ""Шойгу доповів Путіну, що відповідно до його наказу чергові зміни пунктів управління ракетних військ стратегічного призначення, Північного і Тихоокеанського флотів, командування далекої авіації приступили до несення бойового чергування посиленим складом"".Що було раніше: 27 лютого Путін наказав перевести сили стримування в особливий режим бойового чергування.У Пентагоні у відповідь заявили, що Сполучені Штати здатні захистити себе, своїх союзників та партнерів.War in Ukraine (News in English)Засновник проекту: Георгій ГонгадзеГоловний редактор: Севгіль МусаєваРедактор-засновник: Олена ПритулаE-mail редакції: editor@pravda.com.ua","https://www.pravda.com.ua/news/2022/02/28/7326828/","","True","2","2022","en","Mr. Sergius Schoig, the Russian Defense Secretary, followed by Russian President Volodymir Putien, who also managed Raketnih, the Russian Federation, to the service of the powerful warehouse.","Schoigou, like the Viconaw punishment of Putin.","{'event_type': '-999', 'model_outputs': {'-999': -0.6900959014892578, 'arms_transfer_security_aid_assistance': -0.8066534399986267, 'bribery_economic_corruption': -0.6419711709022522, 'diaspora_activation': -0.07612228393554688, 'diplomatic_mediation': -0.5023144483566284, 'diplomatic_recognition': -0.7227482795715332, 'diplomatic_sanction': 1.5744481086730957, 'diplomatic_statement': 6.528406143188477, 'diplomatic_visit': 2.9886860847473145, 'economic_aid_assistance': -1.0354998111724854, 'intelligence_counterintelligence': -0.5843017101287842, 'investment': -1.032726764678955, 'joint_security_force_exercise': -1.3250987529754639, 'media_campaign_intervention': -0.41062700748443604, 'social_academic_cultural_activity': -0.44830530881881714, 'political_process_policy_intervention': -0.03425559401512146, 'professional_cultural_exchange': 0.7758520841598511, 'security_cooperation': 0.09670453518629074, 'security_force_facility_presence': -0.6787980794906616, 'official_security_force_facility_presence': -1.4860907793045044, 'surveillance': -1.0432591438293457, 'tech_transfer_investment': -0.9667519330978394, 'trade_agreement_exchange': -1.4166357517242432, 'trade_financial_sanction': 2.8344368934631348, 'transnational_organization_crime': -1.6244118213653564}}","{'RUS': ['Russian Federation']}","{'event_type': '-999', 'model_outputs': {'arrest': 0.43206197023391724, 'protest': 0.0003400743007659912, 'legalaction': 1.519904613494873, 'disaster': -0.635242223739624, 'censor': -0.4142078161239624, 'electionactivity': -0.1449001282453537, 'electionirregularities': -1.4110279083251953, 'activism': -1.1475889682769775, 'martiallaw': -0.7348987460136414, 'cooperate': -0.6664115190505981, 'coup': -1.0131745338439941, 'violencenonlethal': 0.14534924924373627, 'violencelethal': -1.272430181503296, 'corruption': -0.05423826724290848, 'legalchange': 0.2149689644575119, 'mobilizesecurity': -1.258336067199707, 'purge': -0.7770572304725647, 'threaten': 0.7679781317710876, 'raid': -1.5003702640533447, '-999': 9.335418701171875}}","{'result': 'No', 'model_outputs': {'Yes': -1.5820451974868774, 'No': 0.9975713491439819}}","","","","","","","","Ukraine"
"23085","5094","63e58c379e33bcc0ca835937","[]","2023-02-09 19:13:43.912",NA,"2022-05-02 18:00:40","Индийская Tata Steel отказалась от угля из России. Британское издание располагает данными, что индийская компания приняла решение об отказе, даже несмотря на острый дефицит угля в стране. Мир. Tata Steel.","https%3A%2F%2Fzerkalo.az%2Findijskaya-tata-steel-otkazalas-ot-uglya-iz-rossii%2F.json","https://cdn.zerkalo.az/2022/05/tata.jpg","ru","Индийская Tata Steel отказалась от угля из России",NA,NA,"zerkalo.az","Индийская Tata Steel, входящая в десятку крупнейших в мире компаний в этой сфере по объему произведенной стали, приняла решение о прекращении импорта угля из России. По сведениям британской газеты Financial Times (FT), такое решение связано с нежеланием сталелитейной компании попасть под западные санкции.
Британское издание располагает данными, что индийская компания приняла решение об отказе, даже несмотря на острый дефицит угля в стране.
Согласно информации, около 70% электрогенерации в Индии приходится на уголь. Запасы этого вида топлива в стране оказались наполовину ниже по сравнению со средними показателями для нынешнего времени года. Всему виной стала рекордная жара в Индии.
Власти уже предупредили жителей Индии о перебоях в подаче электроэнергии на важных объектах, включая больницы и метро. Известно, что Tata Steel успела импортировать 617 тыс. тонн российского угля до начала войны в Украине, отметили в FT.","https://zerkalo.az/indijskaya-tata-steel-otkazalas-ot-uglya-iz-rossii/","Direct2","True","5","2022","en","The Indian Tata Steel, which is one of the top ten steel companies in the world, has decided to stop imports of coal from Russia. According to the British newspaper Financial Times (FT), this is due to the reluctance of the steel company to be subject to Western sanctions.","Indian Tata Steel abandoned coal from Russia","{'event_type': 'investment', 'model_outputs': {'-999': -0.3458094000816345, 'arms_transfer_security_aid_assistance': -1.2032212018966675, 'bribery_economic_corruption': -0.4371917247772217, 'diaspora_activation': -0.16660650074481964, 'diplomatic_mediation': -0.6995307803153992, 'diplomatic_recognition': -0.6613450050354004, 'diplomatic_sanction': -0.6758450269699097, 'diplomatic_statement': 0.2860993444919586, 'diplomatic_visit': -0.6497443914413452, 'economic_aid_assistance': 0.011447355151176453, 'intelligence_counterintelligence': -0.24948209524154663, 'investment': 9.057938575744629, 'joint_security_force_exercise': -0.6613031625747681, 'media_campaign_intervention': -0.49251997470855713, 'social_academic_cultural_activity': -0.5802057981491089, 'political_process_policy_intervention': -0.4575446844100952, 'professional_cultural_exchange': -0.1336275190114975, 'security_cooperation': 0.38724398612976074, 'security_force_facility_presence': -0.43460267782211304, 'official_security_force_facility_presence': 0.14800342917442322, 'surveillance': -0.3924240171909332, 'tech_transfer_investment': 0.4635443389415741, 'trade_agreement_exchange': -0.7505781054496765, 'trade_financial_sanction': -0.14192940294742584, 'transnational_organization_crime': -0.438516229391098}}","{'RUS': ['Russian Federation']}","{'event_type': '-999', 'model_outputs': {'arrest': -0.7010468244552612, 'protest': -0.11462187767028809, 'legalaction': -0.939186692237854, 'disaster': 1.1853060722351074, 'censor': -0.632445216178894, 'electionactivity': 0.032577142119407654, 'electionirregularities': -1.544140338897705, 'activism': -0.23822353780269623, 'martiallaw': -1.2909622192382812, 'cooperate': 1.0054891109466553, 'coup': -1.2537168264389038, 'violencenonlethal': 0.35296016931533813, 'violencelethal': -0.656098484992981, 'corruption': -0.5915688872337341, 'legalchange': -0.13191261887550354, 'mobilizesecurity': -0.7071714997291565, 'purge': -0.4665091931819916, 'threaten': 0.17301446199417114, 'raid': -1.6121631860733032, '-999': 9.883247375488281}}","{'result': 'No', 'model_outputs': {'Yes': -1.8353523015975952, 'No': 1.263693928718567}}","","","","","","","","Azerbaijan"
"54978","2049","632bd8c8f0f033903a3200a3","['Szerző']","2022-09-21 23:38:48.870",NA,"2022-03-06 13:01:00","Az oroszok szerint Ukrajna néhány hónapra volt attól, hogy saját nukleáris fegyverük legyen.","https%3A%2F%2F168.hu%2Fkulfold%2Ftobb-mint-ketezer-ukran-katonai-infrastuktura-megsemmisiteserol-szamolt-be-oroszorszag-228522.json","https://168.hu/data/kepek_220306/K_EPA20220305149_focuspointcut_600100010x314100010.jpg","hu","Több mint kétezer ukrán katonai infrastruktúra megsemmisítéséről számolt be Oroszország",NA,NA,"168.hu","Az oroszok szerint Ukrajna néhány hónapra volt attól, hogy saját nukleáris fegyverük legyen.. Az orosz haderő az Ukrajna ellen elindított háború kezdete óta az ukrán katonai infrastruktúra 2203 objektumát semmisítette meg – közölte vasárnap Igor Konasenkov vezérőrnagy, az orosz védelmi minisztérium szóvivője.

 
Konasenkov azt mondta, hogy az elmúlt egy nap alatt tíz ukrán vadászgépet, harci helikoptert és hat drónt semmisítettek meg, valamint hogy rakétacsapással megsemmisítettek egy Sz-300-as rakétavédelmi rendszert és egy katonai repülőteret. Tájékoztatása szerint az általa „különleges hadműveletként” emlegetett háború kezdete óta 69 ukrán gép semmisült meg a földön, 24 pedig a levegőben.A szóvivő által ismertetett orosz hadijelentésben szerepelt még 111 megsemmisített légvédelmi rakétarendszer, 71 lokátorállomás, 778 harckocsi és páncélozott harcjármű, 77 rakéta-sorozatvető, 279 ágyú és aknavető, 553 különleges jármű és 62 pilóta nélküli repülőgép.Eduard Baszurin, a donyecki „népi milícia” parancsnokhelyettese bejelentette, hogy a körülvett Mariupolnál és Volnovahánál az orosz hadsereg által támogatott szakadár erők ismét humanitárius folyosót nyitottak a távozni akaró polgári lakosok számára. Kifejezte abbéli reményét, hogy az ukrán parancsnokok kiengedik a menekülni akarókat. Szombaton történt már egy hasonló kísérlet a humanitárius folyosók megnyitására. A kudarcért a szembenálló felek egymást tették felelőssé.Három orosz állami hírügynökség, a TASZSZ, az Interfax és a RIA Novosztyi is idézett vasárnap egy névtelenül nyilatkozó, az orosz Külső Hírszerző Szolgálatra (SZVR) is hivatkozó forrást, amely azt állította, hogy Ukrajna, két évtizedig tartó titkos nukleáris és fejlesztések nyomán, mindössze „néhány hónapra volt attól”, hogy minden feltétele meglegyen saját nukleáris fegyvere kifejlesztéséhez. Az egyik kompetens szervet képviselő, „jól értesült” informátor szerint a 2014 után felgyorsult programja keretei között Kijev mind uránium, mind plutónium alapú nukleáris robbanószerkezet kifejlesztésén dolgozott.






Napi horoszkóp, 2022. szeptember 22.: A Kos furcsa módon jut pénzhez, az Ikrek életében sikerszéria veszi kezdetétKíváncsi vagy, mi vár rád ma a munkahelyeden vagy a szerelemben csütörtökön? Íme az Elle napi horoszkópja!Merész videó: Madonna vadul csókolózott egy 26 éves nővel Madonna új klipje elég merészre sikeredett.  
A feltételes módot gyakran használó illetékes az állította, hogy a kezdeti szakaszban Ukrajna az Egyesült Államoktól kapott „megfelelő minőségű” plutóniumot, és egyéb technológiákat is beszerezhetett titokban Nyugatról. Az informátor, aki kijevi, harkivi, odesszai és lembergi tudományos intézeteket is megemlített a fegyverprogram részvevői között, azt hangoztatta, hogy a csernobili zónában, ahol megemelkedett a sugárzási háttér, titokban végezték az ilyen munkát: „piszkos bomba” előállítását és a plutónium leválasztását.A rakétafejlesztésben az orosz hírügynökségek által egyhangúlag terjesztett anyag szerint Ukrajna Törökországgal és Szaúd-Arábiával működött együtt.(Kiemelt képünk: Az ukrán rendkívüli helyzetek állami szolgálata által közreadott kép egy lelőtt orosz repülőgép maradványairól az észak-ukrajnai Csernyihivben 2022. március 5-én. Fotó: MTI/EPA/Az ukrán rendkívüli helyzetek állami szolgálata)","https://168.hu/kulfold/tobb-mint-ketezer-ukran-katonai-infrastuktura-megsemmisiteserol-szamolt-be-oroszorszag-228522","Direct2","True","3","2022","en","According to the Russians, Ukraine was a few months away from having its own nuclear weapon. Since the beginning of the war against Ukraine, the Russian forces have destroyed 2203 objects of Ukrainian military infrastructure. On Sunday, Maj-Gen Igor Konasenkov, spokesperson of the Russian Ministry of Defence.... Konasenkov said that ten Ukrainian fighters, combat helicopters and six drones have been destroyed in the last day and that","Russia reported on the destruction of more than two thousand Ukrainian military infrastructure","{'event_type': 'security_force_facility_presence', 'model_outputs': {'-999': -0.30271297693252563, 'arms_transfer_security_aid_assistance': 0.241245836019516, 'bribery_economic_corruption': -0.8861520886421204, 'diaspora_activation': -0.26799947023391724, 'diplomatic_mediation': -0.36723244190216064, 'diplomatic_recognition': -1.84542715549469, 'diplomatic_sanction': -1.5810573101043701, 'diplomatic_statement': 3.555938482284546, 'diplomatic_visit': -1.0192148685455322, 'economic_aid_assistance': -0.3414428234100342, 'intelligence_counterintelligence': -1.5224871635437012, 'investment': 0.26899078488349915, 'joint_security_force_exercise': -0.8374127149581909, 'media_campaign_intervention': -0.6531981825828552, 'social_academic_cultural_activity': -0.3528539836406708, 'political_process_policy_intervention': -1.2638680934906006, 'professional_cultural_exchange': -0.8830305933952332, 'security_cooperation': 1.8363831043243408, 'security_force_facility_presence': 7.731302261352539, 'official_security_force_facility_presence': -1.0623122453689575, 'surveillance': 0.6754095554351807, 'tech_transfer_investment': -0.7520203590393066, 'trade_agreement_exchange': -1.3160464763641357, 'trade_financial_sanction': -1.4189002513885498, 'transnational_organization_crime': -0.047619327902793884}}","{'RUS': ['Russian Federation'], 'UKR': ['Ukraine']}","{'event_type': 'violencenonlethal', 'model_outputs': {'arrest': -1.3189537525177002, 'protest': -0.5672247409820557, 'legalaction': 0.21643713116645813, 'disaster': 0.9499242305755615, 'censor': -0.9017601013183594, 'electionactivity': -1.3594350814819336, 'electionirregularities': -1.22292959690094, 'activism': -1.2072601318359375, 'martiallaw': -1.5040524005889893, 'cooperate': -1.927945852279663, 'coup': -0.27045178413391113, 'violencenonlethal': 8.024371147155762, 'violencelethal': 1.4912025928497314, 'corruption': 0.002506174147129059, 'legalchange': -1.9443895816802979, 'mobilizesecurity': -0.6040941476821899, 'purge': -1.4569436311721802, 'threaten': -0.6554088592529297, 'raid': 1.3261065483093262, '-999': 2.670156478881836}}","{'result': 'Yes', 'model_outputs': {'Yes': 0.988358736038208, 'No': -0.8498369455337524}}","","","","","","","","Hungary"
"12267","1324","63e1f20bd42c551a055f64f4","[]","2023-02-07 01:39:07.921",NA,"2021-11-05",NA,"https%3A%2F%2Fazeritimes.com%2F2021%2F11%2F25%2Fbloomberg-opec-expects-released-oil-stockpiles-to-create-oversupply-in-market%2F.json","https://azeritimes.com/wp-content/uploads/2021/11/5f457214-fdc8-388c-bf3c-c06e9a900ae5_490.jpg","en","Bloomberg: OPEC expects released oil stockpiles to create oversupply in market",NA,NA,"azeritimes.com","OPEC expects that oil stockpiles released by consuming nations could massively swell the surplus in global markets, Report informs referring to Bloomberg.
The projections from OPEC’s advisory body – the Economic Commission Board – come a week before the group and its allies meet to decide whether to increase production.
Some delegates from the Organization of Petroleum Exporting Countries and its partners have indicated they could cancel an output hike scheduled for January if inventories deployed by the US and others overwhelm the market. The ECB’s projections would bolster the case of countries lobbying for such a pause.
The excess in world markets would expand by 1.1 million barrels a day in January and February to 2.3 million and 3.7 million a day, respectively, if 66 million barrels are injected over the two-month period, according to a document obtained by Bloomberg.
President Joe Biden orchestrated the multi-national stockpile release announced on November 23 to calm raging gasoline prices after OPEC+ – led by Saudi Arabia and Russia – ignored calls to revive production more quickly.
The 23-nation OPEC+ coalition is due to meet on December 1 and 2 to decide whether to add 400,000 barrels a day in January as it continues to revive supplies halted during the pandemic.
Subscribe to our Twitter page","https://azeritimes.com/2021/11/25/bloomberg-opec-expects-released-oil-stockpiles-to-create-oversupply-in-market/","Direct2","True","11","2021","en","OPEC expects that oil stockpiles released by consuming nations could massively swell the surplus in global markets, Report informs referring to Bloomberg.
The projections from OPEC’s advisory body – the Economic Commission Board – come a week before the group and its allies meet to decide whether to increase production.
Some delegates from the Organization of Petroleum Exporting Countries and its partners have indicated they could cancel an output hike scheduled for January if inventories deployed by the US and others overwhelm the market. The ECB’s projections would bolster the case of countries lobbying for such a pause.
The excess in world markets would expand by 1.1 million barrels a day in January and February to 2.3 million and 3.7 million a day, respectively, if 66 million barrels are injected over the two-month period, according to a document obtained by Bloomberg.
President Joe Biden orchestrated the multi-national stockpile release announced on November 23 to calm raging gasoline prices after OPEC+ – led by Saudi Arabia and Russia – ignored calls to revive production more quickly.
The 23-nation OPEC+ coalition is due to meet on December 1 and 2 to decide whether to add 400,000 barrels a day in January as it continues to revive supplies halted during the pandemic.
Subscribe to our Twitter page","Bloomberg: OPEC expects released oil stockpiles to create oversupply in market","{'event_type': 'trade_financial_sanction', 'model_outputs': {'-999': -0.624748945236206, 'arms_transfer_security_aid_assistance': 0.8974496722221375, 'bribery_economic_corruption': -0.06115802377462387, 'diaspora_activation': -1.2111355066299438, 'diplomatic_mediation': -0.9375535845756531, 'diplomatic_recognition': -1.0139892101287842, 'diplomatic_sanction': -0.5573351383209229, 'diplomatic_statement': 1.2924418449401855, 'diplomatic_visit': 0.45980334281921387, 'economic_aid_assistance': -0.04664742574095726, 'intelligence_counterintelligence': -0.7837889790534973, 'investment': 0.7063207626342773, 'joint_security_force_exercise': -1.3032445907592773, 'media_campaign_intervention': -0.5731719732284546, 'social_academic_cultural_activity': -0.5157510042190552, 'political_process_policy_intervention': -1.2246465682983398, 'professional_cultural_exchange': -0.4288763105869293, 'security_cooperation': 0.5792771577835083, 'security_force_facility_presence': -1.2689387798309326, 'official_security_force_facility_presence': -1.3681905269622803, 'surveillance': 0.23457282781600952, 'tech_transfer_investment': -0.6198678612709045, 'trade_agreement_exchange': 0.2421533465385437, 'trade_financial_sanction': 8.567625999450684, 'transnational_organization_crime': -1.126559853553772}}","{'USA': ['United States'], 'SAU': ['Kingdom of Saudi Arabia'], 'RUS': ['Russian Federation']}","{'event_type': '-999', 'model_outputs': {'arrest': -0.9238274097442627, 'protest': -0.47208738327026367, 'legalaction': -0.7784388065338135, 'disaster': 1.797446846961975, 'censor': -0.27532777190208435, 'electionactivity': -0.27837714552879333, 'electionirregularities': -1.5901837348937988, 'activism': -0.45941126346588135, 'martiallaw': -0.4657449424266815, 'cooperate': 1.599149227142334, 'coup': -1.0756306648254395, 'violencenonlethal': -0.3832455277442932, 'violencelethal': -0.6436078548431396, 'corruption': -0.8033685684204102, 'legalchange': 0.5326627492904663, 'mobilizesecurity': -0.665225088596344, 'purge': -0.22830557823181152, 'threaten': 0.03324997425079346, 'raid': -1.6563606262207031, '-999': 9.502005577087402}}","{'result': 'No', 'model_outputs': {'Yes': -1.1953281164169312, 'No': 0.8464410305023193}}","","","","","","","","Azerbaijan"
"9788","787","63e43d6a09467b8e20d57325","[]","2023-02-08 19:25:14.585",NA,"2022-04-13",NA,"https%3A%2F%2Fabzas.org%2F2022%2F4%2Fzelenski-medvedcuku-rusiya-%25C9%2599sirliyind%25C9%2599ki-ukraynalilarla-d%25C9%2599yism%25C9%2599yi-t%25C9%2599klif-edir%25C9%2599m%2F.json","https://s3.eu-central-1.amazonaws.com/abzasmedia/media/featured_images/2022/07/02/medvedcuk.bmp","az","Zelenski: ""Medvedçuku Rusiya əsirliyindəki ukraynalılarla dəyişməyi təklif edirəm""",NA,NA,"abzas.org","Ukrayna Prezidenti Volodimir Zelenski Rusiya hakimiyyətinə dünən həbs olunmuş deputat Viktor Medvedçuku əsir götürülmüş ukraynalılarla dəyişməyi təklif edib. Bu barədə Ukrayna Prezidenti Volodimir Zelenski aprelin 12-də “Telegram” kanalında yayımladığı video-müraciətində bildirib. Zelenski Medvedçukun gizlənmək üçün hərbi kamuflyajı istifadə etməsini “xüsusi həyasızlıq” adlandırıb: “Onu Rusiya əsirliyində olan oğlan və qızlarımızla dəyişməyi təklif edirəm. Rus hüquq-mühafizə orqanlarının və hərbçilərin də bu ehtimalı nəzərə alması vacibdir”.","https://abzas.org/2022/4/zelenski-medvedcuku-rusiya-%C9%99sirliyind%C9%99ki-ukraynalilarla-d%C9%99yism%C9%99yi-t%C9%99klif-edir%C9%99m/","Direct2","True","4","2022","en","The President of Ukraine Volodymyr Zelenskiy suggested to the Russian authorities to exchange the MP Viktor Medvedchuk, who was arrested yesterday, with captured Ukrainians. The President of Ukraine Volodymyr Zelensky announced this in his video address on April 12 on the Telegram channel. Zelensky called Medvedchuk's use of military camouflage to hide ""special shamelessness"": I suggest to exchange him with our boys and girls in Russian captivity. It is important that the Russian law enforcement agencies and the military take this possibility into account.""","Zelensky: ""I propose to exchange Medvedchuk for Ukrainians in Russian captivity""","{'event_type': 'security_cooperation', 'model_outputs': {'-999': -0.5818089842796326, 'arms_transfer_security_aid_assistance': 1.2895629405975342, 'bribery_economic_corruption': -1.3009706735610962, 'diaspora_activation': -0.406593918800354, 'diplomatic_mediation': -0.1434325873851776, 'diplomatic_recognition': 0.6428031325340271, 'diplomatic_sanction': 0.2056017965078354, 'diplomatic_statement': 3.033071756362915, 'diplomatic_visit': 0.14262792468070984, 'economic_aid_assistance': -0.6202589869499207, 'intelligence_counterintelligence': -0.11197581887245178, 'investment': -0.5931087732315063, 'joint_security_force_exercise': -0.3044792711734772, 'media_campaign_intervention': -0.8749792575836182, 'social_academic_cultural_activity': -0.12276020646095276, 'political_process_policy_intervention': -1.8183577060699463, 'professional_cultural_exchange': -0.6968954801559448, 'security_cooperation': 8.634517669677734, 'security_force_facility_presence': 1.0961904525756836, 'official_security_force_facility_presence': -1.6254606246948242, 'surveillance': -1.1562079191207886, 'tech_transfer_investment': -0.6859100461006165, 'trade_agreement_exchange': -0.4645453095436096, 'trade_financial_sanction': -0.8518391847610474, 'transnational_organization_crime': -0.6380652189254761}}","{'UKR': ['Ukraine']}","{'event_type': '-999', 'model_outputs': {'arrest': -0.5564984083175659, 'protest': -0.8788615465164185, 'legalaction': 0.69318026304245, 'disaster': -1.0915262699127197, 'censor': -1.59759521484375, 'electionactivity': 0.21640484035015106, 'electionirregularities': -1.3526743650436401, 'activism': -1.2714526653289795, 'martiallaw': -1.6263115406036377, 'cooperate': 2.980226993560791, 'coup': -0.9751293659210205, 'violencenonlethal': 0.18163971602916718, 'violencelethal': -0.9637991189956665, 'corruption': 0.350724458694458, 'legalchange': -0.26778483390808105, 'mobilizesecurity': -0.9271073341369629, 'purge': 0.03768464922904968, 'threaten': 0.30045080184936523, 'raid': -1.6819463968276978, '-999': 8.914328575134277}}","{'result': 'No', 'model_outputs': {'Yes': -0.7833784818649292, 'No': 0.5323401093482971}}","","","","","","","","Azerbaijan"
"80123","9943","651488dc6df8fb60784dbea7","[]","2023-09-27 15:56:12.303",NA,"2022-06-29 22:01:00","Sot është raportuar për shkëmbimin e të burgosurve që duket se ka ndodhur mes palëve ndërluftuese sot.

Më herët raportuam se Ukraina kishte thënë se kishte marrë 144 ushtarë...","https%3A%2F%2Fwww.botasot.info%2Fbota%2F1833527%2Fluftetaret-rebele-te-perfshire-ne-shkembimin-e-te-burgosurve%2F.json","https://botasot.info/media/botasot.info/images/2022/June/29/auto_60a91edf-5a71-412f-842c-b8414dec201f1656532910.jpg","sq","Luftëtarët rebelë të përfshirë në shkëmbimin e të burgosurve!",NA,NA,"botasot.info","Sot është raportuar për shkëmbimin e të burgosurve që duket se ka ndodhur mes palëve ndërluftuese sot.
 Më herët raportuam se Ukraina kishte thënë se kishte marrë 144 ushtarë nga Rusia, shumë prej tyre me lëndime të rënda.
 Tani, kreu i luftëtarëve rebelë të mbështetur nga Rusia në rajonin Donetsk të Ukrainës ka thënë se forcat e tij ishin të përfshira në shkëmbim.
 Duke shkruar në Telegram, Denis Pushilin, kreu i Republikës së vetëshpallur Popullore të Donetskut tha: ""Sot po kthejmë në shtëpi 144 luftëtarë të Republikës Popullore të Donetskut dhe Federatës Ruse, të cilët ishin kapur nga armiku.
 “Ne i dorëzuam Kievit po aq të burgosur nga formacionet e armatosura të Ukrainës, shumica e të cilëve janë të plagosur”.
 Pushilin tha se disa nga të burgosurit e luftës të liruar ukrainas ishin anëtarë të ""batalioneve nacionaliste"" të cilët kishin lëndime të rënda, të tilla si amputime të gjymtyrëve.","https://www.botasot.info/bota/1833527/luftetaret-rebele-te-perfshire-ne-shkembimin-e-te-burgosurve/","Direct2","True","6","2022","en","Today it was reported on the exchange of prisoners who seem to have occurred among the warring parties today, and earlier we reported that Ukraine had claimed to have taken 144 soldiers from Russia, many of them with serious injuries; now, the head of Russia's self - proclaimed People's Republic of Donentsk, Ukraine, said: ""By writing on the telegram, Dennis Pushilin, the head of the self - proclaimed Donetsk People's Republic, he said","Rebellious warriors involved in the exchange of prisoners!","{'event_type': 'security_cooperation', 'model_outputs': {'-999': -0.5616335272789001, 'arms_transfer_security_aid_assistance': 0.4255273938179016, 'bribery_economic_corruption': -0.8536401987075806, 'diaspora_activation': -0.5139800310134888, 'diplomatic_mediation': -0.31186485290527344, 'diplomatic_recognition': -0.26011908054351807, 'diplomatic_sanction': -0.6359394192695618, 'diplomatic_statement': 2.3391456604003906, 'diplomatic_visit': 0.4861915409564972, 'economic_aid_assistance': -0.7794986367225647, 'intelligence_counterintelligence': -0.3265925645828247, 'investment': -0.2924309968948364, 'joint_security_force_exercise': -0.10808905959129333, 'media_campaign_intervention': -0.7226552963256836, 'social_academic_cultural_activity': -0.33509281277656555, 'political_process_policy_intervention': -2.1051275730133057, 'professional_cultural_exchange': -0.3559982180595398, 'security_cooperation': 9.291176795959473, 'security_force_facility_presence': 1.4852362871170044, 'official_security_force_facility_presence': -1.2655106782913208, 'surveillance': -0.8099089860916138, 'tech_transfer_investment': -0.3745744824409485, 'trade_agreement_exchange': -0.11514255404472351, 'trade_financial_sanction': -0.9384750127792358, 'transnational_organization_crime': -0.4234906733036041}}","{'RUS': ['Russian Federation'], 'UKR': ['Ukraine']}","{'event_type': '-999', 'model_outputs': {'arrest': 0.17120999097824097, 'protest': -0.4804798364639282, 'legalaction': -0.7639642953872681, 'disaster': -0.22324436902999878, 'censor': -1.568720817565918, 'electionactivity': 0.3818883001804352, 'electionirregularities': -1.5529464483261108, 'activism': -1.0692195892333984, 'martiallaw': -1.522753119468689, 'cooperate': 2.723147392272949, 'coup': -1.0058960914611816, 'violencenonlethal': 1.0444505214691162, 'violencelethal': -0.3068692088127136, 'corruption': -0.2500965893268585, 'legalchange': -0.7161101698875427, 'mobilizesecurity': -0.7895429730415344, 'purge': -0.718975841999054, 'threaten': -0.04709099233150482, 'raid': -1.5559223890304565, '-999': 9.021669387817383}}","{'result': 'Yes', 'model_outputs': {'Yes': 0.8172372579574585, 'No': -0.6740003824234009}}","","","","","","","","Kosovo"
"726","725","629d13ceccfe40f7f9ebde80","","",NA,"2022-05-18 14:59:00",NA,"","","sq","Where to Next, Western Balkans? ",NA,NA,"gazetatema.net","While Europe and the world are preoccupied with Russia’s war in Ukraine, one EU project that has been dragging on for years has long been forgotten: enlargement in the Balkans. But what is the future for the six Balkan countries, when — if ever — can they join the EU, and what problems do they face?Analysts of international relations sometimes even take it upon themselves to draw up scenarios for the future, ceteris paribus, on the basis of current political-economic and social processes. The Western Balkans Futures study by Visegrad Insight also sets out to do just that: it takes the reader to 2030 and presents five scenarios for five fundamentally different Western Balkans.What happens if the status quo continues to dominate the region? How will the relationship between the group of countries and the EU be affected by the rise of external actors? Will we see a Balkan nirvana in ten years’ time or a dark future for the region? The scenarios include different variables (acceleration/deceleration of EU integration, increasing/decelerating influence of external actors, strengthening/erosion of democratic elements) to give a picture of what the Western Balkans could look like in the next decade. They are like a what if type of film, or a story line where the character is given a choice at intervals. In our case, the heroic but not without past traumas protagonist, the Western Balkans, will have to decide on issues such as its relationship with the EU, the accountability of its political elite or even the possibility of strengthening civil society. Despite the fact that the scenarios were written before the war in Ukraine, this does not undermine their value. In fact, the conflict in our neighbourhood has confirmed the insights of some scenarios and we are able to take a closer look at the chances of some of them being realised.The Scenarios: From Nirvana to PessimismIn the Forced hand scenario, the EU decides to accelerate its enlargement policy as the only limit to Russian and Chinese expansion in the Western Balkans. The basic thesis is that the most important goal for the countries of the region remains the achievement of EU membership in the foreseeable future, followed (and concomitantly) by economic development. The Dark Future envisages a perpetuation of the current negative trends (unfinished democratisation, authoritarian tendencies, disaffected societies). External powers will also continue to be active: while Moscow will continue to be able to inflame regional conflicts from outside (especially in Bosnia and Herzegovina), Beijing’s “gallant” loans could easily create debt traps (as in Montenegro).Elusive Europeanisation envisages a scenario in which the EU is so preoccupied with its own problems that it becomes unable to keep the Western Balkans on the path to democratisation. The enlargement policy will then lose its ideological character, the process will slow down further (but the door will not yet be closed) and only a substantial geopolitical threat will advance it. The scenario of Defragmenting the Western Balkans presents an idyllic picture: as economic integration between the countries of the region becomes ever closer, the grievances of the past will fade. This, in turn, has the potential to bring prosperity and reconciliation and to strengthen democratic processes.In the last scenario, called Banding together, the increasingly frequent crises (e.g. the coronavirus, environmental disasters, economic crisis) encourage Western Balkan leaders to be pragmatic and to work together. The pandemic was a good start, with Serbia and Albania donating vaccines to neighbouring countries in solidarity, and environmental problems, as we know, know no borders. The importance of regional cooperation, such as the Open Balkans, will also come to the fore in this scenario. We already know the scenarios, but which is the vision of the future that has the best chance of being (partially) realised in the region?The Case of the Extended Hand With UkraineThe war in Ukraine has brought to the fore the possibility of some kind of — as yet non-existent — fast-track or even facilitated procedure for Ukraine (as well as Georgia and Moldova) to strengthen its ties with the EU or even become a full member. We have also discussed why, on the contrary, the EU integration of the Western Balkans should be the priority.After all, the region has been politically promised EU membership for almost twenty years now, once the necessary criteria have been met, and has already implemented significant and often painful reforms. The Extended Hand is a scenario which, however ugly it may sound, could be a positive outcome of the war in Ukraine. For it is here that the EU recognises that incorporating the Western Balkans would be a low-energy exercise.The Eastern powers are still present in the region: Beijing for the time being with its giga-investments and Moscow through informal energy channels and through a few allies, including the Serbian member of the Presidency of Bosnia and Herzegovina, Milorad Dodik. This, in the scenario, can be curbed by EU integration.But to speed up the accession process, the EU should now deliver on its broken promises.These include starting accession negotiations with Albania and Northern Macedonia (and overcoming the Bulgarian veto), visa liberalisation for Kosovo, closing and opening chapters with Montenegro and Serbia, and pushing for comprehensive internal reforms in Bosnia and Herzegovina.For the time being, however, the EU does not seem to be treating enlargement in the Western Balkans as a priority in the shadow of the war in Ukraine. In this light, a synthesis of two scenarios is what is currently realistic for the Western Balkans in the coming years.Halfway Between the Unimaginable Europeanisation and the Dark FutureThe region will remain a theatre of great power games: the possible loss of Russian space could increase Beijing’s weight (except in the energy field). The EU has ‘proved’ that it cannot be more than one thing at once: its internal problems, its divisions and the unexpected crises (economic and euro crisis of 2008, refugee crisis, coronavirus epidemic, Brexit, war in Ukraine) have always pushed enlargement policy into the background.Balkan political elites and societies are becoming increasingly enervated and continue to be disillusioned with the European project. This paints a negative picture, rather than one of a prosperous, democratising region making dynamic progress towards EU integration. However, there are many recipes to counter both scenarios. As the study puts it, the enlargement policy towards the Western Balkans must be mainstreamed in the European public discourse, while at the same time raising awareness of the dangers from the East.The EU also needs to put more emphasis on the region: it needs to help solve its structural problems with an economic focus, but also to convince its reluctant enlargement-sceptic member states why it is worth accelerating Western Balkan integration now.The future is never set in stone, and we can see that there are a number of recommendations available that could change the future scenarios for the Western Balkans in small but positive ways. Most of the dividends of these scenarios are therefore precisely to raise awareness:They serve as a warning signal of the processes that could threaten EU-Western Balkans relations if they persist or intensify. (Visegrad Insight)","https://english.gazetatema.net/kosovo-region/where-to-next-western-balkans-i327026","","True","5","2022","en","While Europe and the world are represented with Russia's war in Ukraine, one EU project that has been dragging on for years has been long ago: input in the Balkans.","Where to Next, Western Balkans?","{'event_type': '-999', 'model_outputs': {'-999': -0.665652871131897, 'arms_transfer_security_aid_assistance': -0.8875969648361206, 'bribery_economic_corruption': -1.378308892250061, 'diaspora_activation': 0.5091131329536438, 'diplomatic_mediation': 0.4621236324310303, 'diplomatic_recognition': -1.322511911392212, 'diplomatic_sanction': -0.3378590941429138, 'diplomatic_statement': 4.001567363739014, 'diplomatic_visit': 2.790196657180786, 'economic_aid_assistance': -0.5073134899139404, 'intelligence_counterintelligence': -1.3233129978179932, 'investment': 0.32237493991851807, 'joint_security_force_exercise': -0.5844483375549316, 'media_campaign_intervention': -0.24289751052856445, 'social_academic_cultural_activity': -0.6071140766143799, 'political_process_policy_intervention': -0.015807151794433594, 'professional_cultural_exchange': 0.3862672448158264, 'security_cooperation': 0.730079174041748, 'security_force_facility_presence': 2.31111216545105, 'official_security_force_facility_presence': -0.8830578327178955, 'surveillance': -1.1488935947418213, 'tech_transfer_investment': 0.337719202041626, 'trade_agreement_exchange': -0.9416177272796631, 'trade_financial_sanction': -0.4003010094165802, 'transnational_organization_crime': -1.3067011833190918}}","{'None': ['Europe', 'European Union', 'Balkan Peninsula'], 'RUS': ['Russian Federation'], 'UKR': ['Ukraine']}","{'event_type': '-999', 'model_outputs': {'arrest': -0.018466323614120483, 'protest': -0.43527865409851074, 'legalaction': -0.07799853384494781, 'disaster': 0.31281429529190063, 'censor': -0.8893868327140808, 'electionactivity': 0.489134818315506, 'electionirregularities': -1.2493623495101929, 'activism': -1.34616219997406, 'martiallaw': -0.9833742380142212, 'cooperate': 0.686034083366394, 'coup': -1.1184260845184326, 'violencenonlethal': 0.4211447834968567, 'violencelethal': -1.0233421325683594, 'corruption': -0.14027833938598633, 'legalchange': -0.1421637386083603, 'mobilizesecurity': -0.7343202233314514, 'purge': -0.5770832896232605, 'threaten': 0.35634034872055054, 'raid': -1.4833414554595947, '-999': 10.239810943603516}}","{'result': 'No', 'model_outputs': {'Yes': -0.0543365478515625, 'No': 0.013382241129875183}}","","","","",NA,"","","Albania"
"131803","7553","62d84c5c485b7d360a52d09f","","","","2022-06-20 13:59:24","","","","ru","Росія знову звинуватила ЗСУ в обстрілі свого села","",NA,"pravda.com.ua","Губернатор Брянської області РФ Олександр Богомаз запевняє, що 20 червня вранці ЗСУ нібито обстріляли селище.Джерело: Богомаз у TelegramПряма мова Богомаза: ""Рано вранці ЗСУ було обстріляне селище Суземка.Внаслідок обстрілу постраждали кілька об'єктів. У селищі пошкоджено РЕМ, частково відсутня електрика"".Деталі: За словами Богомаза, нібито постраждала одна людина.Він запевняє, що ""вогнева точка була швидко придушена обстрілом у відповідь"".Нагадаємо: Днями губернатор Курської області Роман Старовойт заявляв, що ""ворог"" обстріляв село з мінометів, постраждалих не було.War in Ukraine (News in English)Засновник проекту: Георгій ГонгадзеГоловний редактор: Севгіль МусаєваРедактор-засновник: Олена ПритулаE-mail редакції: editor@pravda.ua","https://www.pravda.com.ua/news/2022/06/20/7353590/","","True","6","2022","en","Governor Bryanko of the Russian Federation, Oleksandr Bogaz, a song by 20 more worms of the venison of the ZSU, was pelted with celiacity.","The zombie caught the ZSU in her village.","{'event_type': '-999', 'model_outputs': {'-999': -0.40208056569099426, 'arms_transfer_security_aid_assistance': -1.0705742835998535, 'bribery_economic_corruption': -0.22647172212600708, 'diaspora_activation': -1.1445099115371704, 'diplomatic_mediation': -0.7941479086875916, 'diplomatic_recognition': -1.81912362575531, 'diplomatic_sanction': -0.8318266272544861, 'diplomatic_statement': 0.1971028447151184, 'diplomatic_visit': -1.3751531839370728, 'economic_aid_assistance': 0.18162444233894348, 'intelligence_counterintelligence': 0.008025646209716797, 'investment': 0.5356608629226685, 'joint_security_force_exercise': -1.2868890762329102, 'media_campaign_intervention': 1.4406263828277588, 'social_academic_cultural_activity': -0.30891352891921997, 'political_process_policy_intervention': -0.3588598966598511, 'professional_cultural_exchange': -0.1791929006576538, 'security_cooperation': -0.8618412613868713, 'security_force_facility_presence': -0.39058566093444824, 'official_security_force_facility_presence': 0.009422644972801208, 'surveillance': 4.152764320373535, 'tech_transfer_investment': 3.8270153999328613, 'trade_agreement_exchange': -1.3175742626190186, 'trade_financial_sanction': -1.1145391464233398, 'transnational_organization_crime': 2.867716073989868}}","{'RUS': ['Russian Federation']}","{'event_type': 'disaster', 'model_outputs': {'arrest': -0.8049395084381104, 'protest': -0.3204367756843567, 'legalaction': -2.102168321609497, 'disaster': 5.545447826385498, 'censor': -1.1033767461776733, 'electionactivity': -0.295185923576355, 'electionirregularities': -2.0518393516540527, 'activism': 0.2580964267253876, 'martiallaw': -0.26053890585899353, 'cooperate': -1.442277193069458, 'coup': -0.10302790999412537, 'violencenonlethal': 4.516721725463867, 'violencelethal': 1.9210339784622192, 'corruption': -2.0798115730285645, 'legalchange': -1.5393822193145752, 'mobilizesecurity': -0.7443298101425171, 'purge': -1.5271999835968018, 'threaten': -0.5217880010604858, 'raid': -0.9529504179954529, '-999': 4.7453484535217285}}","{'result': 'No', 'model_outputs': {'Yes': -2.140439033508301, 'No': 1.6482982635498047}}","","","","","","","","Ukraine"
"40044","1598","628c9d2680d31e4433164513","['Լիլիթ Հարությունյան']","2022-05-24 04:53:58.682",NA,"2022-02-23 06:22:55","Սա պատժամիջոցների առաջին փուլն է: Մեծ Բրիտանիան, ԵՄ-ը և ԱՄՆ-ը դիտարկում են դրանց խստացումը, եթե իրավիճակը ուկրաինական ուղղությամբ վատթարանա։","https%3A%2F%2Fwww.azatutyun.am%2Fa%2F31717947.html.json","https://gdb.rferl.org/51fecc29-daa7-46f8-a8be-35025c6ba4df_w1200_r1.jpg","hy","Արևմտյան երկրները հայտարարեցին Ռուսաստանի դեմ պատժամիջոցների մասին",NA,NA,"azatutyun.am","
Երեկ արևմտյան երկրները հայտարարեցին Ռուսաստանի դեմ պատժամիջոցների մասին՝ Մոսկվայի կողմից Դոնեցկի և Լուգանսկի ինքնահռչակ հանրապետությունների անկախության ճանաչումից հետո:
ԱՄՆ-ի, Մեծ Բրիտանիայի և Եվրամիության պատժամիջոցները վերաբերում են ինչպես ռուսական ֆինանսական կառույցներին և ընկերություններին, այնպես էլ ֆիզիկական անձանց:
Ըստ արևմտյան երկրների՝ սա պատժամիջոցների առաջին փուլն է: Մեծ Բրիտանիան, ԵՄ-ը և ԱՄՆ-ը դիտարկում են դրանց խստացումը, եթե իրավիճակը ուկրաինական ուղղությամբ վատթարանա։
Միացյալ Նահանգների նախագահ Ջո Բայդենը, երեքշաբթի օրը ելույթ ունենալով Սպիտակ տանը, հայտարարեց, որ իր երկիրը նոր պատժամիջոցներ է սահմանում Ռուսաստանի Դաշնության դեմ և կխստացնի դրանք՝ կախված Ուկրաինայի դեմ Մոսկվայի գործողություններից։
ԵՄ դիվանագիտության ղեկավար Ժոզեպ Բորելը Փարիզում ԵՄ խորհրդի արտակարգ նիստին հաջորդած մամուլի ասուլիսում ասել է, որ մասնակիցները միաձայն որոշում են կայացրել ընդունել Ռուսաստանի Դաշնության դեմ պատժամիջոցների փաթեթ։ «24 ժամ հետո մենք արագ արձագանքեցինք՝ ցույց տալով մեր վճռականությունը, մենք միաձայն որոշեցինք ընդունել պատժամիջոցների փաթեթը, որը վնաս կհասցնի Ռուսաստանին, շատ մեծ վնաս», - հայտարարել է նա։
Բորելի խոսքով՝ նոր փաթեթը ներառում է պատժամիջոցներ Դոնբասի անկախության օգտին քվեարկած Պետդումայի 351 պատգամավորների նկատմամբ։ Բացի այդ, Եվրամիությունը «սև ցուցակում» է ներառել 27 ֆիզիկական և իրավաբանական անձանց, այդ թվում՝ բանկեր և կազմակերպություններ, որոնք ֆինանսավորում են Ռուսաստանի գործունեությունը Դոնբասում:
Կանադայի վարչապետ Ջասթին Թրյուդոն ևս հայտարարել է Ռուսաստանի դեմ պատժամիջոցների կիրառման մասին: Նրա խոսքով՝ իր կառավարությունն արգելք կսահմանի անջատողական անկլավների հետ ցանկացած տեսակի ֆինանսական գործարքների վրա:
Թրյուդոն նաև ասել է, որ իր կառավարությունը պատժամիջոցներ կկիրառի Ռուսաստանի Պետդումայի պատգամավորների նկատմամբ, ովքեր պաշտպանել են Դոնեցկի և Լուգանսկի շրջանները ճանաչելու որոշումը և լրացուցիչ պատժամիջոցներ կսահմանի երկու ռուսական բանկերի նկատմամբ՝ արգելելով նրանց հետ բոլոր ֆինանսական գործարքները:
 
Շաբաթասկզբին Ռուսաստանը պաշտոնապես ճանաչեց Դոնեցկի և Լուգանսկի ինքնահռչակ հանրապետությունների անկախությունը։ Ռուսական բանակն արդեն մտնում է Ուկրաինա, ըստ ՌԴ նախագահ Վլադիմիր Պուտինի, «խաղաղություն ապահովելու առաքելությամբ»: Միջազգային հանրությունը մեծամասամբ դատապարտում է պաշտոնական Մոսկվայի այդ քայլերը։
","https://www.azatutyun.am/a/31717947.html","Direct2","True","2","2022","en","Some Western countries have declared themselves against Russia, after the independence of the independent states of Donetske and Lugansky from Moscow.","Western countries declared the measures against Russia","{'event_type': 'diplomatic_statement', 'model_outputs': {'-999': -0.5022493004798889, 'arms_transfer_security_aid_assistance': -0.23152607679367065, 'bribery_economic_corruption': -0.9563279151916504, 'diaspora_activation': -1.0407238006591797, 'diplomatic_mediation': -0.07363250851631165, 'diplomatic_recognition': -0.24701403081417084, 'diplomatic_sanction': 2.201669931411743, 'diplomatic_statement': 6.746578216552734, 'diplomatic_visit': 0.8480490446090698, 'economic_aid_assistance': -0.18440814316272736, 'intelligence_counterintelligence': -0.6726157665252686, 'investment': -1.2228282690048218, 'joint_security_force_exercise': -1.780839204788208, 'media_campaign_intervention': -1.240633487701416, 'social_academic_cultural_activity': -0.42127540707588196, 'political_process_policy_intervention': -0.010603882372379303, 'professional_cultural_exchange': -0.49535560607910156, 'security_cooperation': -0.28038299083709717, 'security_force_facility_presence': -1.2125167846679688, 'official_security_force_facility_presence': -1.4637953042984009, 'surveillance': -0.8036420345306396, 'tech_transfer_investment': -0.6270056962966919, 'trade_agreement_exchange': -1.0512419939041138, 'trade_financial_sanction': 4.24731969833374, 'transnational_organization_crime': -1.2929120063781738}}","{'RUS': ['Russian Federation', 'Moscow']}","{'event_type': 'martiallaw', 'model_outputs': {'arrest': -1.3777804374694824, 'protest': -0.6002347469329834, 'legalaction': -1.298340082168579, 'disaster': -0.5799194574356079, 'censor': -0.6320785880088806, 'electionactivity': -1.7694987058639526, 'electionirregularities': -1.7077828645706177, 'activism': -1.140517234802246, 'martiallaw': 4.615531921386719, 'cooperate': 2.430380344390869, 'coup': -1.5057682991027832, 'violencenonlethal': -0.9780430197715759, 'violencelethal': -0.19102904200553894, 'corruption': -2.10451078414917, 'legalchange': 0.9453564882278442, 'mobilizesecurity': 1.8789105415344238, 'purge': 0.2266228049993515, 'threaten': 2.401031255722046, 'raid': -0.5587777495384216, '-999': 1.4820111989974976}}","{'result': 'Yes', 'model_outputs': {'Yes': 1.47506582736969, 'No': -1.4381331205368042}}","","","","","","","","Armenia"
"18110","119","63e59db79e33bcc0ca838173","['Эмма Рзаева']","2023-02-09 20:28:23.930",NA,"2021-08-05 08:09:41","Летом мы вам, а зимой вы нам: эксперты о возобновлении сезонного обмена газом между Россией и Азербайджаном. Несмотря на то, что Азербайджан поставляет природный газ в Грузию, Турцию, в государства Южной Европы, в России данный факт не рассматривается в разрезе конкуренции или соперничества. Экономика. .","https%3A%2F%2Fzerkalo.az%2Fletom-my-vam-a-zimoj-vy-nam-eksperty-o-vozobnovlenii-sezonnogo-obmena-gazom-mezhdu-rossiej-i-azerbajdzhanom%2F.json","https://cdn.zerkalo.az/2021/08/socar-gazprom.jpg","ru","Летом мы вам, а зимой вы нам: эксперты о возобновлении сезонного обмена газом между Россией и Азербайджаном",NA,NA,"zerkalo.az","Азербайджан возобновит закупки российского газа, приостановленные с 2019 года. В частности, до 2023 года Азербайджан будет поставлять газ в Россию летом, а РФ в Азербайджан — зимой. Объемы контракта и его условия стороны не раскрывают. Аналитики полагают, что с учетом планов Баку по наращиванию экспорта в Европу газовый баланс Азербайджана по добыче, внутреннему потреблению и экспорту складывается почти «в ноль».
Страны договорились о сезонном обмене природным газом. Баку будет поставлять газ в РФ летом, а зимой аналогичные объемы газа будут поступать из РФ в Азербайджан, следует из сообщения компании «Азерконтракт» (отвечает за куплю-продажу природного газа), заключившей контракт с «Газпромом». Его срок — до 2023 года. Объемы и условия нового соглашения в «Газпроме» не комментируют. За техническую реализацию соглашения по приему и отправке соответствующих объемов газа с азербайджанской стороны будет отвечать госнефтекомпания SOCAR.
Объемы поставок будут зависеть от уровня добычи и потребления газа в Азербайджане в летние месяцы, уточняет компания. При этом обычно в газовом бизнесе зимние поставки газа стоят дороже летних.
Такая практика существует не первый год, заметил в беседе с # член Каспийского экспертного клуба и руководитель клуба политологов «Южный Кавказ» Ильгар Велизаде.

“В свое время осуществлялись поставки газа из Азербайджана в Иран. Российский газ поступал в Азербайджан, потом азербайджанский газ шел в иранском направлении. Поставки осуществлялись с целью замещения газа в различные сезоны. Здесь нет ничего нового. На территории Азербайджана было построено несколько крупных газовых хранилищ, туда закачивался российский газ в летнее время и использовался зимой для обеспечения газом южных рубежей России – отсюда газ шел в кавказском направлении, — говорит собеседник. — Взаимодействие в этом русле не теряет актуальности сегодня и свидетельствует об эффективности энергообмена, который осуществляется между Азербайджаном и Россией. Этому способствует газотранспортная инфраструктура, имеющаяся в регионе инфраструктура по хранению газа, и, по большому счету, такая ситация способствует эффективному взаимодействию между государствами в энергетической сфере, открывает возможности для кооперации, развития сотрудничества в развитии совместных региональных проектов».
Свой комментарий по этому поводу оставил руководитель портала PolitRUS Виталий Арьков, заметивший, что возобновление поставок «голубого топлива» — свидетельство крепнущих стратегических отношений между нашими странами:

«Несмотря на то, что Азербайджан поставляет природный газ в Грузию, Турцию, а через территорию Турции (газопровод TANAP) и в государства Южной Европы, в России данный факт не рассматривается в разрезе конкуренции или соперничества за стратегические рынки, — сказал он. — Между нашими странами развивается стратегическое сотрудничество по самому широкому спектру. Между государственными компаниями «Газпром» и SOCAR мы также видим партнерские отношения, которые позволяют каждому из энергетических гигантов интенсивнее развиваться, увеличивать налоговые отчисления, финансировать новые инфраструктурные и, конечно же, социальные проекты.
Обсуждаемое решение о возможности взаимных поставок газа в привязке к сезонному спросу – очередное тому доказательство. Более того, напомню, весной текущего года Азербайджан предоставил России свою газомагистральную сеть для транзита природного газа в Армению (через Грузию) – на все то время, пока шли ремонтные работы на российско-грузинском участке магистрального газопровода «Северный Кавказ-Закавказье». С учетом особенностей газотранспортной системы, потребители в Армении тогда получали азербайджанский газ, а российский распределялся среди потребителей в самом Азербайджане».
За техническую реализацию соглашения по приему и отправке соответствующих объемов газа с азербайджанской стороны отвечает государственная нефтяная компания SOCAR. Объемы поставок будут зависеть от уровня добычи и потребления газа в Азербайджане в летние месяцы. При этом, обычно в газовом бизнесе зимние поставки газа стоят дороже летних. «Газпром» поставлял газ в Азербайджан в 2000–2006 годах, затем Баку начал наращивать добычу газа под экспорт в Грузию и Турцию с месторождения «Шах-Дениз». Но в 2017–2018 годах поставки возобновились, поскольку добыча газа в рамках «Шах-Дениз» начала снижаться, а Турция и Грузия полностью выбирали азербайджанский газ по экспортным контрактам.
С позапрошлого года, после запуска «Шах-Дениз 2», Азербайджан от закупок газа в России отказался. Добыча газа в Азербайджане в минувшем году, по данным BP, составила 25,8 млрд кубометров, внутреннее потребление — 11,9 млрд кубометров.","https://zerkalo.az/letom-my-vam-a-zimoj-vy-nam-eksperty-o-vozobnovlenii-sezonnogo-obmena-gazom-mezhdu-rossiej-i-azerbajdzhanom/","Direct2","True","8","2021","en","Azerbaijan will resume the procurement of Russian gas, suspended from 2019, in particular until 2023 Azerbaijan will supply gas to Russia in summer and the Russian Federation to Azerbaijan in winter. The terms and conditions of the contract are not disclosed by the parties.","In summer we are to you, and in winter you are to us experts on the resumption of the seasonal exchange of gas between Russia and Azerbaijan.","{'event_type': 'investment', 'model_outputs': {'-999': -0.6567190885543823, 'arms_transfer_security_aid_assistance': -0.9623591899871826, 'bribery_economic_corruption': -0.9354525208473206, 'diaspora_activation': -0.4999765157699585, 'diplomatic_mediation': -0.2294948846101761, 'diplomatic_recognition': 0.4180002808570862, 'diplomatic_sanction': -1.320216417312622, 'diplomatic_statement': 0.7174638509750366, 'diplomatic_visit': 0.8521054983139038, 'economic_aid_assistance': -1.106368064880371, 'intelligence_counterintelligence': -0.9622111916542053, 'investment': 6.106779098510742, 'joint_security_force_exercise': -0.6353461742401123, 'media_campaign_intervention': -0.22628867626190186, 'social_academic_cultural_activity': -0.6800287961959839, 'political_process_policy_intervention': -1.0295069217681885, 'professional_cultural_exchange': -0.1280764639377594, 'security_cooperation': 3.8139536380767822, 'security_force_facility_presence': -0.9880061149597168, 'official_security_force_facility_presence': -0.09362736344337463, 'surveillance': -1.2599462270736694, 'tech_transfer_investment': 0.01847413182258606, 'trade_agreement_exchange': 1.2651342153549194, 'trade_financial_sanction': 0.25151485204696655, 'transnational_organization_crime': -1.0126079320907593}}","{'RUS': ['Russian Federation'], 'AZE': ['Republic of Azerbaijan']}","{'event_type': '-999', 'model_outputs': {'arrest': -0.5410351753234863, 'protest': -0.5528557896614075, 'legalaction': -0.0018251091241836548, 'disaster': 0.4680132567882538, 'censor': -0.3726641535758972, 'electionactivity': 0.2247743308544159, 'electionirregularities': -1.390388011932373, 'activism': -0.9797930717468262, 'martiallaw': -0.8072361946105957, 'cooperate': 0.2586323022842407, 'coup': -1.2170125246047974, 'violencenonlethal': 0.282909631729126, 'violencelethal': -0.8686968088150024, 'corruption': -0.5826094150543213, 'legalchange': 0.19690409302711487, 'mobilizesecurity': -0.7687210440635681, 'purge': -0.45518380403518677, 'threaten': 0.2629030644893646, 'raid': -1.3355722427368164, '-999': 10.223642349243164}}","{'result': 'No', 'model_outputs': {'Yes': -1.8737378120422363, 'No': 1.2301665544509888}}","investment","-999","investment","-999","","['Russia']","No","Azerbaijan"
"66708","382","63c6133271851a482c5f5891","[]","2023-01-16 22:17:06.897",NA,"2022-06-15","Президент Казахстана Касым-Жомарт Токаев заявил: дружба между Казахстаном и Россией должна быть вечной.","https%3A%2F%2Fdiapazon.kz%2Fnews%2F116827-druzhba-mezhdu-kazahstanom-i-rossiei-dolzhna-bit-vechnoi---tokaev.json","https://diapazon.kz/images/2022/06/15/E7tt16TWT3_a4_710x444.jpeg","ru","Дружба между Казахстаном и Россией должна быть вечной - Токаев",NA,NA,"diapazon.kz","Читайте также: Во время январских событий мне советовали покинуть Казахстан - Токаев Вход 
Восстановить пароль

Зарегистрируйтесь, если вы новый пользователь
             Вторник, 17 января В Актобе
                                            -17°,
                                        ясно
                 Курсы валют $ 462.69 • € 500.63 • ₽ 6.76 
Оружие и боеприпасы продавали силовики бандитам и экстремистам в Казахстане
 
Снежные зайцы, газета «Диапазон» и дети в костюмах. Новогодняя акция подходит к концу
 
Кондитер из Актобе поставила мировой рекорд и угостила Дмитрия Маликова
 





Поддержка сайта Белтехсофт

 

                    Внимание! Любое использование публикаций сайта diapazon.kz (включая тексты, иллюстрации,
                    фото, видео и аудио) без гиперссылки ЗАПРЕЩАЕТСЯ.Любое использование и перепечатка публикаций
                    сайта diapazon.kz (включая тексты, иллюстрации, фото, видео и аудио) в соц. сети Инстаграм
                    ЗАПРЕЩАЕТСЯ.
                
","https://diapazon.kz/news/116827-druzhba-mezhdu-kazahstanom-i-rossiei-dolzhna-bit-vechnoi---tokaev","direct","True","6","2022","en","Read also: During the events of January, I was advised to leave Kazakhstan - Tokaev Entrance to reset the password Register if you are a new user Tuesday, 17 January in Aktobe - 17°, clear exchange rates US$ 462.69 • I 500.63 • ~ 6.76 Slaughters and ammunition sold to bandits and extremists in Kazakhstan","The friendship between Kazakhstan and Russia must be eternal - Tokaev","{'event_type': '-999', 'model_outputs': {'-999': -0.6172142028808594, 'arms_transfer_security_aid_assistance': -1.1224743127822876, 'bribery_economic_corruption': -1.659605860710144, 'diaspora_activation': -0.2213520109653473, 'diplomatic_mediation': 0.7171652317047119, 'diplomatic_recognition': 0.3141506612300873, 'diplomatic_sanction': -0.6868128776550293, 'diplomatic_statement': 8.396285057067871, 'diplomatic_visit': 2.596660614013672, 'economic_aid_assistance': -0.4745398163795471, 'intelligence_counterintelligence': -0.5485281944274902, 'investment': -0.9284214973449707, 'joint_security_force_exercise': -1.6417027711868286, 'media_campaign_intervention': -1.0528309345245361, 'social_academic_cultural_activity': -0.7496365308761597, 'political_process_policy_intervention': -0.22615718841552734, 'professional_cultural_exchange': -0.8110971450805664, 'security_cooperation': 1.8154045343399048, 'security_force_facility_presence': -0.3025967478752136, 'official_security_force_facility_presence': -0.9865285158157349, 'surveillance': -1.0242502689361572, 'tech_transfer_investment': -0.5090036392211914, 'trade_agreement_exchange': 0.05806385725736618, 'trade_financial_sanction': -0.5378034114837646, 'transnational_organization_crime': -1.4359440803527832}}","{'KAZ': ['Republic of Kazakhstan', 'Aktobe'], 'RUS': ['Russian Federation']}","{'event_type': '-999', 'model_outputs': {'arrest': -0.24530358612537384, 'protest': -0.46463078260421753, 'legalaction': -0.2152542620897293, 'disaster': 0.16935274004936218, 'censor': -0.7426565885543823, 'electionactivity': 0.3858422338962555, 'electionirregularities': -1.2626348733901978, 'activism': -1.2324986457824707, 'martiallaw': -0.926055371761322, 'cooperate': 0.5793868899345398, 'coup': -1.0616543292999268, 'violencenonlethal': 0.21576838195323944, 'violencelethal': -0.8584522008895874, 'corruption': -0.18254044651985168, 'legalchange': -0.08401702344417572, 'mobilizesecurity': -0.6520367860794067, 'purge': -0.3777815103530884, 'threaten': 0.3836103677749634, 'raid': -1.435725212097168, '-999': 10.293901443481445}}","{'result': 'Yes', 'model_outputs': {'Yes': 0.7564432621002197, 'No': -0.6162134408950806}}","-999","-999","-999","-999","","['Russia']","No","Kazakhstan"
"101435","1452","627d7f84dd894d3c8b3d2e6b","[]","2022-05-12 17:43:32.155",NA,"2022-04-06 07:49:00","Rusya'nın Ukrayna'ya karşı başlattığı operasyonların ardından elçilik faaliyetlerini güvenlik amaçlı geçici olarak Çernivtsi'ye taşıyan Türkiye, yeniden Kiev şehrine geri döndü.","https%3A%2F%2Fweb.archive.org%2Fweb%2F20220406055115%2Fhttps%3A%2F%2Fwww.posta.com.tr%2Fdunya%2Fturk-buyukelciligi-kieve-geri-dondu-2508203.json","https://web.archive.org/web/20220406055115im_/https://i3.posta.com.tr/i/posta/75//0x0/624d1bd4e4bfdc0cb056338b.jpg","tr","Türk Büyükelçiliği Kiev'e geri döndü",NA,NA,"posta.com.tr","Rusya'nın Ukrayna'ya karşı başlattığı operasyonların ardından elçilik faaliyetlerini güvenlik amaçlı geçici olarak Çernivtsi'ye taşıyan Türkiye, yeniden Kiev...","https://web.archive.org/web/20220406055115/https://www.posta.com.tr/dunya/turk-buyukelciligi-kieve-geri-dondu-2508203","wayback_alt","True","4","2022","en","Following Russia's operations against Ukraine, Turkey, which temporarily transports embassy activities to Chernivtsi for security purposes, is again Kiev...","Turkish Embassy returns to Kiev","{'event_type': 'diplomatic_recognition', 'model_outputs': {'-999': -0.30550289154052734, 'arms_transfer_security_aid_assistance': -0.7048761248588562, 'bribery_economic_corruption': -0.4344455599784851, 'diaspora_activation': -0.7284891605377197, 'diplomatic_mediation': -0.5580493211746216, 'diplomatic_recognition': 9.313520431518555, 'diplomatic_sanction': 1.31312096118927, 'diplomatic_statement': -0.7531055212020874, 'diplomatic_visit': 0.45039451122283936, 'economic_aid_assistance': -0.5783756971359253, 'intelligence_counterintelligence': -0.06040959060192108, 'investment': -0.2605132460594177, 'joint_security_force_exercise': 0.014088291674852371, 'media_campaign_intervention': -0.8659408092498779, 'social_academic_cultural_activity': 0.03792446106672287, 'political_process_policy_intervention': -0.48187243938446045, 'professional_cultural_exchange': -0.427582710981369, 'security_cooperation': -0.7763299942016602, 'security_force_facility_presence': -1.2070937156677246, 'official_security_force_facility_presence': -0.4915398359298706, 'surveillance': -2.0375797748565674, 'tech_transfer_investment': -0.6397680640220642, 'trade_agreement_exchange': -0.06706047803163528, 'trade_financial_sanction': -0.5707457661628723, 'transnational_organization_crime': -0.5238935351371765}}","{'RUS': ['Russian Federation'], 'UKR': ['Ukraine', 'Chernivtsi', 'Kyiv'], 'TUR': ['Republic of Turkey']}","{'event_type': '-999', 'model_outputs': {'arrest': -0.8204366564750671, 'protest': -1.1494147777557373, 'legalaction': 0.03606979548931122, 'disaster': 0.6133576035499573, 'censor': -1.183855414390564, 'electionactivity': -0.24995088577270508, 'electionirregularities': -1.8685811758041382, 'activism': -0.9324780106544495, 'martiallaw': -1.2981922626495361, 'cooperate': 0.7431789636611938, 'coup': -0.9483106732368469, 'violencenonlethal': 0.5337153077125549, 'violencelethal': -0.19230259954929352, 'corruption': -0.5200915336608887, 'legalchange': -1.08444344997406, 'mobilizesecurity': 2.154651641845703, 'purge': 0.6382614374160767, 'threaten': 0.020898669958114624, 'raid': -1.0841045379638672, '-999': 8.509757995605469}}","{'result': 'Yes', 'model_outputs': {'Yes': 0.8726966381072998, 'No': -0.7298593521118164}}","-999","-999","-999","-999",NA,"[]","No","Turkey"
"107866","1076","6284357ad8c6f4df8866d8da","['Hüseyin Şuekinci']","2022-05-17 19:53:30.311",NA,"2022-02-01 05:30:32","Rusya, Çin ve İran doları tercih etti - Türkiye’nin Batı’ya karşı koz olarak öne sürdüğü yerel para ile ticaret hedefi lafta kaldı. Dış ticarette dolar ve Euro’nun payı yüzde 90’ı buldu.","https%3A%2F%2Fwww.sozcu.com.tr%2F2022%2Fekonomi%2Frusya-cin-ve-iran-dolari-tercih-etti-6923772%2F.json","https://i01.sozcucdn.com/wp-content/uploads/2022/02/01/iecrop/basliksiz-4_16_9_1643677669-670x371.jpg","tr","Rusya, Çin ve İran doları tercih etti",NA,NA,"sozcu.com.tr","Rusya, Çin ve İran doları tercih etti
Türkiye’nin Batı’ya karşı koz olarak öne sürdüğü yerel para ile ticaret hedefi lafta kaldı. Dış ticarette dolar ve Euro’nun payı yüzde 90’ı buldu.
Taylan BÜYÜKŞAHİN
Yazıları büyüt
Yazıları küçült
Standart boyut
Son yıllarda ikili ilişkilerde siyasi sorunların yaşandığı ABD ve Avrupa Birliği'ne karşı Türkiye farklı ülkelerle ilişkileri geliştirmeye çalıştı. Burada esas hedef yerel para birimleri ile ticaretti ancak bu hedef tutmadı. 2021'de yapılan 271 milyar dolarlık ithalatın 254 milyar doları, yani yüzde 93.72'si Euro ve ABD Doları ile yapıldı. 225 milyar dolarlık ihracatın da yüzde 89.4'lük kısmı olan 210 milyar doları yine Euro ve ABD Doları ile gerçekleştirildi.
TL ÜÇÜNCÜ OLDU
Cumhurbaşkanı Recep Tayyip Erdoğan'ın Avrupa ve ABD'ye karşı ticari ilişkileri geliştirmek istediği Rusya, İran ve Çin ile yerel para birimi üzerinden ticaret hedefi gerçekleşmedi. ABD Doları Türkiye'nin dış ticaretinde en fazla kullanılan para birimi olurken, onu Euro takip etti. Dış ticaret yapılan en fazla üçüncü para birimi de Türk Lirası oldu. İngiliz Sterlini burada dördüncü sırada yer alırken, ne Rus Rublesi ne de Çin Yuan'ı ile kayda değer bir ticaret geçekleşmedi.
İHRACATTA EŞİT
Türkiye İstatistik Kurumu'nun verilerine göre, 2021'de ABD Doları cinsi ihracat 106.7 milyar dolar olurken, Euro cinsi ihracat da 103.6 milyar dolar oldu. İhracatta her iki para birimi kafa kafaya gitse de, ihracatta ABD Doları'nın 2.5 kat önde olduğu görüldü. 2021'de toplam ithalatın 176 milyar dolarlık kısmı ABD Doları'ndan, 78.8 milyar dolarlık kısmı da Euro para cinsinden yapıldı.
Azerbaycan Ukrayna ve Katar da Türk Lirası istemedi
– Türkiye'nin yakın ilişkiler kurduğu ülkelerle ticaret de hayal kırıklığı yarattı. Azerbaycan Manatı ve Katar Riyali ile ihracat 42.3 milyon dolar olurken, ithalat da sadece 276 bin dolar seviyesinde gerçekleşti. Ukrayna Hryvniası ile ise ne ithalat ne de ihracat yapıldı. Oysa ki Cumhurbaşkanı Recep Tayyip Erdoğan 2018 yılında yaptığı konuşmada, bu ülkeleri de işaret ederek yerel para birimleri ile ticaret yapılacağını açıklamıştı. Türkiye ve Rusya arasında da 2019'da yerel para birimleri ile ticaret konusunda anlaşma imzalanmıştı ancak 2 yılda kayda değer bir ticaret yapılamadı.
İlginizi Çekebilir Doğmamış çocuklara 153 milyar dolar borç
İlginizi Çekebilir Kur koruma sınıfta kaldı yine altın ve dolar gözde","https://www.sozcu.com.tr/2022/ekonomi/rusya-cin-ve-iran-dolari-tercih-etti-6923772/","","True","2","2022","en","Russia preferred China and Iran. Turkey's local money and trade goal as leverage against the West. In foreign trade, the share of dollars and euros found 90 per cent. Grow the articles.","Russia, China and Iran preferred dollars","{'event_type': '-999', 'model_outputs': {'-999': -1.0528836250305176, 'arms_transfer_security_aid_assistance': 6.71335506439209, 'bribery_economic_corruption': -0.7173506617546082, 'diaspora_activation': -0.7596334218978882, 'diplomatic_mediation': 0.3203336000442505, 'diplomatic_recognition': -0.6182136535644531, 'diplomatic_sanction': -0.9462346434593201, 'diplomatic_statement': 1.7785825729370117, 'diplomatic_visit': -0.04294103384017944, 'economic_aid_assistance': 1.9009193181991577, 'intelligence_counterintelligence': -1.2549234628677368, 'investment': -1.7239885330200195, 'joint_security_force_exercise': -0.048636406660079956, 'media_campaign_intervention': -1.6144638061523438, 'social_academic_cultural_activity': -0.6243902444839478, 'political_process_policy_intervention': -0.4023686945438385, 'professional_cultural_exchange': -0.8984735012054443, 'security_cooperation': 4.083371162414551, 'security_force_facility_presence': 0.08772492408752441, 'official_security_force_facility_presence': -1.1521477699279785, 'surveillance': -0.34365981817245483, 'tech_transfer_investment': -0.15449588000774384, 'trade_agreement_exchange': -0.17409789562225342, 'trade_financial_sanction': 0.9020547866821289, 'transnational_organization_crime': -0.8639047145843506}}","{'RUS': ['Russian Federation'], 'CHN': ['People’s Republic of China'], 'IRN': ['Islamic Republic of Iran'], 'TUR': ['Republic of Turkey']}","{'event_type': '-999', 'model_outputs': {'arrest': -0.4808156490325928, 'protest': -0.33070915937423706, 'legalaction': 0.1733381152153015, 'disaster': 0.05477035045623779, 'censor': -0.4612126052379608, 'electionactivity': -0.06725626438856125, 'electionirregularities': -1.3565881252288818, 'activism': -0.623741090297699, 'martiallaw': -1.273155927658081, 'cooperate': -0.16922569274902344, 'coup': -0.731637179851532, 'violencenonlethal': 0.2901313006877899, 'violencelethal': -1.2194247245788574, 'corruption': 0.14810973405838013, 'legalchange': 0.6738740801811218, 'mobilizesecurity': -0.9905439615249634, 'purge': -0.7695536017417908, 'threaten': 0.39377662539482117, 'raid': -1.3310883045196533, '-999': 9.983243942260742}}","{'result': 'Yes', 'model_outputs': {'Yes': 0.5106519460678101, 'No': -0.3954874277114868}}","-999","-999","-999","-999","","['Russia', 'China']","No","Turkey"
"126163","1913","61d3860020b2acf70ccae750","[]","2021-10-25 04:14:05.000","","2021-10-24 00:33:00","Российский Газпром может прекратить поставки газа в Молдову, если Кишинев не погасит долг и не договорится об условиях нового контракта с 1 декабря.","https%3A%2F%2Fwww.pravda.com.ua%2Frus%2Fnews%2F2021%2F10%2F24%2F7311467%2F.json","https://img.pravda.com/images/doc/a/5/a5b061d-030c3e4-0111c35-3--2-.jpg","ru","""Газпром"" пригрозил Молдове остановкой поставок газа","",NA,"pravda.com.ua","Российский ""Газпром"" может прекратить поставки газа в Молдову, если Кишинев не погасит долг и не договорится об условиях нового контракта с 1 декабря.
 Источник: официальный представитель ""Газпрома"" Сергей Куприянов, цитирует DW
 Прямая речь: ""При этом представители Молдовы почему-то не хотят признавать накопившуюся сумму задолженности. Представителям Молдовы также не нравится цена на газ, хотя ценообразование здесь понятно и прозрачно"".
 ""Несмотря на накопившиеся долги, молдавская сторона обращается с просьбой продлить контракт на поставку газа на октябрь и ноябрь сего года. ""Газпром"" и здесь идет навстречу, заключил контракт на октябрь и готов продлить контракт на ноябрь в том случае, если молдавская сторона полностью оплатит поставки за сентябрь и октябрь текущего года"".
 Детали: Куприянов сообщил, что долг Молдовы за поставленный газ составляет 433 млн долларов, а с учетом просрочки платежей общая сумма задолженности увеличивается до 709 млн.
 При этом Куприянов сообщил, что ""Газпром"" готов продлить контракт на поставки газа Молдове при полном погашении долга, – утверждает он.
 Как подчеркнул пресс-секретарь, в ситуации с поставками газа в Молдову нет политики, ""Газпром"" просто не может работать в убыток.
 За день до этого безрезультатно завершились двухдневные российско-молдавские переговоры, состоявшиеся у заместителя главы администрации президента РФ Дмитрия Козака.
 Согласно сообщениям СМИ, Россия предложила Молдове скидку в размере 25 процентов, однако молдавская сторона настаивала на 50 процентах, ссылаясь на нехватку средств.
 Напомним: В Молдове объявлено чрезвычайное положение в сфере энергетики из-за дефицита газа.","https://www.pravda.com.ua/rus/news/2021/10/24/7311467/","","True","10","2021","en","Russian Gazprom may stop supplying gas to Moldova if Kishinev does not pay the debt and does not agree on the terms of the new contract as of 1 December. The source: Gazprom spokesman Sergei Kupriyanov quotes DW. The direct speech reads: ""On the other hand, the representatives of Moldova are somehow reluctant to recognize the accumulated amount of debt.","Gazprom threatened Moldova with a gas stop.","{'event_type': 'trade_financial_sanction', 'model_outputs': {'-999': -0.5405737161636353, 'arms_transfer_security_aid_assistance': 0.9170403480529785, 'bribery_economic_corruption': 0.19305582344532013, 'diaspora_activation': -1.3345117568969727, 'diplomatic_mediation': -1.0328001976013184, 'diplomatic_recognition': -0.5172513127326965, 'diplomatic_sanction': 1.110672116279602, 'diplomatic_statement': 0.3414006233215332, 'diplomatic_visit': 0.1723516285419464, 'economic_aid_assistance': 0.1297687292098999, 'intelligence_counterintelligence': -0.18447327613830566, 'investment': 0.07533997297286987, 'joint_security_force_exercise': -1.0235964059829712, 'media_campaign_intervention': -0.5322799682617188, 'social_academic_cultural_activity': -0.27287596464157104, 'political_process_policy_intervention': -0.5039611458778381, 'professional_cultural_exchange': -0.2781135141849518, 'security_cooperation': -0.7423948049545288, 'security_force_facility_presence': -1.699082374572754, 'official_security_force_facility_presence': -1.5074462890625, 'surveillance': -0.057261012494564056, 'tech_transfer_investment': -0.7173553109169006, 'trade_agreement_exchange': -0.5714582204818726, 'trade_financial_sanction': 9.0294189453125, 'transnational_organization_crime': -1.2757964134216309}}","{'MDA': ['Republic of Moldova', 'Chisinau']}","{'event_type': 'threaten', 'model_outputs': {'arrest': -1.5762252807617188, 'protest': -0.6662378311157227, 'legalaction': 1.1139719486236572, 'disaster': -1.2102880477905273, 'censor': 0.3581739366054535, 'electionactivity': -1.2032287120819092, 'electionirregularities': 0.09802916646003723, 'activism': -1.0272138118743896, 'martiallaw': -0.22880564630031586, 'cooperate': 0.027529075741767883, 'coup': -1.0729163885116577, 'violencenonlethal': -0.20403599739074707, 'violencelethal': -1.8748805522918701, 'corruption': -0.5755537152290344, 'legalchange': -1.103757381439209, 'mobilizesecurity': 1.0927491188049316, 'purge': -0.6774201989173889, 'threaten': 7.746428489685059, 'raid': -0.7812255620956421, '-999': 1.9583872556686401}}","{'result': 'No', 'model_outputs': {'Yes': -1.9901676177978516, 'No': 1.3211162090301514}}","","","","","","","","Ukraine"
"64115","3032","632d55065d6bd0f3ecb09089","['Hvg Kiadó Zrt.', 'Lengyel Miklós']","2022-09-23 02:41:10.066",NA,"2022-08-22","A háború elől nemcsak nyugati irányban menekülnek Ukrajnából, hanem keletre is – sokszor nem épp a saját akaratukból - derül ki a német Der Spiegel riportjából.","https%3A%2F%2Fhvg.hu%2Fgazdasag%2F20220822_Milyen_ukrajnai_menekultnek_lenni_Oroszorszagban.json","https://images.hvg.hu/image.jpg?id=8f6c4ff1-8dde-43f8-b212-eb8b4cf3485d&view=7fcefbf8-ac48-4ee6-aef5-32203afa118c","hu","Milyen ukrajnai menekültnek lenni Oroszországban?",NA,NA,"hvg.hu","A háború elől nemcsak nyugati irányban menekülnek Ukrajnából, hanem keletre is – sokszor nem épp a saját akaratukból - derül ki a német Der Spiegel riportjából. “Minden jobb, mint holtan feküdni Mariupolban” – emlékszik vissza a menekülésre a 22 éves Valerija Korbonova, akit az oroszok egészen a kínai határ közelébe szállítottak el. A háború előtt egy kozmetikai szalonban dolgozott.
Az ostrom után az oroszok kitelepítették a lakosság egy részét. Megkérdezték tőlük, hogy Ukrajnában akartok-e maradni vagy Oroszországba menni, ahol biztonság van? Majdnem mindenki Ukrajnát választotta. Ennek ellenére a vonaton azt közölték velük, hogy Oroszországba mennek – számol be a Der Spiegel. Kilenc napig tartott az út. A végállomás Habarovszk a Távol-Keleten. 550-en érkeztek oda a rommá lőtt Mariupolból egyetlen napon.





Álomállást kaptok – ígérték nekik a riport szerint. A gyakorlatban kiderült, hogy a 22 éves lány lehet takarítónő vagy ellenőr a közjárműveken. 15 ezer rubeles fizetést ígértek és kapott egy kis lakást. 15 ezer rubel manapság mintegy 250 eurót ér. Kapott volna még 650 ezer rubelt, de ezért fel kellett volna adnia ukrán állampolgárságát és orosz állampolgárrá válnia. Ráadásul “ideiglenesen” nem hagyhatta volna el Habarovszkot.
A lánynak nem tetszett a dolog, ezért az interneten segítség után nézett. Meg is találta, mert már komoly hálózat működik az Oroszországba hurcolt ukrán polgárok kimentésére. A washingtoni külügy szerint a számuk 900 ezer és 1 millió 600 ezer között lehet. A segélyhálózat küldött egy repülőjegyet Habarovszkba. Azzal a lány Moszkvába repült, onnan vonattal tovább Szentpétervárra. Narvánál érte el az uniós határt, majd Brüsszelbe érkezett. Azóta angolul tanul és egy raktárban vállalt munkát.
A férfiaknak nehezebb





A fiatal Vlagyiszlav Krasznyikov színész volt Mariupolban, ahol a macskájával lakott egy kis lakásban. Ha nem volt fellépése, akkor verseket írt. Aztán jött a háború, amely földig rombolta az ukrán kikötővárost. Amikor az orosz tüzérség megkezdte a város szisztematikus elpusztítását, megkérdezték a helyi lakosságot: ki akar elmenni?
A 23 éves színész jelentkezett keresztapjával és annak családjával. Hova akartok menni: Ukrajnába vagy Oroszországba? – kérdezték az orosz katonák. Mindenki Ukrajnát választotta. Fel is szálltak a buszra, ahol aztán megmondták nekik: Oroszországba mennek!
“Itt kezdődött a nagy orosz hazugság” – mondja a fiatal színész, akit a többiekkel együtt egy lágerbe vittek a határ közelében. Itt mindenkit alaposan megvizsgálnak, a férfiaknál a katonai szolgálat után érdeklődnek. A színész esetében az oroszok nem akarták elhinni, hogy őt azért nem hívták be, mert szüleinek egyetlen gyermeke. Ezekben az átvilágító lágerekben sokan eltűnnek. A színésznek szerencséje volt, mert testén nem találtak semmiféle tetoválást, amely arra utalt volna, hogy valamilyen radikális ukrán szervezet tagja. Végülis Togliatti városába került, ahol a Lada autókat gyártják a Volga mentén. Állítása szerint itt jól bántak velük.


A helyi sajtó azt írta, hogy olyan menekültekről van szó, akik “az ukrán nácik karmai közül szabadultak”. Néhány ukrajnai menekült lelkesen nyilatkozott a helyi sajtónak: “A pokolból menekültünk meg, most megtanulunk félelem nélkül élni”. Az nemigen került bele az orosz lapokba, hogy az orosz tüzérség az, amely szétlőtte Mariupolt.
Az ukrajnai menekültek csapata kettévált: volt, aki Oroszországot választotta és lemondott ukrán állampolgárságáról. A fiatal színész azok közé tartozott, aki nemet mondott. Ő is a segélyhálózathoz fordult, és így jutott el Narva városába, az észt határra. Senki sem akadályozta meg a kis csapatot ebben Oroszország területén.
A színész, aki a rommá lőtt Mariupolból menekült, most Tallinnban él, de bűntudata van: nem tudja felejteni azokat a kollégáit, akik akkor haltak meg amikor fejükre omlott a színház. Mariupol színtársulata kettéoszlott azt követően, hogy az oroszok bevették a várost. Az egyik részük Nyugat-Ukrajnában folytatja viszonylag távol a harcoktól, míg más színészek újjáépítik a színházat az oroszok által elfoglalt Mariupolban.","https://hvg.hu/gazdasag/20220822_Milyen_ukrajnai_menekultnek_lenni_Oroszorszagban","Direct2","True","8","2022","en","Not only are they fleeing from the war in the western direction of Ukraine, but they also flee to the east, often not by their own will, the German report of Der Spiegel reveals.. Everything is better than to lie dead in Mariupol, in the 22-year-old Valerija Korbonova, who was transported by the Russians to the Chinese border. Before the war he worked in a cosmetic salon.. After the siege, the","What's it like to be a Ukrainian refugee in Russia?","{'event_type': '-999', 'model_outputs': {'-999': -0.31050539016723633, 'arms_transfer_security_aid_assistance': -0.9399512410163879, 'bribery_economic_corruption': -1.1344013214111328, 'diaspora_activation': 6.845544815063477, 'diplomatic_mediation': -1.1512073278427124, 'diplomatic_recognition': 0.7485101222991943, 'diplomatic_sanction': 3.403287172317505, 'diplomatic_statement': -0.20715518295764923, 'diplomatic_visit': -0.5460684895515442, 'economic_aid_assistance': 0.7439583539962769, 'intelligence_counterintelligence': 0.3988010883331299, 'investment': -0.7188714146614075, 'joint_security_force_exercise': -0.7108853459358215, 'media_campaign_intervention': -0.08978630602359772, 'social_academic_cultural_activity': 0.27121591567993164, 'political_process_policy_intervention': -0.5548437237739563, 'professional_cultural_exchange': 1.1939747333526611, 'security_cooperation': -1.240315318107605, 'security_force_facility_presence': -0.8120583295822144, 'official_security_force_facility_presence': -1.0808205604553223, 'surveillance': -1.2569282054901123, 'tech_transfer_investment': -0.9853428602218628, 'trade_agreement_exchange': -0.665797233581543, 'trade_financial_sanction': -1.0806726217269897, 'transnational_organization_crime': 0.3329241871833801}}","{'RUS': ['Russian Federation'], 'UKR': ['Ukraine']}","{'event_type': '-999', 'model_outputs': {'arrest': -0.3728207051753998, 'protest': -0.3812595009803772, 'legalaction': -0.4539579749107361, 'disaster': 0.4838467836380005, 'censor': -0.4508146643638611, 'electionactivity': 0.5029707551002502, 'electionirregularities': -1.3265151977539062, 'activism': -0.37655776739120483, 'martiallaw': -1.2061254978179932, 'cooperate': -0.2406395971775055, 'coup': -0.9317499399185181, 'violencenonlethal': 0.9561474323272705, 'violencelethal': -0.9206628799438477, 'corruption': -0.6761692762374878, 'legalchange': 0.05852051079273224, 'mobilizesecurity': -0.633886456489563, 'purge': -0.5659915804862976, 'threaten': -0.4332446753978729, 'raid': -1.4395533800125122, '-999': 9.922273635864258}}","{'result': 'No', 'model_outputs': {'Yes': -1.109178900718689, 'No': 0.6268813610076904}}","","","","","","","","Hungary"
"112290","1176","62fda75f976f12e519ed1be6","[]","2022-08-17 22:43:43.430",NA,"2022-01-18 23:27:00","Aydın Sezer, Karel Valansi ve Soli Özel, T24'e değerlendirdi...",".json","https://media-cdn.t24.com.tr/media/library/2022/01/1642538451984-d-10645-ee-97-f-3-4-b-18-8366-29129-f-94-ce-4-f.jpg","tr","Uzmanlar yorumluyor; Erdoğan'ın ""Rusya Kırım'a çöktü"" sözleri ne sonuç doğurabilir, İsrail açılımı ne anlama geliyor?",NA,NA,"t24.com.tr","Aydın Sezer, Karel Valansi ve Soli Özel, T24'e değerlendirdi.... AKP Genel Başkanı ve Cumhurbaşkanı Recep Tayyip Erdoğan, Türkiye’nin dış politikasına dair önemli sinyaller verdi. 
Erdoğan, Balkan ülkesi Arnavutluk’tan dönüşünde gazetecilere açıklama yaparken, Ukrayna sınırına asker yığınağı yapan ve Batılı güçler tarafından yakın zamanlarda bir işgal harekatı başlatabileceği konuşulan Rusya’nın 2014’te “Kırım’a çöktüğünü” ifade etti. Türkiye de neredeyse dünyanın tamamı gibi Rusya’nın Ukrayna toprağı Kırım’ı ilhakını tanımamış, ancak hiç “oraya çöktü” gibi bir ifade kullanmamıştı. Erdoğan aynı soru-cevapta gazetecilere ABD’nin yakın zamanda desteğini çektiği ortaya çıkan; Yunanistan’ın Doğu Akdeniz’de İsrail ve Güney Kıbrıs Rum kesimiyle birlikte yürüttüğü boru hattı projesi EastMed hakkında “Türkiye’siz bu iş olmaz” diyerek İsrail’le görüştüklerini söyledi; “Bu proje esasında olacak bir iş değil” dedi.
Erdoğan akşam saatlerinde Sırbistan Cumhurbaşkanı Aleksandar Vucic ile yaptığı basın toplantısında da, “Sayın (İsrail Cumhurbaşkanı Isaac) Herzog'la yapmakta olduğumuz görüşmeler var, belki Türkiye'ye bir ziyareti olabilir. Başbakan Sayın (Naftali) Benet'in bu noktalarda olumlu bazı yaklaşımları var. Hedef olumlu yaklaşımlarla bir yere varmak"" ifadelerini kullandı. Ankara, son zamanlarda bölgedeki birçok eski “hasmıyla” farklı seviyelerde normalleşme adımları attı; Birleşik Arap Emirlikleri, Suudi Arabistan,  Ermenistan… İsrail’le de normalleşmeye dair önemli sinyaller vardı, ancak Herzog’un yapacağı bir Türkiye ziyareti süreci doğal olarak farklı bir seviyeye taşıyabilir. 
Cumhurbaşkanı’nın verdiği bu mesajları T24 olarak bahsi geçen ülkeler konusunda önemli birikimleri olan isimlere sorduk...
Özel ve Sezer: Rusya, Kıbrıs’ı gündeme getirebilir
İlk olarak Erdoğan’ın oldukça sert, “Rusya, Kırım’a çöktü” ifadesinden başlayalım.
Türkiye’nin önde gelen diplomasi analistlerinden Kadir Has Üniversitesi öğretim görevlisi Soli Özel, Türkiye’nin “zayıf zeminde üzerinde durduğu bir konuda sert yorumlar yaptığını”; Rusya’nın Erdoğan’ın çöktü ifadesine karşılık “Suriye veya daha da kötüsü Kıbrıs üzerinden benzer bir çıkış yapabileceğini” ifade etti. 
Türkiye’nin ilhakı tanımayarak ama ambargolara da katılmayarak Kırım konusunda hep tutarlı davrandığını söyleyen Özel, “Ruslar bunlara sözle karşılık verdiler ancak can acıtıcı bir hamle yapmadılar” derken, Erdoğan’ın bu seferki sözlerinin daha ağır olduğunu ve dolayısıyla daha sert bir karşılık alabileceğini dile getirdi. 
Soli Özel
Rusya konusunda uzman dış politika analisti Aydın Sezer de Rusya’nın bir süredir “Türkiye’nin 1974’te Kıbrıs’a çöktüğüne” inandığına dair sinyaller verdiğini, ancak bunu hiç böyle bir ifadeyle dile getirmediğini, “İşgalse, işgaldir” dediğini söyledi. Moskova’nın son dönemlerde Türkiye’nin Suriye’deki faaliyetlerini de eleştirdiğine dikkat çeken Sezer, “Dolayısıyla bugün yarın Rusya, ‘Türkiye kendisine baksın’ diye bir açıklama yapabilir” dedi ve ekledi; “Tabii Erdoğan’ın açıklamasını ciddiye alırlarsa”. 
“(Gazetecilerin Erdoğan’a sorduğu) Bu soruların da cevapların da önceden hazırlandığı düşünülünce biraz daha özen gösterilmesi gerekiyordu” diyen Sezer, “Çöktü’ ifadesi Rusya’nın mutlaka misilleme yapacağı bir ifade olacak. Bunu biz analistler ve gazeteciler ‘çöktü’ diye yorumlayabiliriz ama bir devlet başkanının bu şekilde konuşması açıkçası hiç hoş olmadı. Özellikle konu Rusya olduğunda” değerlendirmesinde bulundu.
Aydın Sezer
Valansi: Yakın zamanda Hamas konusunda bir gelişme bekleyebiliriz
T24 ve Şalom yazarı Karel Valansi, Erdoğan’ın potansiyel Herzog ziyareti ve İsrail’le ilişkilere dair açıklamalarının “çok olumlu” olduğunu ifade etti. 
“Henüz İsrail tarafı sessiz” diyen Valansi, “Görüldüğü kadarıyla Cumhurbaşkanı Erdoğan ilişkileri daha önceden Ankara’yı sert bir şekilde eleştirmiş olan Başbakan’la (Benet) değil, Cumhurbaşkanı Herzog ile geliştirmekten yana” değerlendirmesinde bulundu.
Mavi Marmara olayı sonrasında dahi iki ülke arasındaki ilişkilerin kapalı kapılar ardında devam ettiğini vurgulayan Valansi, “Anlaşılan o ki şimdi de böylesi bir hareketlilik var ve özellikle Ankara ilişkileri iyileştirmekten yana” dedi.
Valansi, Türkiye’nin İsrail’le ilişkileri normalleştirme girişimi kararında “yalnızlık ve yanlış dış politika tercihleri kadar doğalgaz ilişkilerinin de itici güç oluşturduğunu” belirtirken güvenin yeniden tesisinin çok önemli olduğuna dikkat çekti. 
Valansi, “Cumhurbaşkanı İsrail’in hassasiyetlerini bildiğini belirtmişti. Demek ki yakın zamanda Hamas konusunda bir gelişme bekleyebiliriz” yorumunu yaptı. 
Karel Valansi
Soli Özel de, “Belli ki İsrail ile ilişkileri iyileştirmek giderek önemli bir hal alıyor” derken, Ankara’nın İsrail’le ilişkileri düzeltmeyi ABD ile de ilişkileri düzeltmek için bir anahtar olarak görüyor olabileceğini belirtti. Özel, iktidarın bu adımının ABD’nin yasama organı Kongre’nin Türkiye’ye yönelik duruşunu yumuşatmak açısından önemli rol oynayabileceğine inanıyor olabileceği görüşünü sundu. Kongre, Türkiye’ye F-16 satılması konusunda karar verici rolü oynayacak. Kararın Başkan Joe Biden’ın masasına gelmesi için Kongre’den geçmesi gerekiyor.
“Herzog’un Türkiye’ye gelmesi tabii ki büyük olay olur” diyen Özel, “İsrail Türkiye kadar iştahlı mı bu konuda onu da tam kestiremiyorum; ama iki İsraillinin tutuklanması olayında verdikleri tepkiler, telefon konuşmaları vs. onların da bu ilişkiyi canlandırmak istediklerini düşündürüyor” dedi. 2021’in Kasım ayında iki İsrail vatandaşı, Çamlıca Kulesi’ne çıkarak Cumhurbaşkanı Erdoğan’ın konutunun fotoğrafını çektikleri iddia edilerek gözaltına alınmıştı. Çift daha sonra serbest bırakılıp ülkelerine dönmüş, İsrail yönetimi de Erdoğan’a teşekkür etmişti. 
Özel, “Türkiye bu hedefe İstanbul’daki Hamaslıları dizginlemeden ya da Hamas konusunda İsrail'in istediklerini yapmadan varabilir mi ondan emin değilim. Göreceğiz” değerlendirmesinde bulundu. 
Öte yandan Valansi, İsrail Dışişleri Bakanı Yair Lapid’in iki hafta önce yaptığı bir açıklamaya dikkat çekti. Lapid bu konuşmada, “Refaha, istikrara katkı sağlayacak ülkelerle ilişki kurmayı kesinlikle istiyoruz. Ancak İsrail ile 3.bir ülke (Valansi’ye göre bu ülke Türkiye) arasındaki ilişkilerin iyileştirilmesi hiçbir zaman yakın ilişkilerimiz olan diğer ülkelerle (Valansi’ye göre bu ülke Yunanistan) ilişkilerimiz pahasına değil”. Valansi, Erdoğan’ın açıklamasından sonra  İsrailli yetkililerden yine benzer bir söylem duyulabileceğini ifade etti.
Sezer: Ankara yüksek frekanstan açıklamalar yaptı; ama demek ki EastMed’e Erdoğan da inanmıyormuş
Aydın Sezer, Erdoğan’ın EastMed (Doğu Akdeniz- projenin ismi Eastern Mediterranean’ın kısaltmasından geliyor) projesi  ile ilgili açıklamalarını anlamak için, projenin kısa tarihine bakmak gerektiğini söyledi.




Aydın Sezer'den bir bakışta EastMed süreci
Aydın Sezer, Doğu Akdeniz (EastMed) projesi ile bölgedeki enerji projeleri ve stratejileri konusunda devletler ve şirketlerin pozisyonunu da içeren gelişmeleri T24 okurları için şöyle özetledi:
“EastMed boru hattı projesi, yaklaşık 10 yıllık geçmişi olan bir proje. İlk kez Avrupa Birliği, alternatif enerji kaynaklarının Avrupa’ya ulaşımı için araştırma yapıyordu. Bunun için de 34 milyon Euro’luk fizibilite çalışması için bir bütçe ayırdı. Daha sonra özellikle 2018-2019’dan itibaren Yunanistan ve özellikle Kıbrıs’ın güney kısmında, Afrodit sahasında enerji yatakları bulunmasını mütakiben Yunanistan ve GKRY bu doğalgazın bir boru hattıyla Avrupa’ya götürülmesi üzerine yoğunlaştı. Olay birden bire bir siyasi nitelik kazandı. Daha sonra bu iki ülke İsrail’i de ikna ederek İsrail’in Livyatan bölgesinden, daha sonra Afrodit’ten ve Girit’in kuzeyinden geçen hatla Avrupa’ya ulaşan projeyi siyasi temelli olarak gündeme getirdiler. Bununla ilgili de anlaşmalar imzalandı 2 Ocak 2020’de. Dönemin ABD dışişleri bakanı Mike Pompeo’nun da bizzat destek verdiği; ABD’nin 3+1 olgusuyla destek verdiği bir siyasi projeydi. Ancak AB ilk etapta akla yatkın bulsa da, son dönemlerdeki petrol ve doğalgaz fiyatlarındaki dalgalanmalara bağlı olarak projenin ekonomik olmadığı konusunda tartışmalar başladı. Projenin boru hattının inşasını bir İtalyan ve Yunan şirket üstlendi. İtalyan Poseidon ve Yunan devlet şirketi. Fakat geçtiğimiz sene, 2021 başlarında Doğu Akdeniz’de asıl oyuncu olarak Chevron, Delek’in hisselerini satın alarak adeta Kıbrıs parsellerinde ExxonMobil’in de önüne geçen bir şirket oldu. Dolayısıyla projenin akla yatkın olup olmadığı boyutu tartışılmaya başlandı. Bu noktada Doğu Akdeniz’de en önemli yataklara sahip Mısır, zaten LNG terminalleriyle bunu tüm dünya pazarlarına satmaya başlamıştı. Hatta Türkiye, Mısır LNG’sinin Çin'den sonra ikinci en büyük alıcısı. 
Bir başka önemli gelişme de 2000’lerden itibaren gündemde olan ve inşasına başlanan Arap Boru Hattı. Mısır’dan başlayıp Ürdün’den geçen, Suriye’nin Homs kentine kadar gelen bir boru hattı bu. Homs’a kadarki hat fiziki olarak inşa edildi. İki yan dalı var. Birisi İsrail’e ulaşıyor Ürdün’den. Diğeri, Homs’tan Lübnan’a ulaşıyor. Bu hattın Türkiye’ye kadar gelmesi planlandı. Kilis’e gelmesi gerekiyordu. Türkiye’nin Suriye’yle balayı döneminde de Kilis-Halep bağlantısı inşa edildi. Ancak Homs ve Halep arası inşa edilmedi. Kilis-Halep kısmı 10 yıl önce bitti, test edildi; ancak iç savaş nedeniyle aktifleşemedi. 
Şimdi son siyasi gelişmelerde ABD, Suriye’ye uyguladığı Caesar Yasası’na bir istisna getirerek Mısır’dan ve/veya İsrail’den gelecek doğal gazın Lübnan’a ulaşmasına yeşil ışık yaktı. Şu anda bu proje üzerinde çalışıyor. İnşaatı falan bitti, teknik işlemler yapılıyor. Dolayısıyla Doğu Akdeniz’de, Doğu Akdeniz gazının Türkiyesiz bir işe yaramayacağı cihetle Türkiye’ye tekrar ulaşmasının önü açılmış oldu. Tabii bu Suriye Savaşı’na bağlı olarak ortaya çıkacak bir gelişme. 
Şimdi Doğu Akdeniz’de, özellikle Mısır’ın son parselasyonlarıyla birlikte; ENI, Chevron, ExxonMobil’in de büyük oyuncu olarak sahaya girmesiyle birlikte bu gazın nasıl değerlendirileceği konusunda bütün hesap-kitap tekrar yapılmaya başlandı. LNG çok önemli bir seçenek; Mısır LNG’si ABD enerjisinden, Katar körfez enerjisinden farklı ve coğrafik olarak daha mantıklı bir saha oldu. Dolayısıyla bu noktada fizibiliteye bağlı olarak ve Chevron’un da öngörüleri doğrultusunda ABD bir anda EastMed’e verdiği desteği geri çektiğini bildirdi ama Doğu Akdeniz’i elektrifikasyonla bağlayalım türünde bir açıklama yaptı.""




Aydın Sezer, “EastMed projesini ciddiye alan tek ülke Türkiye’ydi” derken, Ankara’nın projeyle ilgili yüksek frekanstan da birçok açıklama yaptığına dikkat çekti.
“Aslında bize ait olmayan bir gazın, bize ait olmayan bir pazara gitmesi konusunda söz söylememiz son derece abesle iştigaldi” diyen Sezer, zaten Türkiye’de enerji uzmanlarının uzun zamandır bu projenin akla yatkın olmadığını ve muhtemelen hayata geçirilmeyeceğini savunduğuna dikkat çekti. Sezer uzmanların bin 900 kilometrelik bir boru hattıyla Avrupa’da Rus enerjisiyle rekabet edilemeyeceğini söylediğini hatırlatırken, “Hattın kapasitesi Rusya’dan Türkiye’ye gelen TürkAkım boru hatlarından bir tanesinin bile kapasitesini karşılamıyor” dedi.
Sezer, ABD’nin Trump döneminde desteklenen projeden desteğini “Türkiye’ye taviz için çektiği” iddialarının da “yanlış” ve “saçma sapan” olduğu değerlendirmesinde bulundu. 
Sezer, “Bugün Erdoğan’ın da açıklamalarını okuyunca demek ‘Erdoğan da inanmıyormuş’ diye güldüm açıkçası. Bu defa doğru bir şey söyledi. Türkiye’nin pozisyonu bu değildi, dolayısıyla EastMed şu aşamada başlamadan biten bir proje oldu” yorumunu yaptı. Erdoğan, Arnavutluk dönüşü gazetecilere yaptığı açıklamasında, “Bu proje esasında olacak bir iş değil” demişti.
Anlattıklarına bir şerh düşen dış politika uzmanı “dünya petrol fiyatları 120-130 dolar varile ulaşırsa bu EastMed projesi tekrar gündeme gelir” derken şu değerlendirmelerde bulundu;
“O olduğu ve tekrar gündeme geldiği zaman da hayata geçip geçmeyeceğine tekrar enerji şirketleri karar verir; ülkeler değil. Enerjiyi çıkaranlar şirketler. Şirketler enerjiyi nereye satacaklarını bilmeden ne boru döşerler, ne LNG yatırımına girerler. Siyasi irade belirleyici değil. Dolayısıyla bu saha, çok uluslu şirketlerin oyun sahası. Onlar nereden isterse oradan geçer”.","https://t24.com.tr/haber/uzmanlar-yorumluyor-erdogan-in-rusya-kirim-a-coktu-sozleri-ne-sonuc-dogrurabilir-israil-acilimi-ne-anlama-geliyor,1009000","Direct2","True","1","2022","en","Aydın Sezer, Karel Valansi and Soli Special have evaluated to T24... AKP President and President Recep Tayyip Erdogan have issued important signals about Turkey's foreign policy. Erdoğan has stated that Turkey had collapsed in 2014, when the Balkan country was reporting to journalists on its return from Albania.","Experts are commenting on Erdoğan's words, ""Russia has fallen into Crimea,"" what could be the result, and what does Israel's expansion mean?","{'event_type': 'diplomatic_statement', 'model_outputs': {'-999': -0.2092798501253128, 'arms_transfer_security_aid_assistance': -1.618933081626892, 'bribery_economic_corruption': -1.4022351503372192, 'diaspora_activation': 1.0603153705596924, 'diplomatic_mediation': -0.2620464861392975, 'diplomatic_recognition': 1.158750057220459, 'diplomatic_sanction': 0.18759386241436005, 'diplomatic_statement': 4.419973850250244, 'diplomatic_visit': -0.32995158433914185, 'economic_aid_assistance': -0.8479541540145874, 'intelligence_counterintelligence': 0.04343707859516144, 'investment': 4.061351776123047, 'joint_security_force_exercise': -1.9567933082580566, 'media_campaign_intervention': -0.37021228671073914, 'social_academic_cultural_activity': 0.22197479009628296, 'political_process_policy_intervention': 0.7235033512115479, 'professional_cultural_exchange': -0.7868245840072632, 'security_cooperation': 1.1662094593048096, 'security_force_facility_presence': 0.15320676565170288, 'official_security_force_facility_presence': -1.1202325820922852, 'surveillance': -0.815787672996521, 'tech_transfer_investment': -0.5902118682861328, 'trade_agreement_exchange': -1.1557493209838867, 'trade_financial_sanction': -0.8534476161003113, 'transnational_organization_crime': -1.0390355587005615}}","{'RUS': ['Russian Federation'], 'ISR': ['State of Israel'], 'TUR': ['Republic of Turkey'], 'ALB': ['Republic of Albania'], 'TKM': ['Balkan'], 'AUS': ['Crimea']}","{'event_type': '-999', 'model_outputs': {'arrest': -0.7715115547180176, 'protest': -0.4247899055480957, 'legalaction': -0.29646944999694824, 'disaster': 0.6899828910827637, 'censor': -0.6978867650032043, 'electionactivity': 0.4912886917591095, 'electionirregularities': -1.3791229724884033, 'activism': -1.1954721212387085, 'martiallaw': -1.0458223819732666, 'cooperate': 0.3473241329193115, 'coup': -0.6996620297431946, 'violencenonlethal': 0.5737109184265137, 'violencelethal': -0.8309826254844666, 'corruption': -0.42513057589530945, 'legalchange': 0.025481760501861572, 'mobilizesecurity': -0.9379435777664185, 'purge': -0.44867488741874695, 'threaten': 0.09837231040000916, 'raid': -1.6428040266036987, '-999': 10.155590057373047}}","{'result': 'Yes', 'model_outputs': {'Yes': 0.8529999256134033, 'No': -0.7100178599357605}}","diplomatic_statement","-999","diplomatic_statement","-999","","['Russia']","No","Turkey"
"124963","713","615fd90ea2bbe2e98868b1f8","['Петер Сійярто. Фото З Вікіпедії']","2021-10-08 01:37:18.815","","2021-09-20 00:00:00","Міністр закордонних справ Угорщини Петер Сійярто, який планує взяти участь в осінній сесії 76-ї Генасамблеї ООН, може не потрапити туди через те, що був вакцинований російським препаратом Спутник V.","https%3A%2F%2Fwww.pravda.com.ua%2Fnews%2F2021%2F09%2F20%2F7307746%2F.json","https://img.pravda.com/images/doc/0/d/0d741c6-1112px-2019-gedenkveranstaltung-30-jahre-fall-des-eisernen-vorhangs--48141989148---1-.jpg","uk","Глава МЗС Угорщини може не потрапити на Генасамблею ООН через вакцинацію “Спутником V”","",NA,"pravda.com.ua","Міністр закордонних справ Угорщини Петер Сійярто, який планує взяти участь в осінній сесії 76-ї Генасамблеї ООН, може не потрапити туди через те, що був вакцинований російським препаратом ""Спутник V"".Як повідомляє ""Європейська правда"", про це пише угорське видання Nepszava.Міністру зробили в березні щеплення російською вакциною, про що він сам повідомив на своїй сторінці в Facebook. Однак ""Спутник V"" не визнають у більшості країн світу і він не отримав дозволу від Європейського агентства з лікарських засобів, Всесвітньої організації охорони здоров'я або органів охорони здоров'я США.На Генеральній асамблеї ООН зможуть особисто бути присутнім тільки ті, хто вакцинований визнаними ВООЗ або США препаратами.В принципі для поїздки в США досить негативного результату ПЛР-тесту, але місто Нью-Йорк, де проходить Генасамблея, і сама ООН ввели суворіші правила. Тільки вакциновані зможуть бути присутніми на зборах особисто.Сійярто також хотів би особисто бути присутнім на Генасамблеї, тому що в уряду Угорщини великі плани на сесію наступного року: він може висунути угорських кандидатів на пост голови двох комітетів.Минулого тижня російська делегація в ООН протестувала проти вимоги про певні вакцини, очевидно, вони теж були вакциновані ""Спутником"". Посол РФ в ООН Василь Небензя направив листа голові Генасамблеї, в якому назвав суворі положення ""дискримінаційними"", але російський протест поки що не дав результатів.Однак ООН залишила лазівку: на місці буде створено пункт вакцинації, так що Сійярто зможе зробити собі щеплення іншою вакциною, яка визнається ВООЗ або США.Нагадаємо, президенти України, Польщі, Молдови та прем'єр-міністр Грузії проведуть спільну зустріч в Нью-Йорку в рамках візиту на Генеральну асамблею ООН.Засновник проекту: Георгій ГонгадзеГоловний редактор: Севгіль МусаєваРедактор-засновник: Олена ПритулаE-mail редакції: editor@pravda.com.ua","https://www.pravda.com.ua/news/2021/09/20/7307746/","ccnews","True","9","2021","en","The U.N. Foreign Minister Peter Siyarto, who plans to participate in the fall session of 76 G.N.a., may not be there because he was vaccinated by the Russian Sputnik V. As reported in European Truth, he writes the Hungarian edition of Nepszava. The Minister was vaccinated in March by a Russian vaccine, which he reported on at his own time.","The head of the ISS Hungary may not be on the United Nations Genacombium because of the vaccine of ""Sputnik V.""","{'event_type': '-999', 'model_outputs': {'-999': -0.45322898030281067, 'arms_transfer_security_aid_assistance': -0.7559607028961182, 'bribery_economic_corruption': -0.7135353088378906, 'diaspora_activation': 1.0779329538345337, 'diplomatic_mediation': 1.00877845287323, 'diplomatic_recognition': -0.07605993747711182, 'diplomatic_sanction': 1.2640695571899414, 'diplomatic_statement': -0.7653842568397522, 'diplomatic_visit': 3.9200804233551025, 'economic_aid_assistance': -0.28710371255874634, 'intelligence_counterintelligence': -0.5105715394020081, 'investment': -1.1191277503967285, 'joint_security_force_exercise': 3.520029067993164, 'media_campaign_intervention': -0.5581540465354919, 'social_academic_cultural_activity': -0.21549063920974731, 'political_process_policy_intervention': -0.4439111053943634, 'professional_cultural_exchange': 3.2535369396209717, 'security_cooperation': 3.234610080718994, 'security_force_facility_presence': -0.7181380987167358, 'official_security_force_facility_presence': -0.5189367532730103, 'surveillance': -1.6122550964355469, 'tech_transfer_investment': -0.8808338046073914, 'trade_agreement_exchange': -1.1107228994369507, 'trade_financial_sanction': -1.3454315662384033, 'transnational_organization_crime': -1.1912890672683716}}","{'HUN': ['Hungary']}","{'event_type': '-999', 'model_outputs': {'arrest': -0.2927958369255066, 'protest': -0.8539021611213684, 'legalaction': 0.05692855268716812, 'disaster': 0.236432284116745, 'censor': -0.31255754828453064, 'electionactivity': 0.5759831666946411, 'electionirregularities': -1.0325175523757935, 'activism': -1.1604015827178955, 'martiallaw': -0.975666880607605, 'cooperate': -0.2638533115386963, 'coup': -1.0059622526168823, 'violencenonlethal': 0.09093506634235382, 'violencelethal': -0.984310507774353, 'corruption': -0.08476410806179047, 'legalchange': 0.42580926418304443, 'mobilizesecurity': -0.7796833515167236, 'purge': -0.26413437724113464, 'threaten': -0.21863266825675964, 'raid': -1.2074031829833984, '-999': 10.241312980651855}}","{'result': 'No', 'model_outputs': {'Yes': -2.0973358154296875, 'No': 1.5319877862930298}}","","","","","","","","Ukraine"
"46441","3874","632add27895e1cb5fa96cd40","[]","2022-09-21 05:45:11.475",NA,"2022-08-31 14:01:00","","https%3A%2F%2Fgolosarmenii.am%2Farticle%2F157220%2Fmid-rf-ne-v-kurse-kontaktov-s-turciej-po-voprosu-%C2%ABzangezurskogo-koridora%C2%BB.json","https://golosarmenii.am/media/photos/album141/140032_750_463.jpg","ru","МИД РФ не в курсе контактов с Турцией по вопросу ""Зангезурского коридора""","","","golosarmenii.am","По ее словам, в рамках рабочей группы необходимо согласовать «пакетное решение по конкретным маршрутам, которое основывалось бы на принципе уважения суверенитета Армении и Азербайджана и работало на безопасность и экономическое благополучие Южного Кавказа». Ранее замминистра торговли Турции, начальник Таможенного департамента Резу Туна Турагая заявил, что Турция и Россия ведут переговоры на высоком уровне по открытию «Зангезурского коридора»","https://golosarmenii.am/article/157220/mid-rf-ne-v-kurse-kontaktov-s-turciej-po-voprosu-«zangezurskogo-koridora»","Direct2","True","8","2022","en","She said that the working group should agree on a ""pack decision on specific routes based on the principle of respect for the sovereignty of Armenia and Azerbaijan and working for the security and economic well-being of the South Caucasus."" Earlier, the Deputy Minister of Trade of Turkey, the head of the Customs Department Resu Touna Turagaya, stated that Turkey and Russia were negotiating at a high level to open the ""Zangezura Corridor""","The Ministry of Foreign Affairs of the Russian Federation is not aware of contacts with Turkey on the ""Zangezour corridor""","{'event_type': '-999', 'model_outputs': {'-999': -0.5627804398536682, 'arms_transfer_security_aid_assistance': -0.13885261118412018, 'bribery_economic_corruption': -0.7382110953330994, 'diaspora_activation': -1.594645380973816, 'diplomatic_mediation': 0.030514728277921677, 'diplomatic_recognition': 6.498968601226807, 'diplomatic_sanction': 1.3408561944961548, 'diplomatic_statement': -0.49326270818710327, 'diplomatic_visit': 1.3320286273956299, 'economic_aid_assistance': -0.030046477913856506, 'intelligence_counterintelligence': -0.733608603477478, 'investment': -0.6179158687591553, 'joint_security_force_exercise': -0.5788382291793823, 'media_campaign_intervention': -0.8814415335655212, 'social_academic_cultural_activity': -0.6073025465011597, 'political_process_policy_intervention': 0.759103000164032, 'professional_cultural_exchange': -0.24956904351711273, 'security_cooperation': -0.28608086705207825, 'security_force_facility_presence': -2.344947338104248, 'official_security_force_facility_presence': -0.21987475454807281, 'surveillance': -1.9990060329437256, 'tech_transfer_investment': -2.012576103210449, 'trade_agreement_exchange': 3.3890724182128906, 'trade_financial_sanction': 0.6857603192329407, 'transnational_organization_crime': -1.340759515762329}}","{'TUR': ['Republic of Turkey'], 'ARM': ['Republic of Armenia'], 'AZE': ['Republic of Azerbaijan'], 'RUS': ['Russian Federation']}","{'event_type': '-999', 'model_outputs': {'arrest': -0.9023053646087646, 'protest': -0.6165578365325928, 'legalaction': -1.7964866161346436, 'disaster': 1.1801005601882935, 'censor': -1.013430118560791, 'electionactivity': 0.4806727170944214, 'electionirregularities': -1.6252684593200684, 'activism': -1.189796805381775, 'martiallaw': -0.9129750728607178, 'cooperate': 5.981223106384277, 'coup': -1.5604711771011353, 'violencenonlethal': -0.7491790056228638, 'violencelethal': -0.003963038325309753, 'corruption': -0.35683003067970276, 'legalchange': -0.9831333160400391, 'mobilizesecurity': -0.056998759508132935, 'purge': 0.2659912109375, 'threaten': -0.2437407374382019, 'raid': -1.399638056755066, '-999': 7.117230415344238}}","{'result': 'Yes', 'model_outputs': {'Yes': 0.9882778525352478, 'No': -0.8501805663108826}}","-999","-999","-999","-999",NA,"['Russia']","No","Armenia"
"108433","1643","62841255d8c6f4df8866957f","[]","2022-05-17 17:23:24.042",NA,"2022-03-17 11:10:30","Dolar kaç TL? 1 dolar ne kadar? 17 Mart 2022 - Dolar 17 Mart Perşembe günü 14.68 TL'den işlem görüyor. Güne 14.60 TL seviyelerinde başlayan dolar kuru, Rusya Ukrayna savaşı gölgesinde geçen haftayı yukarı yönlü seyir ile tamamladı. Dolar, Türk Lirası karşısında günü 0.45% değer kaybı ile tamamladı.","https%3A%2F%2Fwww.sozcu.com.tr%2F2022%2Fekonomi%2Fdolar-kac-tl-1-dolar-ne-kadar-17-mart-2022-7016232%2F.json","https://i01.sozcucdn.com/wp-content/uploads/2022/03/17/iecrop/dolar-shu_16_9_1646898534_16_9_1647504479-670x371.jpg","tr","Dolar kaç TL? 1 dolar ne kadar? 17 Mart 2022",NA,NA,"sozcu.com.tr","Dolar kaç TL? 1 dolar ne kadar? 17 Mart 2022
Dolar 17 Mart Perşembe günü 14.68 TL'den işlem görüyor. Güne 14.60 TL seviyelerinde başlayan dolar kuru, Rusya Ukrayna savaşı gölgesinde geçen haftayı yukarı yönlü seyir ile tamamladı. Dolar, Türk Lirası karşısında günü 0.45% değer kaybı ile tamamladı.
Yazıları büyüt
Yazıları küçült
Standart boyut
Fed faiz kararını takip edilen dünkü işlem gününde 14.400 bandı üstündeki seyrini koruyan dolar kurunda bugün gözler TCMB faiz kararında olacak. TCMB'nin bu toplantısında politika faizini yüzde 14.00 seviyesinde sabit bırakması bekleniyor.
DOLAR KAÇ TL? 1 DOLAR NE KADAR?
DOLAR NE KADAR?
1 Dolar bugün satış olarak ise 14.68TL dolaylarında işlem görüyor.
100 DOLAR NE KADAR?
100 Dolar bugün satış olarak ise 1.468 TL dolaylarında işlem görüyor.
DOLAR YORUMLARI 17 MART T 2022
Ekonomi uzmanlarının 17 Mart 2022 dolar yorumları: Fed'in hızlı sıkılaştırma sinyalleri vermesinin ardından, TCMB toplantısı öncesinde DolarTL 14.66 seviyesinde bulunuyor. DolarTL son iki haftadaki yükselişini bu hafta sürdürmese de önemli bir geri çekilme kaydedemedi. Geri çekilmelerde tepki alımlarının geldiği takip ediliyor. Olası geri çekilmelerde 14.59 ve 14.40 destek seviyeleri takip edilebilir. Yukarı yönlü seyirlerde ise 14.75 seviyesi direnç konumunda bulunmaktadır. 14.75 seviyesi üzerinde seyirler görülmesi kurun 15.00 seviyesine kadar yükselmesinde etkili olabilir.","https://www.sozcu.com.tr/2022/ekonomi/dolar-kac-tl-1-dolar-ne-kadar-17-mart-2022-7016232/","","True","3","2022","en","How much is a dollar? How much is a dollar? $1.1? $17.2022 is processed at $14.68 on Thursday (March 17th). The dollar started at $14.60 a day and completed last week in the shadow of the Russian Ukrainian war. The dollar completed its day with a 0.45% loss in the face of the Turkish lira. Grow the articles.","How much is a dollar? How much is a dollar?","{'event_type': '-999', 'model_outputs': {'-999': -0.6858859062194824, 'arms_transfer_security_aid_assistance': 0.12043559551239014, 'bribery_economic_corruption': 0.02582125924527645, 'diaspora_activation': -0.788799524307251, 'diplomatic_mediation': -0.04998922348022461, 'diplomatic_recognition': -1.1340105533599854, 'diplomatic_sanction': -0.8119014501571655, 'diplomatic_statement': 2.1609442234039307, 'diplomatic_visit': -0.5301933288574219, 'economic_aid_assistance': 3.1783628463745117, 'intelligence_counterintelligence': -1.2108025550842285, 'investment': 1.7153372764587402, 'joint_security_force_exercise': -1.7204551696777344, 'media_campaign_intervention': -1.1058801412582397, 'social_academic_cultural_activity': -0.9852254390716553, 'political_process_policy_intervention': -0.27511972188949585, 'professional_cultural_exchange': -0.8143668174743652, 'security_cooperation': -0.24661237001419067, 'security_force_facility_presence': -1.7645795345306396, 'official_security_force_facility_presence': -1.228006362915039, 'surveillance': 0.38666388392448425, 'tech_transfer_investment': -1.2084503173828125, 'trade_agreement_exchange': 1.142264723777771, 'trade_financial_sanction': 4.737420558929443, 'transnational_organization_crime': -0.7018947005271912}}","{}","{'event_type': '-999', 'model_outputs': {'arrest': -0.26267677545547485, 'protest': -0.39964771270751953, 'legalaction': 0.5359847545623779, 'disaster': 0.15961915254592896, 'censor': -0.5214806795120239, 'electionactivity': 0.01374216377735138, 'electionirregularities': -1.4568874835968018, 'activism': -0.5539430975914001, 'martiallaw': -1.2910444736480713, 'cooperate': -0.18181520700454712, 'coup': -1.0747015476226807, 'violencenonlethal': 0.4017777144908905, 'violencelethal': -1.1068062782287598, 'corruption': -0.021310120820999146, 'legalchange': 0.5767554640769958, 'mobilizesecurity': -1.0633430480957031, 'purge': -0.8351237773895264, 'threaten': -0.08239379525184631, 'raid': -1.2493586540222168, '-999': 10.016446113586426}}","{'result': 'No', 'model_outputs': {'Yes': -1.886000156402588, 'No': 1.3801000118255615}}","-999","-999","-999","-999","","[]","No","Turkey"
"5332","3919","62718602c401db38a8ea3b7e","[]","2022-05-03 15:44:02.378",NA,"2022-04-04 13:50:00","Presidenti rus Vladimir Putin ka uruar homologun e tij serb Aleksandar Vuçiç pas fitores në zgjedhjet e djeshme presidenciale. Sipas mediave vendase Putin ka reaguar me një mesazh në Telegram pret që puna e tij në krye të shtetit të vazhdojë të kontribuojë në forcimin e partneriteteve strategjike që ekzistojnë midis dy shteteve. “Unë pres që","http%3A%2F%2Fwww.panorama.com.al%2Fvladimir-putin-uron-vucic-per-fitoren-ne-zgjedhjet-presidenciale-ne-serbi-do-forcojme-partneritetin-mes-dy-vendeve%2F.json","http://www.panorama.com.al/wp-content/uploads/2022/04/1238603.jpg","sq","Vladimir Putin uron Vuçiç për fitoren në zgjedhjet presidenciale në Serbi: Do forcojmë partneritetin mes dy vendeve",NA,NA,"panorama.com.al","Presidenti rus Vladimir Putin ka uruar homologun e tij serb Aleksandar Vuçiç pas fitores në zgjedhjet e djeshme presidenciale.Sipas mediave vendase Putin ka reaguar me një mesazh në Telegram pret që puna e tij në krye të shtetit të vazhdojë të kontribuojë në forcimin e partneriteteve strategjike që ekzistojnë midis dy shteteve.“Unë pres që puna juaj në krye të shtetit do të vazhdojë të kontribuojë në forcimin e partneriteteve strategjike që ekzistojnë mes dy vendeve tona. Kjo është pa dyshim në interesin e popujve vëllazërorë të Rusisë dhe Serbisë” ka shkruar Putin.Ai ka theksuar se rezultati i zgjedhjeve konfirmon mbështetjen e gjerë të Serbisë për kursin e Vuçiç që sipas tij synon zgjidhjen e problemeve urgjente dhe ekonomike në ndjekjen e një politike të jashtme të pavarur”, ka thënë ai sipas Ria Novosti.","http://www.panorama.com.al/vladimir-putin-uron-vucic-per-fitoren-ne-zgjedhjet-presidenciale-ne-serbi-do-forcojme-partneritetin-mes-dy-vendeve/","Direct2","True","4","2022","en","Russian President Vladimir Putin has congratulated his Serbian counterpart Aleksandar Vucic after winning yesterday's presidential elections. According to local media Putin has responded with a message to Telegram, he expects his work at the head of the state to continue to contribute to the strengthening of strategic partnerships that exist between the two states. I expect that your work at the head of state will continue to contribute to the strengthening of strategic partnerships that exist between our two countries. This is certainly in the interest","Vladimir Putin congratulates Vucic for victory in presidential elections in Serbia: We Will Strengthen Partnership Between Two Countries","{'event_type': '-999', 'model_outputs': {'-999': -0.5754890441894531, 'arms_transfer_security_aid_assistance': -0.5000145435333252, 'bribery_economic_corruption': -1.6247235536575317, 'diaspora_activation': -0.051087357103824615, 'diplomatic_mediation': 0.42982345819473267, 'diplomatic_recognition': -0.0981866791844368, 'diplomatic_sanction': -0.32067352533340454, 'diplomatic_statement': 7.235732078552246, 'diplomatic_visit': 1.8335680961608887, 'economic_aid_assistance': -0.7263218760490417, 'intelligence_counterintelligence': -0.9625988006591797, 'investment': -0.35092806816101074, 'joint_security_force_exercise': -1.9276875257492065, 'media_campaign_intervention': -0.8985944986343384, 'social_academic_cultural_activity': -0.5578576326370239, 'political_process_policy_intervention': 4.4960432052612305, 'professional_cultural_exchange': -0.5092172026634216, 'security_cooperation': -0.048746831715106964, 'security_force_facility_presence': -0.6613432168960571, 'official_security_force_facility_presence': -1.0758912563323975, 'surveillance': -0.4405076205730438, 'tech_transfer_investment': -0.8607324361801147, 'trade_agreement_exchange': -0.3732149004936218, 'trade_financial_sanction': -0.3117421865463257, 'transnational_organization_crime': -1.6820825338363647}}","{'SRB': ['Serbia']}","{'event_type': 'electionactivity', 'model_outputs': {'arrest': -0.6872898936271667, 'protest': -0.22177404165267944, 'legalaction': -2.3350937366485596, 'disaster': -0.10890113562345505, 'censor': -1.7590112686157227, 'electionactivity': 8.304158210754395, 'electionirregularities': -0.0027115345001220703, 'activism': -2.0002384185791016, 'martiallaw': -1.6030524969100952, 'cooperate': 1.9397233724594116, 'coup': -0.6080328226089478, 'violencenonlethal': -0.9023244380950928, 'violencelethal': -1.287987232208252, 'corruption': -0.7418556213378906, 'legalchange': -0.050431862473487854, 'mobilizesecurity': -1.1819415092468262, 'purge': -0.6414008140563965, 'threaten': -0.3641130030155182, 'raid': -1.4869831800460815, '-999': 4.2216339111328125}}","{'result': 'Yes', 'model_outputs': {'Yes': 1.4750347137451172, 'No': -1.4393272399902344}}","","","","","","","","Albania"
"72208","2028","65125d6d582564317fd10c0f","[]","2023-09-26 00:26:21.313",NA,"2022-02-05 13:35:00","Sikurse është ankuar zëshëm Përfaqësuesi i Lartë i BE-së, Josep Borrell, Evropa është e përjashtuar nga tryeza ku po zhvillohen negociatat mbi zgjidhjen e krizës Rusi-Ukrainë. Por,...","https%3A%2F%2Fwww.botasot.info%2Fevrope-bota%2F1755683%2Fpse-evropes-nuk-i-degjohet-zeri-mbi-krizen-rusi-ukraine%2F.json","https://botasot.info/media/botasot.info/images/2021/December/10/auto_w16-184537w16182756JosepBorrell231639146126.jpg","sq","Pse Evropës nuk i dëgjohet zëri mbi krizën Rusi-Ukrainë?",NA,NA,"botasot.info","Sikurse është ankuar zëshëm Përfaqësuesi i Lartë i BE-së, Josep Borrell, Evropa është e përjashtuar nga tryeza ku po zhvillohen negociatat mbi zgjidhjen e krizës Rusi-Ukrainë. Por, duke pasur parasysh nevojën e Evropës për ta parandaluar më të keqen, si është e mundur që evropianët të kenë kaq peshë në këtë çështje?
 Në mendje më sillen disa shpjegime të mundshme. Nuk ka asnjëherë një kohë të mirë për luftën, por kriza Rusi-Ukrainë vjen në një moment veçanërisht të papërshtatshëm për qeveritë kryesore në Evropë. Kryeministri britanik është zhytur në një skandal politik të brendshëm, që po kërcënon seriozisht qëndrimin e tij në pushtet.
 Qeveria franceze është në fillimin e fushatës presidenciale, ndërsa ajo gjermane është e re dhe e përçarë, veçanërisht në çështjen e Rusisë. Pra, ata ua kanë dhënë efektivisht amerikanëve diplomacinë mbi Rusinë dhe Ukrainën.
 Sigurisht, gjithçka ka rëndësinë e vet. Por është e rëndësishme të kuptohet se përgjegjës për këtë situatë janë shumë faktorë. Që nga kriza financiare e vitit 2008, SHBA-ja është bërë gjithnjë e më e fuqishme në krahasim me aleatët e saj evropianë.
 Marrëdhënia transatlantike nuk është bërë më e ekuilibruar, siç dukej se ishte tendenca në fillim të viteve 2000, por më shumë e dominuar nga SHBA. Në nivelin bazë, mungesa e zërit të Evropës në krizën Rusi-Ukrainë buron nga ky çekuilibër në rritje i fuqisë në aleancën perëndimore.
 Dhe diferencat mund të shihen gati në çdo fushë. Në aspektin e PBB-së, SHBA e ka tejkaluar ndjeshëm Bashkimin Evropian dhe Britaninë e Madhe që nga viti 2008. Në vitin 2008 ekonomia e BE-së ishte pak më e madhe se ajo e Amerikës:16.2 trilion dollarë përkundrejt 14.7 trilion dollarëve.
 Deri në vitin 2020, ekonomia e SHBA-së ishte rritur në 20.9 trilion dollarë, ndërsa ajo e BE-së kishte rënë në 15.7 trilion dollarë. Nga barazia e përafërt në vitin 2008, ekonomia e Amerikës është tani 1/3 më e madhe se sa ajo e BE-së dhe Britanisë të marra së bashku.
 Sigurisht, kur flitet për fuqinë e një shteti, madhësia nuk është gjithçka. Por kjo diferencë e rritjes ekonomike, ka përkuar me një rritje të përdorimit global të dollarit në raport me euron. Sipas anketës më të fundit të Bankës Qendrore Amerikane, dollari u ble ose u shit në rreth 88 për qind të transaksioneve globale të këmbimit valutor në prillin e vitit 2019. Kjo përqindje ka mbetur e qëndrueshme gjatë 20 viteve të fundit.
 Ndërkohë, euro u ble ose u shit në 32 për qind të transaksioneve, një rënie që nga kulmi i saj prej 39 për qind në vitin 2010. Po ashtu, dollari ka ruajtur pozicionin e tij si monedha rezervë kryesore në botë, duke zënë afërsisht 60 për qind të totalit zyrtar të rezervave valutore, ndërsa euro zë vetëm 21 për qind të totalit.
 Ndërkohë është rritur edhe dominimi teknologjik i SHBA-së mbi Evropën. Kompanitë e mëdha amerikane të teknologjisë – Google, Amazon, Apple, Meta (Facebook) dhe Microsoft -janë afër dominimit të peizazhit të teknologjisë në Evropë, ashtu siç bëjnë në SHBA. Evropianët po përpiqen të përdorin politikën e konkurrencës për t’iu kundërvënë këtij dominimi, por në dallim nga kinezët, ata nuk kanë qenë në gjendje të zhvillojnë alternativa lokale. Prandaj këto përpjekje duken të destinuara të dështojnë.
 Nga ana tjetër, që nga viti 2008, evropianët kanë pësuar gjithashtu edhe një rënie dramatike të fuqisë ushtarake në krahasim me SHBA-në. Rritja e shpenzimeve ushtarake evropiane pas pushtimit rus të Ukrainës në vitin 2014,duket sikur e lë në hije këtë prirje. Por edhe pse shpenzimet ushtarake të Evropës janë rritur ndjeshëm, ato kanë mbetur sërish mbrapa atyre të SHBA-së.
 Gjatë viteve 2008-2020, shpenzimet ushtarake të SHBA-së u rritën nga 656 miliardë dollarë në 778 miliardë dollarë. Në të njëjtën periudhë, shpenzimet ushtarake të 27 vendeve të BE-së dhe Britanisë ranë nga 303 miliardë dollarë në 292 miliardë dollarë. Ndërkaq, shpenzimet e SHBA-së për teknologjitë e reja të mbrojtjes, janë më shumë se 7 herë më të larta sesa të gjitha shtetet anëtare të BE-së të marra së bashku.
 Së fundmi, dhe ndoshta më e rëndësishmja, përçarjet kronike në Evropë, e kanë dobësuar BE-në dhe Britanisë përtej asaj që sugjerojnë këto parametra. Kur hyri në fuqi Traktati i Lisbonës në vitin 2009, u duk se ai do të ishte një mekanizëm i ri që evropianët të krijojnë një politikë të jashtme të përbashkët, duke shfrytëzuar forcën e fshehtë të asaj që ishte atëherë ekonomia më e madhe në botë.
 Por në vend të kësaj, kriza financiare e ndau veriun dhe jugun, ndërsa krizat e migracionit dhe Ukrainës e ndanë lindjen dhe perëndimin, dhe Brexit ndau Britaninë e Madhe dhe praktikisht të gjithë të tjerët. Institucionet e Traktatit të Lisbonës, veçanërisht Shërbimi Evropian i Veprimit të Jashtëm dhe zyra që drejton Borrell, nuk kanë arritur që t’i kapërcejnë këto dallime në politikën e jashtme.
 Në përgjithësi, BE-ja është bërë gjithnjë e më e përçarë dhe më pak e aftë për të folur me një zë të përbashkët. Mungesa e përfaqësimit të Evropës në negociatat mbi krizën Rusi-Ukrainë është kulmi i disa tendencave afatgjata. Ndërsa është rritur konkurrenca gjeopolitike, evropianët janë bërë më të varur ndaj SHBA-së më shumëse në çdo kohë tjetër, që nga fazat e hershme të Luftës së Ftohtë.
 Sigurisht, evropianët janë të ndërgjegjshëm se ata kanë pak shanse të rikthehen në një aleancë perëndimore të stilit të Luftës së Ftohtë. Ata e dinë se politika e brendshme e polarizuar krijon lëkundje të papritura në politikën e jashtme të SHBA-së.
 Dhe e kuptojnë se nevoja e Shteteve të Bashkuara për t’u përballur me ngritjen meteorike të Kinës,nënkupton se Uashingtoni është shumë më pak i gatshëm të mbajë i vetëm të gjithë barrën e sigurisë ndërkombëtare – siç reflektohet në tërheqjen nga Afganistani – apo të fokusohet tek Evropa siç bëri gjatë Luftës së Ftohtë.
 Në përgjithësi, ka një shqetësim të madh me udhëheqjen e SHBA-së në të gjithë Evropën. Lëvizja e sapolindur për sovranitetin evropian shpreh një pjesë të këtij shqetësimi. Kjo lëvizje ka bërë disa përparime të rëndësishme, për shembull, në krijimin e një instrumenti kundër shtrëngimit për t`u mbrojtur kundër luftës ekonomike. Por të gjithë e pranojnë se ka një rrugë të gjatë për të bërë.
 Pra, shqetësimet e Evropës për SHBA-në nuk kanë shumë rëndësi. Humbja e pushtetit nga evropianët, mungesa e unitetit dhe paaftësia për të ndryshuar tendencat e përshkruara më sipër, do të thotë se ata janë pothuajse kalimtarë në një krizë që mund të rezultojë në një pushtim rus në shkallë të gjerë të Ukrainës, ose në një ndarje të re në Evropë. Më shumë se kaq, jashtë Parisit dhe Brukselit, pothuajse të gjithë në Evropë janë të dëshpëruar për udhëheqjen e SHBA-së – edhe nëse kanë pikëpamje të ndryshme për atë që Uashingtoni duhet të bëjë.
 Në përgjithësi, situata duket se konfirmon pikëpamjen ruse, se nuk ka nevojë të angazhohemi me evropianët, dhe se duhet biseduar vetëm me amerikanët. Nga perspektiva ruse dhe amerikane, Evropa nuk ka gjasa që të diktojë sado pak qoftë rezultatin e bisedimeve mbi Ukrainën.
 Çdo zgjidhje apo përshkallëzim i krizës, do të vijë përmes negociatave SHBA-Rusi. Por në terma afatgjatë, ky çekuilibër në rritje i fuqisë në marrëdhëniet transatlantike, do të jetë një problem i madh për SHBA-në. Në një botë të konkurrencës gjeopolitike në rritje, Amerika ka nevojë për partnerë.
 Një nga arsyet pse evropianët mbeten të varur nga SHBA është se shpesh qeveria amerikane e inkurajon këtë varësi, madje duke i dënuar disa përpjekje evropiane për mbrojtjen ushtarake si proteksioniste apo si një dublim të NATO-s.
 Që SHBA-ja të përqendrohet – siç mendojnë shumica e politikë-bërësve amerikanë- në sfidën e Kinës në rajonin e Indo-Paqësorit, ajo do të ketë nevojë për aleatë evropianë që duhet të dinë të menaxhojnë çështjet e sigurisë evropiane me më pak ndihmë nga Uashingtoni. Pra,ajo do të ketë nevojë për një Evropë më sovrane dhe më të fuqishme.","https://www.botasot.info/evrope-bota/1755683/pse-evropes-nuk-i-degjohet-zeri-mbi-krizen-rusi-ukraine/","Direct2","True","2","2022","en","As EU High Representative Josep Borrell has complained aloud, Europe is excluded from the table where negotiations are under way on resolving the Russia-Ukrainian crisis.","Why doesn't Europe hear the sound on the Russia-Ukrainian crisis?","{'event_type': 'diplomatic_statement', 'model_outputs': {'-999': -0.5896625518798828, 'arms_transfer_security_aid_assistance': -0.6003766655921936, 'bribery_economic_corruption': -0.8045849800109863, 'diaspora_activation': -0.8698357343673706, 'diplomatic_mediation': 0.3438774347305298, 'diplomatic_recognition': -1.1079195737838745, 'diplomatic_sanction': 0.5395860075950623, 'diplomatic_statement': 5.965575218200684, 'diplomatic_visit': 1.4782603979110718, 'economic_aid_assistance': -0.2963583469390869, 'intelligence_counterintelligence': -0.6630837917327881, 'investment': -0.5214243531227112, 'joint_security_force_exercise': -1.7663050889968872, 'media_campaign_intervention': -0.7492005825042725, 'social_academic_cultural_activity': -0.6384041905403137, 'political_process_policy_intervention': -0.0787593424320221, 'professional_cultural_exchange': -0.3105766177177429, 'security_cooperation': -0.5415747165679932, 'security_force_facility_presence': -1.184462547302246, 'official_security_force_facility_presence': -1.3247013092041016, 'surveillance': -0.31973299384117126, 'tech_transfer_investment': -0.3698368966579437, 'trade_agreement_exchange': -0.38686060905456543, 'trade_financial_sanction': 5.259766101837158, 'transnational_organization_crime': -1.4032953977584839}}","{'None': ['Europe']}","{'event_type': '-999', 'model_outputs': {'arrest': -0.7339808940887451, 'protest': -0.4134608209133148, 'legalaction': -0.30113691091537476, 'disaster': 0.6322527527809143, 'censor': 0.20957376062870026, 'electionactivity': 0.3880399465560913, 'electionirregularities': -1.290900707244873, 'activism': -0.48374322056770325, 'martiallaw': -1.0025913715362549, 'cooperate': -0.012641087174415588, 'coup': -1.1902410984039307, 'violencenonlethal': 0.5809481143951416, 'violencelethal': -1.1143085956573486, 'corruption': -0.6623347401618958, 'legalchange': 0.048417821526527405, 'mobilizesecurity': -0.8365225195884705, 'purge': -0.6519887447357178, 'threaten': 0.1514092981815338, 'raid': -1.1032543182373047, '-999': 10.099771499633789}}","{'result': 'Yes', 'model_outputs': {'Yes': 0.8488592505455017, 'No': -0.7059340476989746}}","","","","","","","","Kosovo"
"50454","3948","6306f32dba9d8b3abc64dc86","[]","2022-08-24 23:57:33.136",NA,"2022-06-21 14:39:54","В мире наступил период экономической турбулентности","https%3A%2F%2Fnashaniva.com%2Fru%2F293946.json","https://nashaniva.com/photos/generated/fb293946.png","ru","Головченко заявил, что серьезным вызовом Беларуси и России стала объявленная экономическая война",NA,NA,"nashaniva.by","В мире наступил период экономической турбулентности. Об этом заявил премьер-министр Беларуси Роман Головченко во время заседания Евразийского межправительственного совета в расширенном составе, сообщает БелТА.
Фото БелТА
«Ситуация в мировой экономике изменилась. Начался новый и, видимо, долгосрочный период экономической турбулентности. Рост цен на энергоносители, сырье и товары сопровождается общемировым всплеском инфляции, которая бьет многолетние рекорды во всем мире», — считает премьер.
По его словам, все мировые центры склонны считать, что мир входит в эпоху новой экономической рецессии. Становятся очевидными многие проблемы, в том числе угроза голода в ряде регионов мира, что может быть чревато следующей волной социально-политических катаклизмов. «Серьезным вызовом для Беларуси и России является объявленная экономическая война, которая направлена на изоляцию наших стран и раскол нашего Союза. Однако благодаря существованию ЕАЭС мы не оказались один на один с трудностями», — сказал Роман Головченко.
3 13
Nashaniva.com
Хочешь поделиться важной информацией анонимно и конфиденциально? Пиши в наш Телеграм","https://nashaniva.com/ru/293946","Direct2","True","6","2022","en","There was a period of economic turbulence in the world, as announced by Prime Minister Roman Golovchenko of Belarus during the meeting of the enlarged Eurasian Intergovernmental Council, a photo by Belta, ""The situation in the world economy has changed. A new and apparently long-term period of economic turbulence has begun.","Golovchenko stated that the declared economic war was a serious challenge to Belarus and Russia.","{'event_type': 'trade_financial_sanction', 'model_outputs': {'-999': -0.6244304180145264, 'arms_transfer_security_aid_assistance': 0.8821882009506226, 'bribery_economic_corruption': -0.10640355944633484, 'diaspora_activation': -1.4339160919189453, 'diplomatic_mediation': -1.0016602277755737, 'diplomatic_recognition': -0.48047155141830444, 'diplomatic_sanction': 0.4639228284358978, 'diplomatic_statement': 0.6139129400253296, 'diplomatic_visit': 0.37534546852111816, 'economic_aid_assistance': 0.2226940393447876, 'intelligence_counterintelligence': -0.1677379608154297, 'investment': -0.5928376913070679, 'joint_security_force_exercise': -0.8768839240074158, 'media_campaign_intervention': -0.36644765734672546, 'social_academic_cultural_activity': -0.379761666059494, 'political_process_policy_intervention': -0.7510560750961304, 'professional_cultural_exchange': -0.19106386601924896, 'security_cooperation': -0.877863347530365, 'security_force_facility_presence': -1.507794976234436, 'official_security_force_facility_presence': -1.366457462310791, 'surveillance': 0.2839735150337219, 'tech_transfer_investment': -0.925860583782196, 'trade_agreement_exchange': -0.12388534843921661, 'trade_financial_sanction': 9.335145950317383, 'transnational_organization_crime': -1.4150207042694092}}","{'BLR': ['Republic of Belarus'], 'RUS': ['Russian Federation']}","{'event_type': '-999', 'model_outputs': {'arrest': -0.6786245703697205, 'protest': -0.5583792328834534, 'legalaction': -0.2606683373451233, 'disaster': 0.6018578410148621, 'censor': -0.6915363073348999, 'electionactivity': 0.2210177332162857, 'electionirregularities': -1.3319844007492065, 'activism': -0.9538984298706055, 'martiallaw': -1.2312556505203247, 'cooperate': 0.7068716287612915, 'coup': -1.0515317916870117, 'violencenonlethal': 0.7608212232589722, 'violencelethal': -0.9311535358428955, 'corruption': -0.5591720938682556, 'legalchange': -0.5381251573562622, 'mobilizesecurity': -0.41469037532806396, 'purge': -0.6415690779685974, 'threaten': 1.4917880296707153, 'raid': -1.617680549621582, '-999': 9.865890502929688}}","{'result': 'Yes', 'model_outputs': {'Yes': 0.7301733493804932, 'No': -0.5930011868476868}}","trade_financial_sanction","-999","trade_financial_sanction","-999","","['Russia']","No","Belarus"
"114383","3269","62fdb015976f12e519ed30ec","[]","2022-08-17 23:20:53.668",NA,"2022-03-04 07:11:00","İşte dakika dakika son gelişmeler",".json","https://media-cdn.t24.com.tr/media/library/2022/03/1646417694386-lo.jpg","tr","Rusya: Türkiye’nin Rus ve Ukraynalı dışişleri bakanlarını Antalya’da görüştürme fikrini destekliyoruz",NA,NA,"t24.com.tr","İşte dakika dakika son gelişmeler. T24 Dış Haberler
Rusya'nın saldırıları nedeniyle Avrupa'nın en büyük nükleer santrali olan Zaporijya Nükleer Santrali'nde yangın çıktı. Güneş doğana kadar devam eden müdahaleler sonucunda itfaiyeciler yangını söndürmeyi başardı.
Rusya'nın Birleşmiş Milletler (BM) Cenevre Ofisi nezdindeki Daimi Temsilcisi Gennady Gatilov, Rusya ve Ukrayna dışişleri bakanlarının Türkiye'de bir araya gelmesini desteklediklerini bildirdi.
 
Kırmızı bölgeler Rus askeri işgalindeki bölgeleri, patlamalar ise saldırıya uğrayan noktaları gösteriyor./ Kaynak: Britanya Savunma Bakanlığı
Rusya, Ukrayna'da içeriye doğru ilerlemeye devam ediyor; bunu başarmak için de şehirlere bombardıman yapıyor. Birçok farklı yetkili ve kaynak, Rusya'nın Ukrayna'daki sivil yerleşim birimlerini vurduğunu ve bunun can kaybına sebep olduğunu doğruladı.
Rusya ve Ukrayna, dün yine Belarus sınırında masaya otururken, sivillerin tahliyesi için bir ortak insani koridor oluşturulması konusunda anlaştı.
 İşte 4 Mart'ta dakika dakika yaşananlar...
00.43 Ukrayna Devlet Başkanı Voladimir Zelenski, ""Yeni saldırıların ve kayıpların kaçınılmaz olduğunu bilen NATO, bilinçli bir kararla Ukrayna'nın hava sahasını kapatmama kararı aldı. Bugünden itibaren ölenlerin hepsi sizin yüzünüzden ölecek!"" dedi.
23.00 BM, Ukrayna'da 24 Şubat'tan bu yana ölen ve yaralanan sivillerin sayısının 1000'i geçtiğini açıkladı.
22.57 Cumhurbaşkanlığı Sözcüsü Kalın'ın ABD Dışişleri Bakan Yardımcısı Sherman'la görüşmesinde Ukrayna'da savaşın daha fazla tahribata sebebiyet vermeden sona ermesi gerektiği belirtildi
22.30 ABD Dışişleri Bakanı Antony Blinken, Rusya ile bir savaş riski taşıması nedeniyle Ukrayna'da uçuşa yasak bölgenin oluşturulmasının mümkün olmadığını söyledi.
22.28 Beyaz Saray, Rusya’nın Zaporijya Nükleer Santrali'ne saldırısını ""sorumsuzluğun zirvesi"" olarak znitelendirerek, Rusya’ya santral çevresindeki saldırılarını durdurma çağrısı yaptı.
21.40 Rusya'da, sosyal medya sitesi Facebook’a erişim engellendi. 
Rusya Federal Bilgi Teknolojileri ve Kitle İletişim Denetleme Kurumundan yapılan açıklamada, Facebook’ta Rus medya kuruluşlarına yönelik ayrımcılık yapıldığı belirtildi.
21.30 Ukrayna İçişleri Bakanlığı Danışmanı Anton Geraşenko, ülkesine saldıran Rus ordusundan bir generalin öldürüldüğünü duyurdu.
20.49 Rusya'nın Birleşmiş Milletler (BM) Cenevre Ofisi nezdindeki Daimi Temsilcisi Gennady Gatilov, Rusya ve Ukrayna dışişleri bakanlarının Türkiye'de bir araya gelmesini desteklediklerini bildirdi.
20.42 Ukrayna Cumhurbaşkanı Volodimir Zelenski, ""Ukrayna düşerse Avrupa ayakta kalamaz"" açıklamasını yaptı. 
20.28 Avrupa Birliği (AB) Komisyonu Başkanı Ursula von der Leyen ile ABD Dışişleri Bakanı Anthony Blinken, Rusya-Ukrayna savaşının yakın zamanda bitmeyeceğini öngördüklerini, Rusya'ya verilen karşılığın sürdürülmesi gerektiğini söyledi.
19.57 BM, Rusya'nın Ukrayna'daki Zaporijya Nükleer Santrali'ne saldırısının uluslararası insani hukuku ihlal ettiği uyarısı yaparak, nükleer bir felaket yaşanmaması çağrısında bulundu.
19.48 Cumhurbaşkanı Erdoğan ve Ukrayna Cumhurbaşkanı Zelenski telefonda görüştü. 
18.50 Avrupa Komisyonu, Rusya'daki kuruluşlarla bilimsel işbirliğini askıya alma kararını duyurdu. 
18.15 Ukrayna Parlamentosu Yüksek Şurası (Yüksek Rada), Ukrayna Devlet Başkanı Volodimir Zelenskiy'nin ülkeyi terk etmediği ve Kiev'de bulunduğunu belirtti.
Rusya Devlet Duması Başkanı Vyacheslav Volodin, Ukrayna Devlet Başkanı Volodimir Zelenski'nin Ukrayna'dan ayrıldığını ve Polonya'ya gittiğini iddia etmişti.
17.35 Putin, Almanya Başbakanı Scholz’a Rusya ile Ukrayna arasında hafta sonu üçüncü tur görüşmelerin yapılacağının öngörüldüğü bilgisini verdi.
16.50 Belarus Devlet Başkanı Aleksandr Lukaşenko, Belarus ordusunun Rusya’nın Ukrayna’daki operasyonunda yer almayacağını söyledi.
Lukaşenko, Rusya Devlet Başkanı Vladimir Putin ile uzun bir telefon konuşması gerçekleştirdiklerini de söyledi.
16.28 Sputnik’te yer alan habere göre, Rusya Devlet Duma Başkanı Vyaçeslav Volodin, Ukrayna Devlet Başkanı Volodimir Zelenski’nin Ukrayna’dan ayrıldığını iddia etti. Volodin, Zelenski’nin Polonya’da olduğunu öne sürdü.
16.13 NATO Genel Sekreteri Jens Stoltenberg, Rusya'nın Ukrayna işgaline ilişkin son durumu değerlendirdiği açıklamalarda ""Putin başarısız olurken NATO da iyice birleşiyor. Rusya ile alakalı olarak İsveç ve Finlandiya iş birliğimizi güçlendireceğiz"" dedi. 
Stoltenberg, NATO dışişleri bakanlarının Ukrayna üzerinde “uçuşa yasak bölge” konusunu tartıştığını ancak NATO uçaklarının Ukrayna hava sahasında uçmaması konusunda anlaştıklarını söyledi.
Stoltenberg, ""uçuşa yasak bölge"" kararının savaşı başka Avrupa şehirlerine de taşıyacağını söyledi. 
16.00 AFP'nin diplomat kaynaklardan aktardığına göre Birleşmiş Milletler Güvenlik Konseyi, Ukrayna üzerine acil bir toplantı gerçekleştirecek. 
15.53 Birleşmiş Milletler İnsan Hakları Konseyi, Rusya'nın Ukrayna'da yaptığı iddia edilen insan hakları ihlallerini kınadı ve bu iddiaları incelenmek üzere bir komisyon kurulmasına karar verdi. 
Sadece Rusya ve Eritre karşı oy kullanırken, 13 ülke çekimser kaldı. 

15.47 Dışişleri Bakanı Mevlüt Çavuşoğlu, Rusya-Ukrayna savaşına ilişkin olarak, ""Savaşın başlamasından önce her iki dışişleri bakanını da Antalya'da bir araya getirmeyi planlıyorduk. Ukraynalılar bu savaş ortamında gelebilirler mi bilmiyorum. Rus Dışişleri Bakanı Lavrov da Antalya'ya geleceğini teyit etti. İki tarafı da bakanlar düzeyinde bir araya getirmeyi temenni ederiz"" dedi. 
15.32 Financial Times’ın aktardığı habere göre, İspanya Dışişleri Bakanı Jose Manuel Albares, bugün gerçekleşecek NATO dışişleri bakanları toplantısında, Ukrayna hava sahasının potansiyel olarak uçuşa yasak bölge ilan edilmesinin “tartışılacağını” söyledi.
Ukrayna Devlet Başkanı Zelenski, NATO’dan Ukrayna üzerinde uçuşa yasak bölge kurulmasını talep etmiş, Beyaz Saray ise Rusya ile doğrudan savaşa yol açabileceğini ve bunu planlamadıklarını söylemişti.
15.28 Kremlin, Rusya ve Ukrayna arasında yapılan müzakerelerde bir sonraki adımın ne olacağını Kiev'in bu haftaki görüşmeye vereceği reaksiyonun belirleyeceğini söyledi. 
Gazetecilere açıklamalarda bulunan Kremlin Sözcüsü Peskov, görüşmelerde henüz bir döküman imzalanmadığını; ancak Moskova'nın Ukrayna'ya savaşın nasıl sonlanabileceğine dair bir yol haritası sunduğunu ifade etti.
Peskov, ""Rus halkının Putin'in etrafında birleşmesi gerektiğini"" söyledi.
15.12 Ukrayna Kültür Bakanlığı, Rus hava saldırılarının Ukrayna’nın kültürel alanlarını yok ettiğini belirterek hava sahasının kapatılmasını istedi.
Ukrayna Kültür Bakanı Oleksandr Tkachenko, “Rusya füzeleri ve uçakları bilinçli bir şekilde büyük şehirlerin tarih merkezlerini yok ediyor. Putin, Avrupa’nın mirası ve kültürünü yok etmek istiyor” dedi.
Açıklama şöyle devam etti:
“Deli bir diktatör, Kiev’deki 11’inci yüzyıldan kalma UNESCO tarafından korunan St. Sophia Katedrali’ni yok etmekle tehdit ediyor. Yüzlerce masum kurban, kiliselerin, katedrallerin, müzelerin yok edilmesi, Ukrayna hava sahasının açık kalmasının bedeli”
14.49 Rusya Devlet Başkanı Vladimir Putin, Ukrayna'ya saldırma emrini verdikten 8 gün sonra Rusya'nın komşularına 'gerilimi yükseltmeme' çağrısı yaptı. 
Putin, ""Komşularımıza yönelik kötü bir niyetimiz yok. Onlara gerilimi yükseltmeme, kısıtlamalar getirmeme tavsiyesinde bulunuyorum"" diye konuştu.
Moskova'daki bir törene uzaktan video bağlantı ile katılan Putin, ""İlişkilerimizi kötüleştirmek için bir gerekçe görmüyoruz. Yaptığımız bütün hamleler Rusya Federasyonu'na yönelik düşmanca hamlelere verilen karşılıklardır"" dedi. 
14.15 Rusya Savunma Bakanlığı, Zaporjiya Nükleer Santrali’nn 28 Şubat'tan beri kontrollerinde olduğunu ve bu sabah yapılan saldırının Ukraynalı sabotajcılar tarafından gerçekleştirildiğini iddia etti.
13.56 Rusya’nın en büyük hava yolu şirketlerinden S7, tüm uluslararası uçuşlarını iptal ettiğini duyurdu.
Yurt dışında uçuşları iptal edilen vatandaşların, ortak hava yolu şirketleriyle dönüş uçuşlarını gerçekleştirebilecekleri bilgisine yer verilen açıklamada, talep edilmesi halinde bilet ücretlerinin de iade edilebileceği kaydedildi.
13.41 Ukrayna'da devlete bağlı nükleer şirketi, Zaporjiya Nükleer Santrali’ne yönelik saldırıda 3 Ukrayna askerinin hayatını kaybettiğini açıkladı. 
13.25 Ukrayna’nın Chernihiv şehrinde yetkililer, Rus hava saldırılarında şu ana kadar 47 kişinin hayatını kaybettiğini söyledi.
Yerel acil servis hizmetleri, hava saldırıları devam ettiği için kurtarma çalışmalarının durdurulduğunu söyledi.
 
13.15 Birleşmiş Milletler'e bağlı Uluslararası Atom Enerjisi Kurumu, Çernobil'e giderek Ukrayna ve Rusya'yla Ukrayna'daki nükleer santrallerde güvenliğin sağlanması konusunda görüşmeyi önerdi. 
13.05 Ukrayna Devlet Başkanı Volodimir Zelenski, Rusya’nın Zaporjiya Nükleer Santrali’ne saldırı düzenlediğini ve santrali ele geçirdiğini belirterek Rus halkına seslendi.
Zelenski, “Rus halkı, size seslenmek istiyorum. Bu nasıl mümkün olabilir? 1986 yılında Çernobil felaketinde birlikte mücadele ettikten sonra?” dedi.
11.32 Suikastçıların son bir haftada Ukrayna Devlet Başkanı Volodomir Zelenski'yi en az üç defa öldürmeye çalıştığı iddia edildi. 
The Times'ın aktardığına göre Ukrayna Ulusal Güvenlik ve Savunma Bakanı, saldırılardan Rusya istihbarat kurumlarındaki savaş karşıtı isimlerin kendilerine verdikleri bilgiler sayesinde haberdar olduklarını söyledi.
Britanya gazetesinin haberine göre iki suikast planının arkasında Kremlin'le bağlantıları olduğunu bilinen paralı asker grubu Wagner vardı. Bir diplomatik kaynak, ""Bu insanlar oraya çok yüksek profilli bir görev için gidiyor olurdu. Ruslar, bunu inkar edebilmek isterdi"" dedi.
Haberde Çeçen suikastçıların cumartesi günü Kiev'in eteklerinde Ukrayna liderini öldürmeye çalıştığı belirtildi.
10.52 Ukrayna Devlet Başkanı Volodimir Zelenski, Zaporjiya Nükleer Santrali'ndeki yangının ardından Facebook hesabından açıklama yaptı. Zelenski, Avrupa’ya “bir nükleer felaketin önlenmesi” çağrısında bulundu.  Zelenksi, Rusya’yı “nükleer terörle” suçladı.
10.07 Ukrayna'nın nükleer denetim kurumu, ülkenin elektrik ihtiyacının önemli bir bölümünü sağlayan santralin Rus kontrolüne geçtiğini bildirdi.
Nükleer denetim kurumu, Zaporijya Nükleer Santrali'nde radyasyon sızıntısına ilişkin bir belirti olmadığını belirtti. 
09.44 AFP'nin haberine göre, Batı'nın Rus devlet bağlantılı medya kuruluşlarına yönelik kısıtlamalarının ardından Rusya da BBC, Deutsche Welle, Rusya'nın en büyük bağımsız yayın organı Meduza ve Svoboda internet sitelerine erişimin ""sınırlandığını"" açıkladı. 
09.30 Çin devleti destekli Asya Altyapı Yatırım Bankası (AIIB), Rusya ve Belarus'a yönelik faaliyetlerini durduracağını belirtti.
Pekin merkezli AIIB'nin perşembe günü yaptığı açıklamada, ""Bankanın çıkarlarını korumak için yönetim Rusya ve Belarus'taki faaliyetlerini askıya alma ve inceleme kararı verdi"" denildi.
08.41 Dünya Sağlık Örgütü (DSÖ), Ukrayna’da Rusya işgalinin ilk haftasında 1 milyon kişinin Ukrayna’yı terk ettiğini hatırlatırken, gelecek günlerde ülkeden ayrılacak mültecilerin hastalıklara karşı daha hassas ve ekonomik zorluk yaşayan gruplar olabileceğini söyledi.
Polonya’da DSÖ’nün yardımlarını koordine eden DSÖ Avrupa Direktörü Hans Kluge, Ukrayna krizinde insani felaketin kötüleşebileceğini söyledi.
Kluge “Eğer askeri çatışma tırmanırsa çok daha fazla zor durumda insan, üzerlerinde yalnızca giydikleri kıyafetlerle Ukrayna’dan kaçacaktır” dedi.
08.32 Britanya Başbakanlık Ofisi, Rusya’nın Ukrayna’nın  Zaporijya Nükleer Santrali’ni vurması ve sonrasında çıkan yangın üzerine Başbakan Boris Johnson’ın acil Birleşmiş Milletler (BM) Güvenlik Konseyi toplantısı çağrısında bulunduğunu aktardı.
Johnson ve Ukrayna lideri Volodimir Zelenski’nin sabahın erken saatlerinde telefonda konuştuğu belirtildi. Johnson ve Zelenski, Rusya’nın saldırıları derhal durdurması gerektiği ve nükleer tesise acil servislerin erişimine izin verilmesi gerektiği konusunda anlaştı.
07.54 Zaporijya Nükleer Santrali'nde çıkan yangının söndürüldüğü bildirildi.
07.29 Airbnb, Rusya ve Belarus'taki tüm faaliyetlerini durdurduğunu açıkladı.
07.03 Zaporijya Nükleer Santrali'nde çıkan yangının ardından ABD Başkanı Joe Biden, Britanya Başbakanı Boris Johnson, Kanada Başbakanı Justin Trudeau ateşkes çağrısı yaptı.
05.22 Uluslararası Atom Enerjisi Kurumu, Zaporijya çevresinde radyasyonun normal seviyelerde olduğunu belirtti.
05.12 Ukrayna'nın güneyinde bulunan, Avrupa'nın da en büyüğü olan Zaporijya Nükleer Santrali'nde yangın çıktı. Ukraynalı yetkililer, yangının Rusya'nın yaptığı saldırılar sonucunda çıktığını iddia etti. 
Saldırıların devam etmesi sonucunda santrale yangın söndürücülerin gitmekte zorlandığı belirtildi. 
Çalışanlar, yangının santralin neresinde çıktığını tam olarak bilmediklerini söyledi.","https://t24.com.tr/haber/canli-blog-rus-havan-toplari-nedeniyle-ukrayna-itfaiyesi-yanan-nukleer-santrale-mudahaleye-gitmekte-zorlandi,1018749","Direct2","True","3","2022","en","Here are the latest minute updates. T24 Foreign News. Due to Russia's attacks, a fire broke out at the Zaporijya Nuclear Plant, the largest nuclear plant in Europe. Firefighters managed to put out the fire as a result of continued intervention until sunrise. Russia's Permanent Representative to the United Nations (UN) Geneva Office, Gennady Gatilov, said they supported the meeting of foreign ministers in Turkey.","Russia: We support Turkey's idea of meeting Russian and Ukrainian foreign ministers in Antalya","{'event_type': 'diplomatic_visit', 'model_outputs': {'-999': -0.3664481043815613, 'arms_transfer_security_aid_assistance': -0.7540096044540405, 'bribery_economic_corruption': -0.43746232986450195, 'diaspora_activation': -0.009004667401313782, 'diplomatic_mediation': -0.038288943469524384, 'diplomatic_recognition': 0.8273053765296936, 'diplomatic_sanction': 1.218839406967163, 'diplomatic_statement': 0.11324097961187363, 'diplomatic_visit': 9.438156127929688, 'economic_aid_assistance': -1.5457510948181152, 'intelligence_counterintelligence': -0.4014715254306793, 'investment': -1.0530356168746948, 'joint_security_force_exercise': 0.12463761121034622, 'media_campaign_intervention': -0.25706517696380615, 'social_academic_cultural_activity': -0.37743839621543884, 'political_process_policy_intervention': -0.6890227794647217, 'professional_cultural_exchange': 0.6003983020782471, 'security_cooperation': 0.990066409111023, 'security_force_facility_presence': -0.5089833736419678, 'official_security_force_facility_presence': 0.25288525223731995, 'surveillance': -1.5734763145446777, 'tech_transfer_investment': -0.6760772466659546, 'trade_agreement_exchange': -0.12420296669006348, 'trade_financial_sanction': -0.13968780636787415, 'transnational_organization_crime': -1.5668847560882568}}","{'None': ['Europe'], 'RUS': ['Russian Federation'], 'TUR': ['Republic of Turkey', 'Antalya'], 'USA': ['Geneva']}","{'event_type': 'cooperate', 'model_outputs': {'arrest': -0.4251077175140381, 'protest': 0.2754215598106384, 'legalaction': -1.9833102226257324, 'disaster': 0.28051817417144775, 'censor': -1.59577214717865, 'electionactivity': 0.7583985328674316, 'electionirregularities': -1.4097347259521484, 'activism': -0.693616509437561, 'martiallaw': -1.045570731163025, 'cooperate': 7.373344421386719, 'coup': -1.1852489709854126, 'violencenonlethal': -0.8922352194786072, 'violencelethal': -0.03951919078826904, 'corruption': -1.3328359127044678, 'legalchange': -0.8141773343086243, 'mobilizesecurity': -0.5064791440963745, 'purge': -0.032690104097127914, 'threaten': 0.16166888177394867, 'raid': -1.7611653804779053, '-999': 4.723381996154785}}","{'result': 'Yes', 'model_outputs': {'Yes': 0.9931390285491943, 'No': -0.8543641567230225}}","diplomatic_visit","-999","diplomatic_visit","cooperate","","['Russia']","No","Turkey"
"85808","1759","641b98eeddef10c074c24f1b","['Cătălina Boico', ""Mama Lu' Stefan Cel Mare""]","2023-03-22 20:10:22.159",NA,"2022-04-25 13:52:12","Nu există niciun acord între Ucraina şi Rusia asupra înfiinţării unui coridor umanitar care să permită evacuarea de civili blocaţi împreună cu soldaţi","https%3A%2F%2Ftimpul.md%2Farticol%2Fkiev-nu-exista-niciun-acord-cu-rusia-asupra-unui-coridor-umanitar-din-azovstal.html.json","https://timpul.md/assets/uploads/2022/04/Azovstal_dezmintire_25aprilie_2022.jpg","ro","Kiev: Nu există niciun acord cu Rusia asupra unui coridor umanitar din Azovstal",NA,NA,"timpul.md","Nu există niciun acord între Ucraina şi Rusia asupra înfiinţării unui coridor umanitar care să permită evacuarea de civili blocaţi împreună cu soldaţi ucraineni în complexul metalurgic asediat Azovstal din Mariupol, în sud-estul Ucrainei, a atenţionat luni Kievul, informează AFP şi Reuters cu referire la Agerpres.ro.
„Declar oficial şi public că, din nefericire, nu există niciun acord asupra unui coridor umanitar din Azovstal astăzi”, a scris pe Telegram vicepremierul Ucrainei, Irina Vereşciuk, la scurt timp după ce Rusia a anunţat că va înceta ostilităţile pentru a permite evacuarea de civili.
„Este important să se înţeleagă cu un coridor umanitar se deschide în urma unui acord convenit de ambele părţi. Un coridor (umanitar) anunţat unilateral nu oferă securitate şi din acest motiv nu este un coridor umanitar”, a adăugat Vereşciuk.
Ministerul Apărării rus a anunţat că trupele sale vor opri ostilităţile pentru a permite civililor blocaţi împreună cu combatanţi ucraineni să părăsească complexul metalurgic asediat Azovstal din Mariupol, oraş-port din sud-estul Ucrainei, luni începând de la 14.00 ora Moscovei (11.00 GMT).
Totodată, Ministerul a precizat într-un comunicat că fiecare civil blocat în combinat va putea pleca în orice direcţie doreşte.
Duminică, Kievul a informat că forţele ruse au continuat să bombardeze oraşul de la Marea Azov, care este asediat de la începutul lunii martie de armata rusă, şi în special oţelăria Azovstal, ultima redută de rezistenţă a combatanţilor ucraineni.
Fiți la curent cu ultimele noutăți. Urmărește TIMPUL pe Google News și Telegram!","https://timpul.md/articol/kiev-nu-exista-niciun-acord-cu-rusia-asupra-unui-coridor-umanitar-din-azovstal.html","Direct2","True","4","2022","en","There is no agreement between Ukraine and Russia on the establishment of a human corridor that will allow the evacuation of civilians blocked together with Ukrainian soldiers in the Azovstal metallic complex in Maripulol, southern Ukraine, to","Kiev: There is no agreement with Russia on a human corridor in Azovstal","{'event_type': 'investment', 'model_outputs': {'-999': -0.5574038028717041, 'arms_transfer_security_aid_assistance': -1.697021245956421, 'bribery_economic_corruption': -0.7043729424476624, 'diaspora_activation': 0.6642984747886658, 'diplomatic_mediation': 1.3405356407165527, 'diplomatic_recognition': -0.3216250538825989, 'diplomatic_sanction': -0.7295045852661133, 'diplomatic_statement': -0.20211410522460938, 'diplomatic_visit': -1.1040347814559937, 'economic_aid_assistance': 0.850702166557312, 'intelligence_counterintelligence': -0.4881570637226105, 'investment': 7.6629180908203125, 'joint_security_force_exercise': -0.8893558382987976, 'media_campaign_intervention': -0.10229511559009552, 'social_academic_cultural_activity': -0.7718881368637085, 'political_process_policy_intervention': -0.4563140571117401, 'professional_cultural_exchange': 0.2874663770198822, 'security_cooperation': 1.339118242263794, 'security_force_facility_presence': -0.7994359731674194, 'official_security_force_facility_presence': -0.07100825011730194, 'surveillance': -1.1461299657821655, 'tech_transfer_investment': -0.01872357726097107, 'trade_agreement_exchange': 0.49661096930503845, 'trade_financial_sanction': -1.091667652130127, 'transnational_organization_crime': -0.39423614740371704}}","{'RUS': ['Russian Federation', 'Kiyevka'], 'UKR': ['Ukraine', 'Zupynochnyi Punkt Azovstal']}","{'event_type': 'cooperate', 'model_outputs': {'arrest': -1.0287926197052002, 'protest': -0.06840017437934875, 'legalaction': -1.911324143409729, 'disaster': 0.794735312461853, 'censor': -1.2404099702835083, 'electionactivity': 0.7752912044525146, 'electionirregularities': -1.5316407680511475, 'activism': -0.5912930965423584, 'martiallaw': -0.6884437799453735, 'cooperate': 7.022339344024658, 'coup': -1.4082353115081787, 'violencenonlethal': -0.783761739730835, 'violencelethal': -0.2648024559020996, 'corruption': -1.2804802656173706, 'legalchange': -0.5115930438041687, 'mobilizesecurity': -0.5948085188865662, 'purge': -0.08964811265468597, 'threaten': 0.05571574345231056, 'raid': -1.6419827938079834, '-999': 5.925345420837402}}","{'result': 'No', 'model_outputs': {'Yes': -0.7491066455841064, 'No': 0.5328341126441956}}","","","","","","","","Moldova"
"73433","3253","651250e3582564317fd0ee2b","[]","2023-09-25 23:32:51.843",NA,"2022-03-16 12:44:00","Presidenti rus Vladimir Putin nuk ka folur me homologun e tij amerikan Joe Biden që nga fillimi i luftës në Ukrainë, por kontakti midis dy liderëve mund të rifillojë nëse është e nevojshme, tha...","https%3A%2F%2Fwww.botasot.info%2Fbota%2F1778686%2Frusia-e-gatshme-te-bisedoje-me-shba-kjo-eshte-deklarata-e-radhes-e-peskovit%2F.json","https://botasot.info/media/botasot.info/images/2022/March/16/auto_thumbs_b_c_f9e5c1d5f9360d5b2484fec475c50cd31647431053.jpg","sq","Rusia e gatshme të bisedojë me SHBA/ Kjo është deklarata e radhës e Peskovit",NA,NA,"botasot.info","Presidenti rus Vladimir Putin nuk ka folur me homologun e tij amerikan Joe Biden që nga fillimi i luftës në Ukrainë, por kontakti midis dy liderëve mund të rifillojë nëse është e nevojshme, tha Kremlini të mërkurën.
 ""Nëse është e nevojshme, kontaktet [midis Bidenit dhe Putinit] mund të rifillojnë,"" u tha gazetarëve zëdhënësi i Kremlinit, Dmitry Peskov në konferencën e tij të rregullt, shkruan CNN, përcjell “Bota sot”.
 “Vendosja e sanksioneve ndaj zyrtarëve të lartë amerikanë nuk do të thotë ndërprerje e kontakteve,” shtoi Peskov.
 Të martën, Rusia sanksionoi zyrtarët e lartë amerikanë, duke përfshirë Biden dhe Sekretarin e Shtetit Antony Blinken, në përgjigje të sanksioneve nga SHBA.","https://www.botasot.info/bota/1778686/rusia-e-gatshme-te-bisedoje-me-shba-kjo-eshte-deklarata-e-radhes-e-peskovit/","Direct2","True","3","2022","en","Russian President Vladimir Putin has not spoken with US counterpart Joe Biden since the beginning of the war in Ukraine, but contact between the two leaders can resume if necessary, said Kremlin on Wednesday. ""If necessary, contacts [between Biden and Putin] can resume,"" Kremlin spokesman Dmitry Peskov told reporters at his regular conference, CNN writes, bota forwards today","Russia ready to talk to US/This is Peskov's next statement","{'event_type': 'diplomatic_mediation', 'model_outputs': {'-999': -0.9463326930999756, 'arms_transfer_security_aid_assistance': 0.38832345604896545, 'bribery_economic_corruption': -1.8028383255004883, 'diaspora_activation': -1.1771836280822754, 'diplomatic_mediation': 4.373265743255615, 'diplomatic_recognition': -0.2643507421016693, 'diplomatic_sanction': 0.4001522660255432, 'diplomatic_statement': 2.1440320014953613, 'diplomatic_visit': 2.4146947860717773, 'economic_aid_assistance': -0.3225359618663788, 'intelligence_counterintelligence': -1.1266789436340332, 'investment': -0.8151041269302368, 'joint_security_force_exercise': -1.748276710510254, 'media_campaign_intervention': -0.7721127271652222, 'social_academic_cultural_activity': -1.0843086242675781, 'political_process_policy_intervention': -0.3484809398651123, 'professional_cultural_exchange': -1.2413333654403687, 'security_cooperation': 1.5473477840423584, 'security_force_facility_presence': -1.692169427871704, 'official_security_force_facility_presence': -0.8028101921081543, 'surveillance': -0.8112452030181885, 'tech_transfer_investment': -1.5625855922698975, 'trade_agreement_exchange': 4.104097366333008, 'trade_financial_sanction': 1.4275717735290527, 'transnational_organization_crime': -1.438716173171997}}","{'RUS': ['Russian Federation'], 'UKR': ['Ukraine'], 'USA': ['Kremlin']}","{'event_type': 'cooperate', 'model_outputs': {'arrest': -0.899572491645813, 'protest': 0.3348156213760376, 'legalaction': -1.9003695249557495, 'disaster': -0.039141952991485596, 'censor': -1.2780005931854248, 'electionactivity': 0.5945980548858643, 'electionirregularities': -1.2503281831741333, 'activism': -0.5885118246078491, 'martiallaw': -0.8484038710594177, 'cooperate': 7.723724842071533, 'coup': -1.2341889142990112, 'violencenonlethal': -0.808295488357544, 'violencelethal': -0.34484201669692993, 'corruption': -1.3324486017227173, 'legalchange': -0.9971920251846313, 'mobilizesecurity': -0.15450865030288696, 'purge': -0.16999754309654236, 'threaten': 0.9707261919975281, 'raid': -1.769115686416626, '-999': 4.247870922088623}}","{'result': 'Yes', 'model_outputs': {'Yes': 0.9388533234596252, 'No': -0.7983243465423584}}","","","","","","","","Kosovo"
"58402","1202","6329f7c112cdeb858343f03f","['Kassai Zsigmond', 'Nem Követem', 'Frissítve']","2022-09-20 13:26:25.142",NA,"2022-05-16 06:19:10","Kövesse élőben az orosz-ukrán háború hétfői eseményeit.","https%3A%2F%2F24.hu%2Fkulfold%2F2022%2F05%2F16%2Forosz-ukran-haboru-zelenszkij-putyin-mariupol-finnorszag-svedorszag-elo-percrol-percre%2F%23a-kreml-szovivoje-pontositott-az-orosz-kulugyminiszter-helyettes-fenyegetesen.json","https://s.24.hu/app/uploads/2022/05/000_32a72wk-e1652701134376-1024x576_wm.jpg","hu","Törökország megvétózza Svédország és Finnország NATO-csatlakozását",NA,NA,"24.hu","A mariupoli Azovsztal acélgyárban körülzárt ukrán katonák képviselőivel folytatott tárgyalások eredményeként megállapodás született a sebesültek elszállításáról, közölte hétfő délután az orosz védelmi minisztérium.
A tárca szerint a vállalat területén fegyvernyugvás lépett életbe, és humanitárius folyosót nyitottak, hogy a sebesült ukrán katonákat a Donyecki Népköztársaságban lévő Novoazovszk egyik egészségügyi létesítményébe szállítsák, ahol az ígéretek szerint minden szükséges segítséget megkapnak.
Mint arról a délután folyamán beszámoltunk, Alekszandr Hodakovszkij, a donyecki szakadárok Vosztok alegységeinek parancsnoka hétfő délelőtti Telegram-bejegyzésében azt írta, hogy tíz ukrán katona jött ki fehér zászlóval a mariupoli Azovsztal acélmű területéről. Későbbi híradás szerint Hodakovszkij kilenc harcos érkezéséről számolt be, akik nem magukat megadni jöttek, hanem a sebesültek evakuálásról tárgyalni. A felek meghatározták a sebesültek elszállításának útvonalát, és a donyecki parancsnok szerint az ukránok elkezdték a torlaszok eltakarítását az üzem területén.
A Rosszija 1 állami tévécsatorna este saját forrásaira hivatkozva azt közölte, hogy a Moszkva által neonácinak nevezett Azov ezred 51 tagját hozták ki hordágyakon. Korábban Irina Verescsuk ukrán miniszterelnök-helyettes azt mondta, hogy az Azovsztal területén több mint ezer katona van, köztük több százan megsebesültek. Azt mondta, hogy sokuknak sürgős evakuálásra és orvosi ellátásra van szükségük.","https://24.hu/kulfold/2022/05/16/orosz-ukran-haboru-zelenszkij-putyin-mariupol-finnorszag-svedorszag-elo-percrol-percre/#a-kreml-szovivoje-pontositott-az-orosz-kulugyminiszter-helyettes-fenyegetesen","Direct2","True","5","2022","en","As a result of negotiations with representatives of Ukrainian soldiers surrounded by the steel factory Azovstal in Mariupoli, the Russian Ministry of Defence announced on Monday afternoon that a weapons relief was in place in the company and a humanitarian corridor was opened to transport wounded Ukrainian soldiers to a medical facility in Novoazovsk, in the People's Republic of Donetsk, where all the necessary assistance was promised.","Turkey vetoes the accession of Sweden and Finland to NATO","{'event_type': 'security_cooperation', 'model_outputs': {'-999': -0.43167853355407715, 'arms_transfer_security_aid_assistance': 0.6143022775650024, 'bribery_economic_corruption': -0.9339226484298706, 'diaspora_activation': -0.16099737584590912, 'diplomatic_mediation': -0.7571125626564026, 'diplomatic_recognition': -0.14366194605827332, 'diplomatic_sanction': -0.5977403521537781, 'diplomatic_statement': 1.4705555438995361, 'diplomatic_visit': 0.6880554556846619, 'economic_aid_assistance': -0.6536881923675537, 'intelligence_counterintelligence': -0.36346662044525146, 'investment': -0.34163880348205566, 'joint_security_force_exercise': 0.6608008146286011, 'media_campaign_intervention': -0.5047130584716797, 'social_academic_cultural_activity': -0.31424012780189514, 'political_process_policy_intervention': -2.2343451976776123, 'professional_cultural_exchange': -0.3104103207588196, 'security_cooperation': 9.438287734985352, 'security_force_facility_presence': -0.14332446455955505, 'official_security_force_facility_presence': -1.2401617765426636, 'surveillance': -0.41724270582199097, 'tech_transfer_investment': -0.12009376287460327, 'trade_agreement_exchange': 0.7380608916282654, 'trade_financial_sanction': -0.618255078792572, 'transnational_organization_crime': -0.6264452338218689}}","{'TUR': ['Republic of Turkey'], 'SWE': ['Kingdom of Sweden'], 'FIN': ['Republic of Finland'], 'UKR': [""Novoazovs'k""]}","{'event_type': '-999', 'model_outputs': {'arrest': -1.2071932554244995, 'protest': -1.0481019020080566, 'legalaction': -0.25761717557907104, 'disaster': -0.7809977531433105, 'censor': -0.08882348984479904, 'electionactivity': 0.6172853708267212, 'electionirregularities': -0.5798973441123962, 'activism': -0.7160531878471375, 'martiallaw': -1.7467219829559326, 'cooperate': 1.469577670097351, 'coup': 0.05297672748565674, 'violencenonlethal': -1.0412986278533936, 'violencelethal': -1.4393603801727295, 'corruption': -0.784142017364502, 'legalchange': 2.431723117828369, 'mobilizesecurity': -1.0080008506774902, 'purge': 0.6044093370437622, 'threaten': 0.3327726125717163, 'raid': -1.6298246383666992, '-999': 8.592817306518555}}","{'result': 'Yes', 'model_outputs': {'Yes': 0.9731820821762085, 'No': -0.8336065411567688}}","","","","","","","","Hungary"
"28539","3890","632a504b6213d6bff6b693a3","['Peyotto Technologies']","2022-09-20 19:44:11.373",NA,"2022-07-11","Արմեն Գեւորգյանը ելույթ է ունեցել Հայաստանի Հանրապետության Ազգային ժողովի եւ Ռուսաստանի Դաշնության Դաշնային ժողովի միջեւ համագործակցության միջխորհրդարանական հանձնաժողովի հուլիսի 11-ին Ռուսաստանի Դաշնության Կրասնոյարսկ քաղաքում կայացած 35-րդ նիստում «Եվրասիական տնտեսական միության շրջանակներում Հայաստանի եւ Ռուսաստանի համագործակցության, այդ թվում՝ ՏՏ տեխնոլոգիաների զարգացման եւ թվայնացման տեմպերի արագացման» թեմայով քննարկման ժամանակ: Ելույթում, մասնավորապես, ասվում է.","https%3A%2F%2F168.am%2F2022%2F07%2F11%2F1731761.html.json","https://168.am/wp-content/uploads/2021/08/Armen-Gevorgyan.jpg","hy","""Ռազմական գործողությունների հաջողության գրավականը ժամանակին ցուցաբերվող համապարփակ տեղեկատվական աջակցությունն է""․ Արմեն Գևորգյան",NA,NA,"168.am","
Արմեն Գեւորգյանը ելույթ է ունեցել Հայաստանի Հանրապետության Ազգային ժողովի եւ Ռուսաստանի Դաշնության Դաշնային ժողովի միջեւ համագործակցության միջխորհրդարանական հանձնաժողովի հուլիսի 11-ին Ռուսաստանի Դաշնության Կրասնոյարսկ քաղաքում կայացած 35-րդ նիստում «Եվրասիական տնտեսական միության շրջանակներում Հայաստանի եւ Ռուսաստանի համագործակցության, այդ թվում՝ ՏՏ տեխնոլոգիաների զարգացման եւ թվայնացման տեմպերի արագացման» թեմայով քննարկման ժամանակ: Ելույթում, մասնավորապես, ասվում է.
«Հարգելի՛ գործընկերներ,
ԵԱՏՄ թվային օրակարգի մասին հայտարարության ընդունումից ի վեր անդամ երկրներն ազգային պետական կառավարման եւ տնտեսության մեջ թվային տեխնոլոգիաների ներդրման երկար ճանապարհ են անցել: Կարեւոր է, որ թվային տեխնոլոգիաների ներդրման օպերատիվությունը համավարակի ժամանակ անկում չի ապրել, եւ մենք ականատես ենք եղել նոր նախագծերի: Միեւնույն ժամանակ, պետք է ընդունենք, որ թվային օրակարգի ուղղությամբ աշխատանքի տեմպերն ու արդյունքները մեր երկրներում շատ տարբեր են: Այս նիստին նախապատրաստվելիս ծանոթացա Եվրասիական տնտեսական միության թվային օրակարգի նախագծերի իրականացման 2022 թ. զեկույցին:
Ցավոք, պետք է նշեմ, որ այդ զեկույցում ինտեգրացիոն մեխանիզմների թվայնացմանն ուղղված նախագծերի արդյունավետության վերաբերյալ տվյալներ չտեսա: Կարծում եմ, որ օգտակար կլինի՝ ելնելով մեր աշխատանքի արդյունքներից, ԵԱՏՄ հանձնաժողովին առաջարկել մշակել եւ ներդնել այսպես կոչված թվային օրակարգի արդյունավետության գործակիցներ, որոնց համաձայն՝ հնարավոր կլինի որոշել թվային նախագծերի ազդեցության քանակական եւ որակական ցուցանիշները մեր երկրների միջեւ ապրանքաշրջանառության աճի, ամբողջությամբ վերցրած մեր միության ՀՆԱ-ի եւ տնտեսության առանձին հատվածների աճի, մեր երկրներում արտադրվող ապրանքների մրցունակության եւ որակի բարձրացման, արդյունաբերական եւ այլ կոոպերացիաների խորացման մեջ:
Այսօր թվային օրակարգի առկա օբյեկտիվ խնդիրներին ավելացել են նաեւ ի հայտ եկած նոր գլոբալ եւ աշխարհաքաղաքական իրողությունները: Հարաբերությունների այս նոր միջավայրում, ըստ իս, արդիական են դառնում թվային տեխնոլոգիաների ոլորտում համագործակցության երկու էական ասպեկտներ. առաջինը համագործակցության երկկողմ բաղադրիչի ամրապնդումն է, նկատի ունեմ՝ հայ-ռուսական համագործակցությունը, իսկ երկրորդը՝ ազգային անվտանգության ոլորտում նոր մարտահրավերների եւ զարգացման թվային օրակարգի փոխհարաբերությունը:
Համատեղ հետազոտությունների առաջատար ոլորտներ կարող են լինել ազգային անվտանգության համար «թվային ռիսկերի չեզոքացումը» եւ մեր երկրների ռազմարդյունաբերական համալիրի «թվային վերափոխումը»:
Արդեն իսկ ակնհայտ է, որ նոր աշխարհակարգում գործ ենք ունենալու կիբեռահաբեկչության, կիբեռզենքի եւ կիբեռպատերազմի հետ: Հայաստանի համար այս հարցերն էլ ավելի արդիական են դարձել 44-օրյա պատերազմից հետո: Տեղեկատվական տեխնոլոգիաների անվտանգության հարցերում մեր համատեղ ջանքերը պետք է կրկնապատկվեն ինչպես Լեռնային Ղարաբաղում խաղաղապահ ուժերի առավելագույն արդյունավետությունն ապահովելու առումով՝ թյուրքական կոալիցիայի կողմից նրանց ներկայության աճող մերժման պայմաններում, այնպես էլ՝ Հայաստանի Հանրապետության սահմանների տարածքային ամբողջականության եւ անձեռնմխելիության ապահովման համար:
Պետության ինքնիշխանությունն ապահովող ավանդական եւ միակ արտադրողը ռազմարդյունաբերական համալիրն է. չէ՞ որ պետությունը կենտրոնական տեղ է զբաղեցնում այս համալիրի գործունեության եւ զարգացման հարցում: Անկասկած, պաշտպանության ոլորտն ամբողջ աշխարհում տեխնոլոգիական առաջընթացի առաջատարներից է, այդ թվում՝ տեղեկատվական տեխնոլոգիաների ոլորտում: Ռազմարդյունաբերական համալիրի ձեռնարկությունները պետք է ապահովեն սեփական արտադրության «թվայնացումը», որպեսզի կարողանան ինտեգրվել «թվային տնտեսությանը» եւ համապատասխանել տնտեսության այլ ոլորտներում կառավարման տեխնոլոգիաների զարգացման մակարդակին: Ռազմական գործողությունների հաջողության գրավականը ժամանակին ցուցաբերվող համապարփակ տեղեկատվական աջակցությունն է: Այդ իսկ պատճառով «թվային տնտեսության» ի հայտ գալը մարտահրավեր է ռազմաարդյունաբերական համալիրի համար:
Գործընկերնե՛ր,
հայ-ռուսական «համապարփակ թվային մրցունակություն» նախաձեռնության մեկնարկը կարող է օգնել համարժեք եւ արդյունավետ արձագանքելու նշված մարտահրավերներին՝ բազմակողմ համագործակցության միջոցով հիմնվելով առկա համատեղ եւ ազգային ռազմարդյունաբերական միավորումների, գիտահետազոտական հարթակների եւ մեծաքանակ որակյալ մարդկային ռեսուրսների վրա: Միջպետական համագործակցության մակարդակով հնարավոր է սահմանել մեր երկրների տեղեկատվական եւ հեռահաղորդակցության ենթակառուցվածքների կայունության եւ անվտանգության ապահովման խնդիրը տեղեկատվական եւ թվային տարածության բոլոր մակարդակներում, այդ թվում՝ ԵԱՏՄ-ի եւ ՀԱՊԿ-ի փոխգործակցության եւ կառավարման միասնական համակարգերի շրջանակում:
Նման նախաձեռնությունը կարեւոր կլինի նաեւ կրթության եւ գիտության ոլորտների զարգացման համար: Հայաստանի Հանրապետությունը կարող է դառնալ յուրօրինակ գիտական լաբորատորիա, որտեղ կարող են կատարվել բավականին համարձակ եւ արտառոց գիտական հետազոտություններ եւ փորձեր, որտեղ ռուս ներդրողների հետ համատեղ կարող են ստեղծվել լաբորատոր արտադրամասեր եւ մեկնարկային արտադրություններ: Բացի այդ, մեր երկրների միջեւ ռազմարդյունաբերական համալիրի շրջանակում թվային համագործակցությունը կարող է առավելագույնս խթանել Հայաստանի պաշտպանական-արդյունաբերական ինքնաբավության քաղաքականությունը, ինչը նվազագույնի կհասցնի երկրի կախվածությունն արտաքին գործոններից:
Եզրափակելով՝ նշեմ, որ մեր երկրների միջեւ թվային համագործակցությունն օբյեկտիվորեն կարող է ձեւավորել հայ-ռուսական ինտեգրման նոր որակ, եւ նոր հեռանկարներ բացել դրա խորացման համար:
Շատ շնորհակալ եմ ուշադրության համար»,- ելույթը եզրափակել է Արմեն Գեւորգյանը:
","https://168.am/2022/07/11/1731761.html","Direct2","True","7","2022","en","Armen Govorgian delivered a speech on 11 July at the International Conference of Cooperation between the National Assembly of the Republic of Haiti and the Dasana Congregation of the Russian Federation.","""The key to the success of military operations is time-consuming information support.""","{'event_type': '-999', 'model_outputs': {'-999': -0.45816388726234436, 'arms_transfer_security_aid_assistance': 6.065062046051025, 'bribery_economic_corruption': -0.9496825337409973, 'diaspora_activation': -0.5390851497650146, 'diplomatic_mediation': -0.718046247959137, 'diplomatic_recognition': -1.6083953380584717, 'diplomatic_sanction': -1.3781254291534424, 'diplomatic_statement': 0.4549919366836548, 'diplomatic_visit': -0.7985919117927551, 'economic_aid_assistance': -0.040138766169548035, 'intelligence_counterintelligence': -1.298063039779663, 'investment': -1.4619489908218384, 'joint_security_force_exercise': 1.1152806282043457, 'media_campaign_intervention': -0.8846768140792847, 'social_academic_cultural_activity': -0.22608907520771027, 'political_process_policy_intervention': -1.6040691137313843, 'professional_cultural_exchange': -1.1094374656677246, 'security_cooperation': 4.04391622543335, 'security_force_facility_presence': 3.390183687210083, 'official_security_force_facility_presence': -0.984737753868103, 'surveillance': 1.4213008880615234, 'tech_transfer_investment': 1.0652751922607422, 'trade_agreement_exchange': -1.0853283405303955, 'trade_financial_sanction': -0.03805990517139435, 'transnational_organization_crime': -1.0952563285827637}}","{'HTI': ['Republic of Haiti'], 'RUS': ['Russian Federation']}","{'event_type': '-999', 'model_outputs': {'arrest': -0.3314531445503235, 'protest': -0.5993625521659851, 'legalaction': 0.05667158588767052, 'disaster': 0.08875322341918945, 'censor': -0.21865898370742798, 'electionactivity': 0.11287133395671844, 'electionirregularities': -1.2727965116500854, 'activism': -0.9081958532333374, 'martiallaw': -1.0114518404006958, 'cooperate': -0.11596596240997314, 'coup': -0.9554413557052612, 'violencenonlethal': 0.3472962975502014, 'violencelethal': -0.9414400458335876, 'corruption': 0.0020091235637664795, 'legalchange': 0.13296766579151154, 'mobilizesecurity': -0.7270086407661438, 'purge': -0.42352384328842163, 'threaten': 0.03684055805206299, 'raid': -1.3745853900909424, '-999': 10.303564071655273}}","{'result': 'Yes', 'model_outputs': {'Yes': 0.22022807598114014, 'No': -0.16339111328125}}","","-999","media_campaign_intervention","","","","","Armenia"
"134245","9994","634717dbdeac534456ac5b42","['Відстань Між С. Мелекіне Та С. Б.Коса Під Маріуполем']","2022-10-12 15:39:01.224","","2022-08-12 15:14:27","Радник мера Петро Андрющенко повідомив, що з окупованого Маріуполя почали вивозити родини російських військових","https%3A%2F%2Fwww.pravda.com.ua%2Fnews%2F2022%2F08%2F12%2F7362994%2F.json","https://img.pravda.com/images/doc/6/3/634f745-marik.png","uk","Маріуполь: Росія вивозить з міста родини своїх військових","",NA,"pravda.com.ua","З узбережжя окупованого Маріуполя вивезли родини російських військових після вибухів на аеродромі в Криму.
 Джерело: радник мера Маріуполя Петро Андрющенко в Telegram
 Пряма мова: ""Всі родини військових окупантів після кримської бавовни терміново залишили узбережжя від с. Мелекіне до с. Б. Коса. Страх панує серед колаборантів та верхівки маріупольских окупантів"".
 Деталі: Крім того, за його словами, у гауляйтера Костянтина Іващенка, якого Росія призначила ""мером"" Маріуполя, кількість охоронців зросла з 4 до 7.
 Передісторія:","https://www.pravda.com.ua/news/2022/08/12/7362994/","","True","8","2022","en","From the coast of the occupied Maripolo, families of Russian troops were removed after the explosions in the Crimea, and the source was the adviser to the mayor of Mariupol Peter Andrünchenko in Telegram.","Mariopolis: Russia removes its military families from the city","{'event_type': '-999', 'model_outputs': {'-999': -0.3301824629306793, 'arms_transfer_security_aid_assistance': 0.08222678303718567, 'bribery_economic_corruption': -1.449941873550415, 'diaspora_activation': -0.031789183616638184, 'diplomatic_mediation': -0.22077229619026184, 'diplomatic_recognition': -1.59232759475708, 'diplomatic_sanction': 2.231081008911133, 'diplomatic_statement': 3.1886353492736816, 'diplomatic_visit': -0.6468896865844727, 'economic_aid_assistance': -1.371557593345642, 'intelligence_counterintelligence': -0.7713218331336975, 'investment': -0.6407044529914856, 'joint_security_force_exercise': -0.8769591450691223, 'media_campaign_intervention': -0.9927912950515747, 'social_academic_cultural_activity': -0.18378324806690216, 'political_process_policy_intervention': -0.42987796664237976, 'professional_cultural_exchange': -0.8982030153274536, 'security_cooperation': 1.5695948600769043, 'security_force_facility_presence': 6.964542865753174, 'official_security_force_facility_presence': -1.0862946510314941, 'surveillance': 0.0886683240532875, 'tech_transfer_investment': -1.0529354810714722, 'trade_agreement_exchange': -1.710522174835205, 'trade_financial_sanction': -0.8590331077575684, 'transnational_organization_crime': -0.12295578420162201}}","{'RUS': ['Russian Federation'], 'BRA': ['Mariópolis'], 'AUS': ['Crimea']}","{'event_type': '-999', 'model_outputs': {'arrest': -0.0937243402004242, 'protest': -1.8750675916671753, 'legalaction': 1.5479333400726318, 'disaster': -1.4177684783935547, 'censor': 2.832873821258545, 'electionactivity': -1.4403247833251953, 'electionirregularities': -1.2599294185638428, 'activism': -0.552516758441925, 'martiallaw': -1.0631614923477173, 'cooperate': -1.0382883548736572, 'coup': -0.3402312994003296, 'violencenonlethal': -1.1655097007751465, 'violencelethal': -1.0694518089294434, 'corruption': -0.5070376396179199, 'legalchange': -0.17531168460845947, 'mobilizesecurity': 0.9597870111465454, 'purge': 3.244174003601074, 'threaten': -1.0000450611114502, 'raid': 1.5349657535552979, '-999': 4.2492356300354}}","{'result': 'Yes', 'model_outputs': {'Yes': 0.8244601488113403, 'No': -0.6815404295921326}}","","","","","","","","Ukraine"
"32606","3469","629c5185f1f860762878d83a","['Peyotto Technologies', 'Գոհար Հայրապետյան', 'Արթուր Աղաբեկյան', 'Վոլոդյա Մուշեղյան', 'Դավիթ Գրիգորյան', 'Ժիրայր Ոսկանյան']","2022-06-05 02:47:33.282",NA,"2022-03-30",NA,"https%3A%2F%2Fwww.1in.am%2F3090804.html.json","https://www.1in.am/assets/uploads/2022/03/100-1212-536x360.jpg","hy","Մակրոնը մտադիր է Պուտինի հետ կրկին հեռախոսազրույց ունենալ",NA,NA,"1in.am","Ֆրանսիայի նախագահ Էմանուել Մակրոնը մտադիր Է այս շաբաթ նոր հեռախոսազրույց վարել Ռուսաստանի ղեկավար Վլադիմիր Պուտինի հետ: Այդ մասին մարտի 30-ին հայտնել Է Ֆրանսիայի կառավարության պաշտոնական ներկայացուցիչ, պետքատուղար Գաբրիել Ատալն՝ ամփոփելով Ելիսեյան պալատում Նախարարների խորհրդի նիստի արդյունքները:","https://www.1in.am/3090804.html","Direct2","True","3","2022","en","The French president Emmanuel Macroon was thinking about having a new phone call this week with Russian leader Vladimir Putin on March 30 about it.","Makrónisos had decided to contact Putin again","{'event_type': 'diplomatic_statement', 'model_outputs': {'-999': -0.7326920032501221, 'arms_transfer_security_aid_assistance': -0.13941404223442078, 'bribery_economic_corruption': -1.7559757232666016, 'diaspora_activation': -1.0344195365905762, 'diplomatic_mediation': 1.1181637048721313, 'diplomatic_recognition': -0.06937174499034882, 'diplomatic_sanction': 1.5960900783538818, 'diplomatic_statement': 5.175959587097168, 'diplomatic_visit': 4.431347846984863, 'economic_aid_assistance': -1.4431376457214355, 'intelligence_counterintelligence': 0.07619735598564148, 'investment': -1.3740007877349854, 'joint_security_force_exercise': -0.9095044136047363, 'media_campaign_intervention': -0.40397268533706665, 'social_academic_cultural_activity': -0.7548457384109497, 'political_process_policy_intervention': 0.6638974547386169, 'professional_cultural_exchange': -1.2217187881469727, 'security_cooperation': 3.2368969917297363, 'security_force_facility_presence': -1.4047417640686035, 'official_security_force_facility_presence': -1.0704303979873657, 'surveillance': -0.8677626252174377, 'tech_transfer_investment': -0.8906973600387573, 'trade_agreement_exchange': 0.2820776104927063, 'trade_financial_sanction': 0.34315311908721924, 'transnational_organization_crime': -1.8233534097671509}}","{}","{'event_type': 'cooperate', 'model_outputs': {'arrest': -0.47931039333343506, 'protest': 0.21147099137306213, 'legalaction': -1.9624505043029785, 'disaster': 0.1397082805633545, 'censor': -1.2198734283447266, 'electionactivity': 1.1733471155166626, 'electionirregularities': -1.2909313440322876, 'activism': -0.9720473289489746, 'martiallaw': -0.9300795197486877, 'cooperate': 6.646949768066406, 'coup': -1.4190263748168945, 'violencenonlethal': -0.9568156003952026, 'violencelethal': -0.22281184792518616, 'corruption': -1.0317038297653198, 'legalchange': -0.8466097116470337, 'mobilizesecurity': -0.45518210530281067, 'purge': -0.23461467027664185, 'threaten': 0.17485249042510986, 'raid': -1.6933114528656006, '-999': 5.908926486968994}}","{'result': 'Yes', 'model_outputs': {'Yes': 0.9855660796165466, 'No': -0.8461423516273499}}","-999","-999","-999","cooperate","","[]","No","Armenia"
"60095","1316","632be0832cc5f09f0ab40e96","[]","2022-09-22 00:11:47.925",NA,"2022-04-18 18:40:00","Az ukránok már a blokád alá vett Leningrádhoz és Sztálingrád hős védőihez hasonlítják, míg az oroszok ezt kikérik maguknak. Az Azovi-tenger partján fekvő város tényleg megszenvedte az elmúlt ötven napot, és védői hősiesen kitartanak. Mariupol azonban nem Leningrád és nem is Sztálingrád. Mint ahogy Bucsa sem Katiny. Az Azov ezred pedig derék harcos, de továbbra is neonáci társaság. A pszichológiai hadviselés részeként gőzerővel folyik a mítoszgyártás.","https%3A%2F%2Fdemokrata.hu%2Fvilag%2Fmariupol-es-a-mitoszgyartas-521441%2F.json","https://demokrata.hu/wp-content/uploads/2022/04/1200x630/KEPA20220412131.jpg","hu","Mariupol és a mítoszgyártás",NA,NA,"demokrata.hu","Az ukránok már a blokád alá vett Leningrádhoz és Sztálingrád hős védőihez hasonlítják, míg az oroszok ezt kikérik maguknak. Az Azovi-tenger partján fekvő város tényleg megszenvedte az elmúlt ötven napot, és védői hősiesen kitartanak. Mariupol azonban nem Leningrád és nem is Sztálingrád. Mint ahogy Bucsa sem Katiny. Az Azov ezred pedig derék harcos, de továbbra is neonáci társaság. A pszichológiai hadviselés részeként gőzerővel folyik a mítoszgyártás. Az Azovi-tenger partján fekvő félmilliós Mariupol immár több mint félszáz napja áll ostrom alatt. Ukrajna tizedik legnagyobb városáról van szó, amelyet 1948–1989 között Zsdanovnak hívtak. Míg a többi várost az orosz csapatok inkább megkerülték, vagy körbezárták, addig a kikötőváros ostromához rögtön hozzáfogtak.A város feletti ellenőrzés megszerzése elengedhetetlen a Donbassz és a Krím közötti szárazföldi összeköttetés megteremtéséhez. Éppen ezért már az elmúlt nyolc évben is fel-felmerült az elfoglalása. Pontosabban egyértelmű volt, ha bármilyen nyílt orosz beavatkozás lesz a Donbasszban, az érinteni fogja Mariupolt, amely kikötőként az Azovi-tenger kulcsa is, ráadásul jelentős szerepet játszik az ukrán gabonaexport lebonyolításában..Itt van az Iljics Vaskohászati Kombinát, az Azovmas, és Európa egyik legnagyobb acélipari kombinátja, a Rinat Ahmetov oligarcha tulajdonában lévő Azovsztal is. A városért folyó harcok így az acél globális piacára is hatással vannak. Kína és India, a világ két legnagyobb acéltermelője pótolni tudja a kieső acélmennyiséget, ám Ukrajna és Oroszország világpiaci részesedése mintegy tíz százalék. Ez különösen az Európai Uniót érinti érzékenyen, hiszen az itt évente felhasznált 150 millió tonna acél 20 százalékát importálják, ennek 40 százaléka Oroszországból, Ukrajnából és Belaruszból származik. Az acélárak az elmúlt két évben a megnövekedett energiaköltségek, az érc, a kokszszén és a vashulladék nyersanyagok piacán kialakult árharc, valamint a megnövekedett szállítási díjak miatt már a világjárvány miatt történelmi csúcsot értek el. Az árnövekedést jól érzékelteti, hogy 2021 őszéhez képest az építőiparban használt acélháló ára 72 százalékkal emelkedett, míg a betonacél 46 százalékkal lett drágább. .Mintegy 15 ezer ukrán védte a várost – fele-fele arányban a reguláris hadsereg, valamint az ebbe integrált, ám meglehetősen önjáró Azov ezred katonái –, míg nagyjából 20 ezres volt az ostromló orosz csapatok létszáma. Orosz részről itt vannak a bevonult egységek mellett a két szeparatista államalakulat hadseregének katonái is, valamint az utcai harcokban tapasztalt és elszánt csecsenek, a „kadirovcik” is. A történet a végéhez közeledik.Az Azov Mariupolban alakult még 2014-ben a szeparatista donbasszi „népköztársaságok” letörésére. Később a hasonló szabadcsapatokkal együtt őket is integrálták a belügy, majd a hadsereg állományába, önállóságukat azonban féltve őrzik. Meglehetősen önjárók, és időnként összecsapnak még az őket megregulázni szándékozó reguláris alakulatokkal is. Ideológiájuk nyíltan neonáci, és hogy ez mindenki számára egyértelmű legyen, büszkén neonáci jelképeket viselnek, a soraikban pedig a szélsőjobbos radikálisoktól a bűnöző elemeken, a martalócokon át a jobb híján a megélhetésért ide csapódottakig meglehetősen vegyes társaság jött össze. Az elmúlt nyolc évben azonban bőségesen szereztek harci tapasztalatot a Donbasszban, és a kipróbált harcosokat hajtja még a neonáci felhangokkal kísért nacionalizmus is. Az elkeseredett küzdelem hátterének megértéséhez tehát ez is hozzátartozik. Mint ahogy az is a történet része, hogy a médián keresztül gőzerővel folyik a kimosdatásuk. A hatalom és követői hol azt hangoztatják, hogy hősök, és nem is olyan neonácik, ez csak orosz propaganda, hol pedig titkon abban reménykedik, hogy a legkeményebb részük nem is éli túl ezt a háborút.Mariupol bevétele nemcsak stratégiai és lélektani szempontból fontos Oroszországnak, hanem azért is, mert itt felszabadul legalább 10 ezer katona, és a közelgő nagy donbasszi csatában minden erősítésre nagy szükség van. Az itt felszabaduló erővel délről is indulhat a támadás Izjum felé. Az ukrán esélyek ezen a viszonylag nyitott terepen nem túl jók. Az is fontos szempont, hogy élőerőben nagyon-nagyok lehetnek az ukrán veszteségek. Mariupol esetében egy dandárnyi ukrán katona esik ki a harcokból végleg, emellett rengeteg harckocsi és egyéb eszköz..Nem tudni meddig tartanak ki még a védők, de azt már most leszögezhetjük, hogy messze a várakozásokon túl ellenálltak. Az Azovot nehéz különösebben szeretni, de a kitartását el kell ismerni. A végsőkig ki fognak tartani az Azovsztal még Sztálin építette, több kilométer hosszú földalatti alagútrendszerében, de a Tu-22-esek bombái és a csecsenek gránátjai előbb-utóbb megteszik a hatásukat. Az egyébként kemény ukrán tengerészgyalogosok előbb feladják a kilátástalan harcot. Orosz források szerint már most mintegy 1300-an megadták magukat, az ukrán fél mit tehetne, ezt tagadja..Egyszerűbb helyzetben van természetesen a győztes, így Mariupol esetében a helyzet magáért beszél. Oroszországnak inkább az ukrán vádakat kell(ene) cáfolni, ezzel pedig Moszkva láthatóan nem sokat törődik. Kivételt ez alól talán az Azov civilekkel szemben elkövetett bűneinek kommunikálására tett kísérletek jelentenek. Ukrajna ugyanakkor az információs térben az egyértelmű vereséget is igyekszik győzelemmé változtatni. Így például végig azt sulykolta, hogy Mariupolban több tízezer halott van, majd ment a humanitárius folyosók körüli huzavona, amelyben finoman szólva sem az az üzenet tört át, hogy az Azov élő pajzsként használja a polgári lakosságot. Aztán jött az Oroszországba „elhurcolt” lakosok története, közben a szülőotthon és a színház lerombolása körüli információs trükk, végül a végjátékban azon dolgozik az ukrán csapat, hogy a védők kiállását hőstörténetté formálja. Nem mellesleg Volodimir Zelenszkij felveti a fogvatartott ellenzéki politikus, Viktor Medvedcsuk kicserélését a foglyokra, azt pedig Kijev kitartóan tagadja, hogy bárki is megadta volna magát. Persze, Oroszország meg éppen ezt igyekszik kidomborítani. Az elnök ugyanakkor azzal fenyeget, ha a védőket az orosz csapatok nem engedik ki, akkor megszakítja a béketárgyalásokat.","https://demokrata.hu/vilag/mariupol-es-a-mitoszgyartas-521441/","Direct2","True","4","2022","en","The Ukrainians have already compared it to Leningrad and Stalingrad's heroic defenders, while the Russians ask for it. The city on the coast of the Azov Sea has really suffered for the last fifty days and its defenders have been bravely strong. Mariupol is neither Leningrad nor Stalingrad. Just as Bucsa is neither Katiny.","Mariupol and myth production","{'event_type': 'professional_cultural_exchange', 'model_outputs': {'-999': -0.45233771204948425, 'arms_transfer_security_aid_assistance': -0.5768274068832397, 'bribery_economic_corruption': 0.16059063374996185, 'diaspora_activation': 0.5434347987174988, 'diplomatic_mediation': -0.5109103322029114, 'diplomatic_recognition': -0.3510841131210327, 'diplomatic_sanction': -0.38814109563827515, 'diplomatic_statement': -1.3620318174362183, 'diplomatic_visit': 0.6782046556472778, 'economic_aid_assistance': -0.3081480860710144, 'intelligence_counterintelligence': -1.1435843706130981, 'investment': 0.8262193202972412, 'joint_security_force_exercise': -0.17484906315803528, 'media_campaign_intervention': 0.21779288351535797, 'social_academic_cultural_activity': -0.4204736649990082, 'political_process_policy_intervention': -0.14500607550144196, 'professional_cultural_exchange': 9.158631324768066, 'security_cooperation': -0.276561975479126, 'security_force_facility_presence': -0.32183367013931274, 'official_security_force_facility_presence': -0.3948187530040741, 'surveillance': -0.6977136731147766, 'tech_transfer_investment': -0.7216838598251343, 'trade_agreement_exchange': -0.9850186705589294, 'trade_financial_sanction': -0.6549824476242065, 'transnational_organization_crime': -0.33652251958847046}}","{'RUS': ['Volgograd', 'Saint Petersburg'], 'UKR': ['Kerch-Yenikale Canal']}","{'event_type': '-999', 'model_outputs': {'arrest': -0.4256784915924072, 'protest': -0.4613698124885559, 'legalaction': 0.32292094826698303, 'disaster': 0.3926871418952942, 'censor': -0.5761650800704956, 'electionactivity': -0.21672284603118896, 'electionirregularities': -1.4660160541534424, 'activism': -0.793941855430603, 'martiallaw': -0.7872611284255981, 'cooperate': 0.0923139676451683, 'coup': -1.3015546798706055, 'violencenonlethal': 0.7063788771629333, 'violencelethal': -0.4475601017475128, 'corruption': -0.0026045888662338257, 'legalchange': 0.05256069451570511, 'mobilizesecurity': -0.8491871356964111, 'purge': -0.764531135559082, 'threaten': -0.0868072509765625, 'raid': -1.2245839834213257, '-999': 10.201974868774414}}","{'result': 'No', 'model_outputs': {'Yes': -2.009786367416382, 'No': 1.585915207862854}}","",NA,"","",NA,"","","Hungary"
"96673","6669","62b0e7d613a27197c92e1ba6","['Beta Afp', 'Nina Savčić', 'Marko Vidojković', 'Nemanja Rujević', 'Jasmina Lukač']","2022-06-20 17:34:14.767",NA,"2022-06-11 18:38:00","Vlada nikaragvanskog predsednika Danijela Ortege odobrila je da se ruske trupe, avione i brodove da se rasporede u Nikaragvi.","https%3A%2F%2Fwww.danas.rs%2Fsvet%2Fnikaragva-dozvoljava-ulazak-ruskih-trupa-aviona-brodova-marija-zaharova-kaze-da-je-odluka-rutinska%2F.json","https://www.danas.rs/wp-content/uploads/2022/06/d55b13654fe72412e511b60b60b1e00a-e1654965409435.jpg","sr","Nikaragva dozvoljava ulazak ruskih trupa, aviona, brodova; Marija Zaharova kaže da je odluka „rutinska“",NA,NA,"danas.rs","Vlada nikaragvanskog predsednika Danijela Ortege odobrila je da se ruske trupe, avione i brodove da se rasporede u Nikaragvi.U dekretu objavljenom ove nedelje, koji je Rusija potvrdila u četvrtak, Ortega dozvoljava ruskim trupama da obavljaju dužnosti sprovodjenja zakona, „humanitarnu pomoć, misije spasavanja i potrage u vanrednim situacijama ili prirodnim katastrofama“.Vlada Nikaragve je takodje odobrila prisustvo malih kontingenata ruskih trupa radi „razmene iskustava i obuke“.Portparolka ruskog Ministarstva spoljnih poslova Marija Zaharova rekla je za ruski Sputnjik da je ta odluka Nikaragve koja se donosi dvaput godišnje, „rutinska“ jer zakon o tome takodje ovlašćuje trupe iz SAD, Meksika i drugih zemalja Centralne Amerike za iste potrebe.Zaharova je rekla da je smisao politike Nikaragve o privremenom prijemu stranog vojnog osoblja „razvoj saradnje u raznim oblastima, uključujući humanitarno i hitno reaagovanje, borbu protiv organizovanog kriminala i šverca droge“.Ortegina vlast je zabranila desetine nevladinih grupa koje optužuje da u stranom interesu rade na destabilizaciji Nikaragve. Desetine hiljada Nikaraguvanaca su oterane u egzil.Pratite nas na našoj Facebook i Instagram stranici, ali i na Twitter nalogu. Pretplatite se na PDF izdanje lista Danas.Ime *Komentar","https://www.danas.rs/svet/nikaragva-dozvoljava-ulazak-ruskih-trupa-aviona-brodova-marija-zaharova-kaze-da-je-odluka-rutinska/","Direct2","True","6","2022","en","Nicaraguan President Daniel Ortega's government has approved the deployment of Russian troops, planes and ships in Nicaragua. and searches in emergencies or natural disasters. The Nicaraguan government also approved the presence of small contingents of Russian troops to \""exchange experiences and train.\"" Russian Foreign Ministry spokeswoman Maria Zakharova told Russia's Sputnik that the decision was Nicaraguan","Nicaragua allows the entry of Russian troops, planes, ships; Marija Zaharova says the decision is \""routine\""","{'event_type': '-999', 'model_outputs': {'-999': -0.8036493062973022, 'arms_transfer_security_aid_assistance': 3.058840036392212, 'bribery_economic_corruption': -1.1008639335632324, 'diaspora_activation': -0.8474775552749634, 'diplomatic_mediation': 0.37136775255203247, 'diplomatic_recognition': -0.924223780632019, 'diplomatic_sanction': -0.055243462324142456, 'diplomatic_statement': 2.641796112060547, 'diplomatic_visit': -0.34121015667915344, 'economic_aid_assistance': -0.07778424024581909, 'intelligence_counterintelligence': -1.2691221237182617, 'investment': -0.42110905051231384, 'joint_security_force_exercise': -1.2917370796203613, 'media_campaign_intervention': -1.2710204124450684, 'social_academic_cultural_activity': -0.4580889940261841, 'political_process_policy_intervention': -1.1483840942382812, 'professional_cultural_exchange': -0.6802513003349304, 'security_cooperation': 8.028435707092285, 'security_force_facility_presence': 1.8609955310821533, 'official_security_force_facility_presence': -1.6357340812683105, 'surveillance': -0.6431034803390503, 'tech_transfer_investment': -0.6692858934402466, 'trade_agreement_exchange': 0.11896544694900513, 'trade_financial_sanction': -0.09647902846336365, 'transnational_organization_crime': -0.45828530192375183}}","{'NIC': ['Republic of Nicaragua'], 'RUS': ['Russian Federation']}","{'event_type': '-999', 'model_outputs': {'arrest': -0.7454315423965454, 'protest': -1.251546859741211, 'legalaction': -0.18736393749713898, 'disaster': -0.787930428981781, 'censor': 0.09967558085918427, 'electionactivity': -1.0182098150253296, 'electionirregularities': -1.3674509525299072, 'activism': 0.2562771141529083, 'martiallaw': 0.3092690706253052, 'cooperate': 1.6649909019470215, 'coup': -0.7220456600189209, 'violencenonlethal': -1.313382625579834, 'violencelethal': -1.3119264841079712, 'corruption': -1.512235403060913, 'legalchange': 3.769519090652466, 'mobilizesecurity': 1.457352876663208, 'purge': 0.05458221584558487, 'threaten': -1.3083996772766113, 'raid': -1.2215690612792969, '-999': 6.6478986740112305}}","{'result': 'Yes', 'model_outputs': {'Yes': 0.9736238121986389, 'No': -0.8338235020637512}}","","","","","","","","Serbia"
"88101","85","6408d9cd5ec3dd4afec1370b","[]","2023-03-08 13:54:05.606",NA,"2021-11-17 16:08:00",NA,"https%3A%2F%2Ftribuna.md%2F2021%2F11%2F17%2Figor-dodon-in-calitate-de-presedinte-al-uniunii-de-afaceri-moldo-rusa-efectueaza-o-vizita-la-moscova%2F.json","https://tribuna.md/wp-content/uploads/2021/11/dodon-2.jpg","ro","Igor Dodon, în calitate de președinte al Uniunii de afaceri moldo-rusă, efectuează o vizită la Moscova",NA,NA,"tribuna.md","Președintele Uniunii de afaceri moldo-rusă, Igor Dodon efectuează o vizită de lucru la Moscova, unde are planificate câteva întrevederi importante, informează TRIBUNA cu referire la un comunicat al socialiștilor.
Prima destinație din agenda de lucru a fost vizita la Fundația „Russkii Mir”. Această organizație a fost creată prin decretul Președintelui Federației Ruse, în anul 2007, cu scopul de a promova limba rusă și cultura rusă în străinătate. De menționat că președintele Consiliului de Administrație al Fundației este Dmitrii Kozak.
Igor Dodon a discutat cu Vladimir Kocin, directorul executiv al Fundației „Russkii Mir”, despre realizarea programelor culturale și umanitare în Moldova.
Cea de-a doua destinație a fost la Casa Diasporei Ruse „Aleksandr Soljenițîn”. Această instituție este subordonată Departamentului Cultură al orașului Moscova și se ocupă de studierea patrimoniului cultural al diasporei ruse, dezvoltarea relațiilor și consolidarea legăturilor cu conaționalii din afara Rusiei. Dispune de o arhivă unică, un muzeu și o bibliotecă.
În cadrul discuției cu Viktor Moskvin, directorul instituției, Igor Dodon a abordat subiecte cu privire la diverse programe educaționale, culturale și informaționale din Moldova.
În cursul dialogului cu ambii interlocutori președintele Uniunii de afaceri moldo-ruse a subliniat faptul că, datorită legăturilor noastre multiseculare, în Moldova s-a înrădăcinat o atitudine respectuoasă față de cultura rusă, iar cunoașterea limbii ruse oferă cetățenilor noștri avantaje considerabile. De asemenea, Moldova și Rusia sunt unite de destinele unor astfel de personalități, precum Aleksandr Pușkin, care a trăit pe meleagul moldovenesc timp de trei ani.
Cristina Gurez","https://tribuna.md/2021/11/17/igor-dodon-in-calitate-de-presedinte-al-uniunii-de-afaceri-moldo-rusa-efectueaza-o-vizita-la-moscova/","Direct2","True","11","2021","en","The President of the Union of Moldova-Russia, Igor Dodon, is making a business visit to Moscow, where several important interviews have been planned, informs TRIBUNA of a communication from the social partners.The first destination of the agenda has been visited at the Foundation""","Igor Dodon, as President of the Russian-Russian Union, makes a visit to Moscow","{'event_type': 'diplomatic_visit', 'model_outputs': {'-999': -0.4077213704586029, 'arms_transfer_security_aid_assistance': -0.4541873037815094, 'bribery_economic_corruption': -0.4391508996486664, 'diaspora_activation': 0.07155092060565948, 'diplomatic_mediation': 0.5048360824584961, 'diplomatic_recognition': 0.2632463574409485, 'diplomatic_sanction': 1.1000280380249023, 'diplomatic_statement': 0.13782793283462524, 'diplomatic_visit': 9.485343933105469, 'economic_aid_assistance': -1.4167985916137695, 'intelligence_counterintelligence': -0.6056991815567017, 'investment': -0.7188180685043335, 'joint_security_force_exercise': 0.11112197488546371, 'media_campaign_intervention': -0.39595359563827515, 'social_academic_cultural_activity': -0.3835897147655487, 'political_process_policy_intervention': -0.390243262052536, 'professional_cultural_exchange': 0.6053460836410522, 'security_cooperation': 1.360536813735962, 'security_force_facility_presence': -0.33906376361846924, 'official_security_force_facility_presence': 0.018731698393821716, 'surveillance': -1.5465095043182373, 'tech_transfer_investment': -0.3722737431526184, 'trade_agreement_exchange': -0.5907595753669739, 'trade_financial_sanction': -0.3466202914714813, 'transnational_organization_crime': -1.5767756700515747}}","{'RUS': ['Moscow']}","{'event_type': '-999', 'model_outputs': {'arrest': -0.34445345401763916, 'protest': -0.22830675542354584, 'legalaction': -0.8637120127677917, 'disaster': 0.025419339537620544, 'censor': -1.1441906690597534, 'electionactivity': 1.1584994792938232, 'electionirregularities': -1.1569796800613403, 'activism': -1.2743809223175049, 'martiallaw': -0.657353937625885, 'cooperate': 2.3414173126220703, 'coup': -1.5048301219940186, 'violencenonlethal': -0.24116511642932892, 'violencelethal': -0.9627432823181152, 'corruption': -0.5932785868644714, 'legalchange': 0.23194843530654907, 'mobilizesecurity': -0.7216697931289673, 'purge': -0.26177334785461426, 'threaten': -0.06372848153114319, 'raid': -1.6370129585266113, '-999': 9.707342147827148}}","{'result': 'Yes', 'model_outputs': {'Yes': 0.9974167346954346, 'No': -0.8586754202842712}}","","","","",NA,"","","Moldova"
"101076","1093","627d801add894d3c8b3d2ee6","[]","2022-05-12 17:46:02.341",NA,"2022-03-22 09:23:00","Ukrayna’nın Azov Taburu, bir tankın başında dinlenen Rus askerlerine uzaktan düzenlediği saldırıya ait görüntüleri yayınladı.","https%3A%2F%2Fweb.archive.org%2Fweb%2F20220322064047%2Fhttps%3A%2F%2Fwww.posta.com.tr%2Fdunya%2Fukraynadaki-azov-taburu-rus-askerlerini-imha-etti-2502898.json","https://web.archive.org/web/20220322064047im_/https://i3.posta.com.tr/i/posta/75//0x0/62396ba0e4bfdc23a4257eed.jpeg","tr","Ukrayna’daki Azov Taburu Rus askerlerini imha etti",NA,NA,"posta.com.tr","Ukrayna’nın Azov Taburu, bir tankın başında dinlenen Rus askerlerine uzaktan düzenlediği saldırıya ait görüntüleri yayınladı.","https://web.archive.org/web/20220322064047/https://www.posta.com.tr/dunya/ukraynadaki-azov-taburu-rus-askerlerini-imha-etti-2502898","wayback_alt","True","3","2022","en","Ukraine's Azov Battalion has released footage of a remote attack on Russian soldiers resting at the head of a tank.","Azov Battalion in Ukraine destroys Russian troops","{'event_type': 'security_force_facility_presence', 'model_outputs': {'-999': -0.003570452332496643, 'arms_transfer_security_aid_assistance': -0.6352527141571045, 'bribery_economic_corruption': -1.0604172945022583, 'diaspora_activation': 0.09801807254552841, 'diplomatic_mediation': -0.057246893644332886, 'diplomatic_recognition': -1.0901004076004028, 'diplomatic_sanction': -1.2313313484191895, 'diplomatic_statement': 2.279681921005249, 'diplomatic_visit': -0.7074187994003296, 'economic_aid_assistance': -0.7965173721313477, 'intelligence_counterintelligence': -1.1106427907943726, 'investment': -0.5491905808448792, 'joint_security_force_exercise': -0.14946013689041138, 'media_campaign_intervention': -0.18362918496131897, 'social_academic_cultural_activity': -0.08962292969226837, 'political_process_policy_intervention': -0.29839566349983215, 'professional_cultural_exchange': -0.8760526180267334, 'security_cooperation': 0.5785478353500366, 'security_force_facility_presence': 9.169818878173828, 'official_security_force_facility_presence': -0.5870229601860046, 'surveillance': 0.09043977409601212, 'tech_transfer_investment': -0.9245561361312866, 'trade_agreement_exchange': -1.4133217334747314, 'trade_financial_sanction': -1.8919299840927124, 'transnational_organization_crime': -0.5220715403556824}}","{'UKR': ['Ukraine']}","{'event_type': 'violencenonlethal', 'model_outputs': {'arrest': -0.7843530178070068, 'protest': -0.21521830558776855, 'legalaction': -1.2615197896957397, 'disaster': 0.3517495393753052, 'censor': -1.1278835535049438, 'electionactivity': -1.0498473644256592, 'electionirregularities': -1.3795971870422363, 'activism': -0.3922107219696045, 'martiallaw': -1.2118854522705078, 'cooperate': -1.3640530109405518, 'coup': -0.19754919409751892, 'violencenonlethal': 8.41723918914795, 'violencelethal': 1.7941391468048096, 'corruption': -0.7938384413719177, 'legalchange': -1.7532680034637451, 'mobilizesecurity': 0.6110601425170898, 'purge': -1.8620799779891968, 'threaten': -0.5643018484115601, 'raid': 1.0471068620681763, '-999': 1.463494062423706}}","{'result': 'Yes', 'model_outputs': {'Yes': 0.9910975098609924, 'No': -0.851797342300415}}","",NA,"","",NA,"","","Turkey"
"112362","1248","62fd42fc976f12e519ec2e5b","[]","2022-08-17 15:35:24.827",NA,"2022-01-18 12:31:00","Facebook, Rusya Dışişleri Bakanlığı'na bağlı sayfanın engelini kaldırdı",".json","https://media-cdn.t24.com.tr/media/library/2022/01/1642498740506-1-mfa-russiaflickr-cc-by-nc-sa-20.jpg","tr","Facebook, Rusya Dışişleri Bakanlığı'na bağlı sayfanın engelini kaldırdı",NA,NA,"t24.com.tr","T24 Dış Haberler
Facebook, Rusya Dışişleri Bakanlığı'nın Viyana'daki silah kontrolü görüşmeleri için açtığı sayfanın engelini kaldırdı.
Rusya'nın medya denetim kurumu Roskomnadzor'un, ""yasa dışı içerik paylaştığı"" gerekçesiyle sayfanın geçen cuma engellenmesinin ardından Facebook'un sahibi Meta'ya engelin kaldırılmasını talep eden bir mektup gönderdiği belirtildi.
Roskomnadzor, ABD'li sosyal medya devinin sayfayı engellemesini ""sansürcülük"" diye nitelendirdi. 
Rusya'nın Viyana delegasyonu lideri Konstantin Gavrilov, pazartesi günü engelin kaldırılmasının ardından, ""Umarız artık Facebook bu saçmalıkları yapmayacak"" dedi.
Aralık ayında Rusya, ""yasa dışı"" olarak nitelendirdiği içerikleri uyarılara rağmen kaldırmaması gerekçesiyle Meta'ya 27 milyon dolar ceza vermişti.","https://t24.com.tr/haber/facebook-rusya-disisleri-bakanligi-na-bagli-sayfanin-engelini-kaldirdi,1008856","Direct2","True","1","2022","en","T24 Foreign News. Facebook has removed the obstacle to the Russian Foreign Ministry's page for gun control talks in Vienna. Russia's media control agency Roskomnadzor has reportedly sent a letter demanding the removal of the block to its owner, Meta, after the page was blocked last Friday due to ""sharing illegal content."" Roskomnadzor, the US social media giant, has blocked the page.","Facebook unblocks Russian Foreign Ministry page","{'event_type': 'media_campaign_intervention', 'model_outputs': {'-999': -0.24823206663131714, 'arms_transfer_security_aid_assistance': -1.728865623474121, 'bribery_economic_corruption': -2.002197742462158, 'diaspora_activation': 1.514134407043457, 'diplomatic_mediation': -0.5885477662086487, 'diplomatic_recognition': 1.7534477710723877, 'diplomatic_sanction': 1.4544179439544678, 'diplomatic_statement': 0.2951338291168213, 'diplomatic_visit': 0.3492961823940277, 'economic_aid_assistance': -0.49813276529312134, 'intelligence_counterintelligence': 0.30890727043151855, 'investment': -0.2221209704875946, 'joint_security_force_exercise': -0.15289340913295746, 'media_campaign_intervention': 7.257880210876465, 'social_academic_cultural_activity': -0.28925949335098267, 'political_process_policy_intervention': 0.25803226232528687, 'professional_cultural_exchange': 0.5505115389823914, 'security_cooperation': -1.442213773727417, 'security_force_facility_presence': -0.7136270999908447, 'official_security_force_facility_presence': -0.4040277600288391, 'surveillance': -1.4793530702590942, 'tech_transfer_investment': -0.9528458118438721, 'trade_agreement_exchange': -0.5194893479347229, 'trade_financial_sanction': -0.599078893661499, 'transnational_organization_crime': -1.365851640701294}}","{'RUS': ['Russian Federation'], 'USA': ['United States', 'Vienna']}","{'event_type': '-999', 'model_outputs': {'arrest': -0.7624691128730774, 'protest': -1.2149817943572998, 'legalaction': -0.5047459602355957, 'disaster': -0.2652153968811035, 'censor': 3.8131091594696045, 'electionactivity': -0.26396793127059937, 'electionirregularities': -0.9579121470451355, 'activism': 0.4343913495540619, 'martiallaw': -1.4863731861114502, 'cooperate': -0.05127761512994766, 'coup': -0.8763664960861206, 'violencenonlethal': -0.4738505184650421, 'violencelethal': -0.6638237237930298, 'corruption': -0.4817380905151367, 'legalchange': 0.45098939538002014, 'mobilizesecurity': -0.5975127816200256, 'purge': -0.01839175820350647, 'threaten': -0.2080191969871521, 'raid': -0.060165874660015106, '-999': 7.145947456359863}}","{'result': 'Yes', 'model_outputs': {'Yes': 1.2903964519500732, 'No': -1.136904239654541}}","","","","","","","","Turkey"
"53535","606","632b2712f0f033903a317cc3","['Szerző']","2022-09-21 11:00:34.094",NA,"2022-02-24 09:38:00","A valaha látott legkeményebb szankciókat helyezte kilátásba","https%3A%2F%2F168.hu%2Fkulfold%2Forosz-ukran-haboru-a-brit-kulugyminiszter-227437.json","https://168.hu/data/kepek_220224/068_AA_23062021_388172_1_focuspointcut_600100010x314100010.jpg","hu","Orosz-ukrán háború: kemény reakciók érkeztek brit külügyminisztertől",NA,NA,"168.hu","A valaha látott legkeményebb szankciókat helyezte kilátásba. A brit külügyminiszter, James Cleverly bejelentette: soha nem látott és összehangolt szankciócsomagra számíthat Oroszország, írja a BBC. Cleverly szerint a szankciók már csütörtöktől érvényesek lesznek és a következő napokban egyre többet fognak bejelenteni.  

 
Ezek lesznek a legnagyobb és legsúlyosabb szankciók, amelyeket Oroszország valaha látott– közölte Cleverly, aki szerint az Egyesült Királyság egyértelműen Ukrajna mellett áll és ezt az ukrán népnek is tudnia kell. Hozzátette: segítséget fognak nyújtani az országnak.  „Ezt régóta tervezte Vlagyimir Putyin. Ez egy invázió, és teljesen provokálatlan és indokolatlan.”(Kiemelt kép: James Cleverly 2021. június 23-án egy konferencián Berliben. Fotó: Thomas Imo/photothek.de/Pool / ANADOLU AGENCY / Anadolu Agency via AFP)






Merész videó: Madonna vadul csókolózott egy 26 éves nővel Madonna új klipje elég merészre sikeredett. Erre senki nem számított: ez a híresség állt modellt Kim Kardashian új kollekciójához  57 éves világsztár pózol Kim Kardashian legújabb fehérnemű-kollekciójában.","https://168.hu/kulfold/orosz-ukran-haboru-a-brit-kulugyminiszter-227437","Direct2","True","2","2022","en","The British Foreign Minister, James Cleverly, announced that Russia could expect an unprecedented and coordinated sanction package, says the BBC. According to Cleverly, sanctions will be valid from Thursday and will be announced more and more in the next few days. These will be the biggest and most serious sanctions that Russia has ever seen, said Cleverly, who says the United Kingdom is clearly standing next to Ukraine and this will also be reported to the Ukrainian people in the next few days","Russian-Ukrainian War: tough reactions from British Foreign Minister","{'event_type': 'diplomatic_statement', 'model_outputs': {'-999': -0.5976166725158691, 'arms_transfer_security_aid_assistance': -0.7069186568260193, 'bribery_economic_corruption': -1.27517569065094, 'diaspora_activation': -0.5358020067214966, 'diplomatic_mediation': 0.2788204848766327, 'diplomatic_recognition': -0.11944153904914856, 'diplomatic_sanction': 1.6735453605651855, 'diplomatic_statement': 8.002425193786621, 'diplomatic_visit': 1.7882099151611328, 'economic_aid_assistance': -0.6817342042922974, 'intelligence_counterintelligence': -0.31647002696990967, 'investment': -1.4498484134674072, 'joint_security_force_exercise': -1.733293056488037, 'media_campaign_intervention': -1.2101078033447266, 'social_academic_cultural_activity': -0.6271789073944092, 'political_process_policy_intervention': -0.2980700135231018, 'professional_cultural_exchange': -0.6383607387542725, 'security_cooperation': -0.037972062826156616, 'security_force_facility_presence': -0.739409863948822, 'official_security_force_facility_presence': -1.343503713607788, 'surveillance': -1.0887689590454102, 'tech_transfer_investment': -0.7708190083503723, 'trade_agreement_exchange': -0.26987922191619873, 'trade_financial_sanction': 2.233231782913208, 'transnational_organization_crime': -1.342319130897522}}","{'RUS': ['Russian Federation'], 'GBR': ['United Kingdom of Great Britain and Northern Ireland'], 'UKR': ['Ukraine']}","{'event_type': '-999', 'model_outputs': {'arrest': -1.5047214031219482, 'protest': -0.07440434396266937, 'legalaction': -1.052980661392212, 'disaster': -0.02765512466430664, 'censor': -0.774016261100769, 'electionactivity': 0.05998324602842331, 'electionirregularities': -1.3750133514404297, 'activism': -0.5127832889556885, 'martiallaw': -1.3806090354919434, 'cooperate': 0.10900259763002396, 'coup': -0.25915440917015076, 'violencenonlethal': 2.5647449493408203, 'violencelethal': 0.0740622729063034, 'corruption': -1.2555103302001953, 'legalchange': -0.8020668029785156, 'mobilizesecurity': 0.2243058681488037, 'purge': -0.9129052758216858, 'threaten': 1.8248484134674072, 'raid': -1.9511737823486328, '-999': 8.10207748413086}}","{'result': 'Yes', 'model_outputs': {'Yes': 0.924689769744873, 'No': -0.7840783596038818}}","","","","","","","","Hungary"
"93246","3242","62b3cd01682b734b673c7ee5","['Marko Vidojković', 'Zlatko Paković', 'Zoran Pavić', 'Marko Šelić Marčelo']","2022-06-22 22:16:33.864",NA,"2022-03-25 13:13:00","Šef ruske diplomatije Sergej Lavrov optužio je zapadne zemlje da su pokrenule pravi hibridni rat protiv Rusije.","https%3A%2F%2Fwww.danas.rs%2Fsvet%2Flavrov-zapad-protiv-rusije-vodi-hibridni-rat%2F.json","https://www.danas.rs/wp-content/uploads/2022/03/0604foto-EPA-EFE-RUSSIAN-FOREIGN-AFFAIRS-MINISTRY.jpg","sr","Lavrov: Zapad protiv Rusije vodi hibridni rat",NA,NA,"danas.rs","Šef ruske diplomatije Sergej Lavrov optužio je zapadne zemlje da su pokrenule pravi hibridni rat protiv Rusije.On je sadašnju situaciju nazvao „sankcionim bezakonjem“.„Objavili su nam pravi hibridni rat, totalni rat. Taj termin, koji je koristila hitlerovska Nemačka sada koriste evropski političari“, rekao je Lavrov na sednici fonda za podršku javne diplomatije Gorčakov.Po njegovim rečima, predstavnici zapadnih zemalja ne skrivaju da žele da „razruše, slome, unište, uguše rusku ekonomiju“.On je naglasio da su vrednosti koje su zapadne zemlje „stalno propovedale – bezvredne“.Pratite nas na našoj Facebook i Instagram stranici, ali i na Twitter nalogu. Pretplatite se na PDF izdanje lista Danas.Ime *Komentar","https://www.danas.rs/svet/lavrov-zapad-protiv-rusije-vodi-hibridni-rat/","Direct2","True","3","2022","en","Russian Foreign Minister Sergei Lavrov accused Western countries of waging a real hybrid war against Russia. He called the current situation \""sanction lawlessness.\"" They declared a real hybrid war, a total war. The term, which was used by Hitler's Germany, is now used by European politicians, Lavrov said at a session of the Gorchakov Public Diplomacy Support Fund. stressed that the values ​​that Western countries \""constantly preached\"" were worthless. Follow us on our Fa","Lavrov: The West is waging a hybrid war against Russia","{'event_type': '-999', 'model_outputs': {'-999': -0.38394761085510254, 'arms_transfer_security_aid_assistance': -0.7470252513885498, 'bribery_economic_corruption': -1.279870867729187, 'diaspora_activation': -0.7738237380981445, 'diplomatic_mediation': -0.012327581644058228, 'diplomatic_recognition': -0.9760369658470154, 'diplomatic_sanction': 0.2736811935901642, 'diplomatic_statement': 8.407157897949219, 'diplomatic_visit': 0.7744572162628174, 'economic_aid_assistance': -0.8953978419303894, 'intelligence_counterintelligence': -0.48114103078842163, 'investment': -1.2029883861541748, 'joint_security_force_exercise': -1.8881193399429321, 'media_campaign_intervention': -0.25646913051605225, 'social_academic_cultural_activity': -0.37218722701072693, 'political_process_policy_intervention': 0.3699386715888977, 'professional_cultural_exchange': -0.8038254976272583, 'security_cooperation': 0.12250441312789917, 'security_force_facility_presence': 0.6800723075866699, 'official_security_force_facility_presence': -1.4327253103256226, 'surveillance': -0.36546966433525085, 'tech_transfer_investment': -0.787813663482666, 'trade_agreement_exchange': -1.000990867614746, 'trade_financial_sanction': 1.4663400650024414, 'transnational_organization_crime': -0.681024432182312}}","{'RUS': ['Russian Federation'], 'DEU': ['Federal Republic of Germany']}","{'event_type': '-999', 'model_outputs': {'arrest': -1.5652496814727783, 'protest': -0.7447035312652588, 'legalaction': -0.7420748472213745, 'disaster': -0.4913369119167328, 'censor': -0.8673170804977417, 'electionactivity': 0.17431452870368958, 'electionirregularities': -1.241449236869812, 'activism': -0.7404671907424927, 'martiallaw': -1.5408276319503784, 'cooperate': 2.1028099060058594, 'coup': -1.0566771030426025, 'violencenonlethal': 0.5745183825492859, 'violencelethal': -0.9494180679321289, 'corruption': -0.5525410175323486, 'legalchange': -0.8577529191970825, 'mobilizesecurity': 1.2325260639190674, 'purge': -0.8016835451126099, 'threaten': 2.076251268386841, 'raid': -1.5162456035614014, '-999': 8.623589515686035}}","{'result': 'Yes', 'model_outputs': {'Yes': 0.9878329038619995, 'No': -0.8487277030944824}}","","","","","","","","Serbia"
"114659","3545","62fd58be976f12e519ec5d41","[]","2022-08-17 17:08:14.813",NA,"2022-03-30 08:51:00","""Savaş halindeki Rusya ve Ukrayna’nın, üzerinde mutabık kaldığı ülkenin adı Türkiye, Putin ile Zelenski’nin aynı anda görüştüğü liderin adı ise Erdoğan""",".json","https://media-cdn.t24.com.tr/media/library/2021/08/1629265062664-selvi.png","tr","Selvi: Erdoğan, Putin ve Zelenski'ye savaşı bitirecek imzaları attırabilirse, 2023 seçimlerinde 60 parti bir araya gelse yıkamaz",NA,NA,"t24.com.tr","""Savaş halindeki Rusya ve Ukrayna’nın, üzerinde mutabık kaldığı ülkenin adı Türkiye, Putin ile Zelenski’nin aynı anda görüştüğü liderin adı ise Erdoğan"". Hürriyet yazarı Abdulkadir Selvi, Cumhurbaşkanı Tayyip Erdoğan'ın; Rusya Devlet Başkanı Vladimir Putin ve Ukrayna Devlet Başkanı Volodimir Zelenski'yi bir araya getirip barışı sağlayabilmesi durumunda 2023 seçimlerinde kazanacağını savundu.
Selvi, Rusya-Ukrayna müzakere görüşmelerinin İstanbul'da yapıldığına, ""iki liderin de aynı anda görüştüğü liderin Erdoğan olduğuna"" vurgu yaptı.
Selvi, ""Dünya bunun farkında. Hatta savaş halindeki ülkeler de bunun farkında. Bir tek farkında olmayan bizim muhalefet liderleri. Ama Rusya ve Ukrayna Savaşı’nda Türkiye’nin tarafsızlığına ve Erdoğan’ın aktif arabuluculuğuna halkımızın desteği çok büyük. Türkiye artık barışın adresi olarak görülüyor. Erdoğan ise küresel liderliğini dünyaya kabul ettirmiş durumda. Kılıçdaroğlu ile Akşener kabul etmese ne olur"" dedi. 
Selvi, ""Rusya ve Ukrayna heyetlerinin görüşmesi nedeniyle dünyanın gözü dün İstanbul’daydı. Cumhurbaşkanı Erdoğan’ın konuşması iki ülkenin delegasyonu tarafından ayakta alkışlandı. Bunu ABD ya da Fransa cumhurbaşkanı sağlayamadı"" yorumunu yaptı. 
Selvi, ""Eğer Erdoğan, Putin’le Zelenski’yi bir araya getirip savaşı bitirecek imzaları attırabilirse o zaman 2023 seçimlerinde değil 6 parti 60 parti de bir araya gelse yıkamaz"" düşüncesini savundu.
Yazının tamamı için tıklayın.","https://t24.com.tr/haber/selvi-erdogan-putin-ve-zelenski-ye-savasi-bitirecek-imzalari-attirabilirse-2023-secimlerinde-60-parti-bir-araya-gelse-yikamaz,1024347","Direct2","True","3","2022","en","""The name of the country in which Russia and Ukraine agreed on a war is Turkey, and the name of the leader Putin and Zelanski meeting at the same time is Erdogan."" Hurriyet writer Abdulkadir Selvi argued that President Recep Tayyip Erdogan would win in 2023 elections if Russian President Vladimir Putin and Ukrainian President Volodimir Zelenski could bring peace together. Selvi, Russia-Ukray.","Selvi: If Erdogan can get Putin and Zelenski to sign off on ending the war, 60 parties in the 2023 elections won't.","{'event_type': 'professional_cultural_exchange', 'model_outputs': {'-999': -0.5283268094062805, 'arms_transfer_security_aid_assistance': -0.8235818147659302, 'bribery_economic_corruption': -0.4435144066810608, 'diaspora_activation': 4.2444167137146, 'diplomatic_mediation': -0.16267064213752747, 'diplomatic_recognition': -0.48868513107299805, 'diplomatic_sanction': 0.05566363036632538, 'diplomatic_statement': 0.1630057394504547, 'diplomatic_visit': -0.17655962705612183, 'economic_aid_assistance': -0.3748578429222107, 'intelligence_counterintelligence': -1.2273750305175781, 'investment': 0.2566002607345581, 'joint_security_force_exercise': -0.7837924957275391, 'media_campaign_intervention': 0.8951295018196106, 'social_academic_cultural_activity': -0.3995211720466614, 'political_process_policy_intervention': 0.9169579148292542, 'professional_cultural_exchange': 6.568591594696045, 'security_cooperation': -0.35340073704719543, 'security_force_facility_presence': -0.31305649876594543, 'official_security_force_facility_presence': -1.1038963794708252, 'surveillance': -1.221847653388977, 'tech_transfer_investment': -1.1982381343841553, 'trade_agreement_exchange': -0.8319929838180542, 'trade_financial_sanction': -0.011742249131202698, 'transnational_organization_crime': -1.1306055784225464}}","{'RUS': ['Russian Federation'], 'UKR': ['Ukraine'], 'TUR': ['Republic of Turkey']}","{'event_type': '-999', 'model_outputs': {'arrest': -0.4536582827568054, 'protest': -0.403519868850708, 'legalaction': -1.3776484727859497, 'disaster': 0.23398318886756897, 'censor': -0.9767210483551025, 'electionactivity': 2.7237050533294678, 'electionirregularities': -0.9317740797996521, 'activism': -1.4120783805847168, 'martiallaw': -1.1471168994903564, 'cooperate': 2.2715353965759277, 'coup': -1.045898675918579, 'violencenonlethal': -0.1507803201675415, 'violencelethal': -1.004799246788025, 'corruption': -1.1021069288253784, 'legalchange': 0.35962730646133423, 'mobilizesecurity': -1.318368911743164, 'purge': -0.6093275547027588, 'threaten': -0.20831313729286194, 'raid': -1.8812702894210815, '-999': 9.406282424926758}}","{'result': 'Yes', 'model_outputs': {'Yes': 1.4756046533584595, 'No': -1.44010591506958}}","-999","-999","-999","-999","","[]","No","Turkey"
"94445","4441","62b0de1313a27197c92e0770","['Marko Vidojković', 'Pavle Simjanović', 'Nina Savčić', 'Nemanja Rujević']","2022-06-20 16:52:35.275",NA,"2022-04-22 12:27:00","U Crnoj Gori je postignut dogovor o formiranju manjinske vlade, i mada u njoj neće biti Demokratske partije socijalista (DPS) predsednika Mila Đukanovića, vlada može da postoji samo uz njenu podršku, piše današnji moskovski dnevnik Komersant.","https%3A%2F%2Fwww.danas.rs%2Fsvet%2Fregion%2Fkomersant-dps-ponovo-postaje-jedna-od-kljucnih-snaga-u-crnoj-gori%2F.json","https://www.danas.rs/wp-content/uploads/2021/12/1901foto-EPA-EFE-BORIS-PEJOVIC.jpg","sr","Komersant: DPS ponovo postaje jedna od ključnih snaga u Crnoj Gori",NA,NA,"danas.rs","U Crnoj Gori je postignut dogovor o formiranju manjinske vlade, i mada u njoj neće biti Demokratske partije socijalista (DPS) predsednika Mila Đukanovića, vlada može da postoji samo uz njenu podršku, piše današnji moskovski dnevnik Komersant.Dnevnik piše da time partija koja je do 2020. godine bila 30 godina na vlasti „ponovo postaje jedna od ključnih snaga u zemlji“.Pozivajući se na neimenovane zapadne diplomatske izvore, list navodi da je na to u značajnoj meri uticala i sadašnja ukrajinska kriza.Komersant piše da je lideru „prozapadnog“ pokreta URA Dritanu Abazoviću trebalo skoro tri meseca da formira vladu i dodaje da se „veoma dugotrajan proces sastavljanja crnogorske vlade u velikoj meri objašnjava željom budućeg premijera da u njega uključi ideološki heterogene snage“.„Tako se u njegovom kabinetu, pored predstavnika nacionalnih manjina, našla i prozapadna Socijaldemokratska partija, kojoj su dodeljena mesta šefova Ministrastva spoljnih poslova i Ministarstva odbrane, kao i Socijalistička narodna partija, skeptična prema NATO i orijentisana ka Srbiji, koja će dobiti šest ministarskih resora“, piše dnevnik.Komersant piše da da su mnogi dočekali sa olakšanjem završetak epopeje sa formiranjem nove vlade, ne samo zato što je proces bio dugotrajan i što je bilo nejasno ko u državi donosi odluke, već i zato što je sadašnji kabinet Zdravka Krivokapića bio oštro kritikovan.Rad i samog premijera i njegovih ministara pratili su stalni skandali. Osim toga, „apostolski kabinet“, oslanjajući se na iluzornu većinu od 41 poslanika naspram 40 iz opozicije, neprestano su potresale žestoka prepucavanja stranaka vladajuće koalicije, u kojoj su, pored URA, bili i Demokratski front, koji se smatra prosrpskim i proruskim, i malo umerenije Demokrate.Premijera je održavao samo strah od povratka na vlast stranke predsednika Đukanovića. Ali ni to nije spasilo kabinet, ocenjuje list.Dodaje se da iako je Abazović u početku govorio da u njegovoj vladi neće biti ni Demokartskog fronta, ni DPS, novi kabinet može da postoji samo uz podršku predsednikove partije sa njenih 30 poslanika.Lisit citira Đukanovića koji kaže da konstituisanje manjinske Vlade označava povratak DPS na značajne državno-političke pozicije kao prelazno rešenje do sledećih izbora kada će partija vratiti poziciju stuba proevropske politike Crne Gore.Promenu retorike Abazovića izvori Komersanta u zapadnim diplomatskim krugovima povezuju sa uticajem partnera iz SAD i EU. „U kontekstu akutne krize u Ukrajini, Zapadu je važno da Crna Gora, članica NATO i glavni kandidat za EU, u potpunosti sledi njihovu politiku, koja je nerealna bez podrške predsednikove partije“, citira list taj neimenovani izvor.Komersant još navodi da su među klauzulama sporazuma o formiranju manjinske vlade, koji su potpisale sve stranke spremne da podrže Vladu ključne – deblokada procesa evropskih integracija Crne Gore i vođenje politike NATO i EU prema Rusiji i Ukrajini.Pratite nas na našoj Facebook i Instagram stranici, ali i na Twitter nalogu. Pretplatite se na PDF izdanje lista Danas.Ime *Komentar","https://www.danas.rs/svet/region/komersant-dps-ponovo-postaje-jedna-od-kljucnih-snaga-u-crnoj-gori/","Direct2","True","4","2022","en","An agreement has been reached in Montenegro on the formation of a minority government, and although it will not include President Milo Djukanovic's Democratic Party of Socialists (DPS), the government can only exist with its support, writes today's Moscow daily Kommersant. In 2020, she was in power for 30 years \""again becoming one of the key forces in the country. Citing unnamed Western diplomatic sources, the paper states that this was significantly influenced by the current Ukrainian crisis. Kommersant writes that the leader of the\"" pro-Western movement It took Dritan Abazovic almost three months d","Kommersant: DPS is once again becoming one of the key forces in Montenegro","{'event_type': '-999', 'model_outputs': {'-999': -0.7866699695587158, 'arms_transfer_security_aid_assistance': -1.966003179550171, 'bribery_economic_corruption': -0.28526365756988525, 'diaspora_activation': -0.27468132972717285, 'diplomatic_mediation': 0.9504202604293823, 'diplomatic_recognition': -1.866471529006958, 'diplomatic_sanction': -2.137862205505371, 'diplomatic_statement': 5.558315277099609, 'diplomatic_visit': 0.8430162668228149, 'economic_aid_assistance': -0.21862725913524628, 'intelligence_counterintelligence': -1.182724118232727, 'investment': 2.064988613128662, 'joint_security_force_exercise': -2.3931546211242676, 'media_campaign_intervention': 1.6366586685180664, 'social_academic_cultural_activity': -0.5203795433044434, 'political_process_policy_intervention': 1.1274983882904053, 'professional_cultural_exchange': 0.319997102022171, 'security_cooperation': 1.3449058532714844, 'security_force_facility_presence': 1.464441180229187, 'official_security_force_facility_presence': -0.573223888874054, 'surveillance': -0.9348626136779785, 'tech_transfer_investment': -0.28197816014289856, 'trade_agreement_exchange': -1.090006947517395, 'trade_financial_sanction': -0.9610192775726318, 'transnational_organization_crime': -0.06312336027622223}}","{'MNE': ['Montenegro'], 'RUS': ['Moscow']}","{'event_type': '-999', 'model_outputs': {'arrest': -0.3488789200782776, 'protest': -0.4845026135444641, 'legalaction': -0.7301856875419617, 'disaster': -0.26052919030189514, 'censor': -0.4405907094478607, 'electionactivity': 0.8002018332481384, 'electionirregularities': -1.1677069664001465, 'activism': -1.058485984802246, 'martiallaw': -0.7919500470161438, 'cooperate': 0.276589035987854, 'coup': -0.5826888084411621, 'violencenonlethal': 0.13748636841773987, 'violencelethal': -1.040562391281128, 'corruption': -0.41917192935943604, 'legalchange': -0.11653593182563782, 'mobilizesecurity': 0.41530582308769226, 'purge': -0.48806124925613403, 'threaten': 0.38536059856414795, 'raid': -1.5092588663101196, '-999': 9.857755661010742}}","{'result': 'No', 'model_outputs': {'Yes': -0.2507753074169159, 'No': 0.1694687306880951}}","","","","","","","","Serbia"
"86540","2491","641ba33dddef10c074c255ab","['Adrian Popa', 'Alla Semushkina']","2023-03-22 20:54:21.495",NA,"2022-05-23 09:31:03","Среди мифов русского Средневековья, самым большим фейком является образ Александра ""Невского"". Хотя он и был канонизирован кундяевской православной це","https%3A%2F%2Ftimpul.md%2Flanguage%2Fru%2Farticol%2Fsfantul-alexandru-nevski-a-fost-de-fapt-un-satrap-al-lui-khan-batu-care-a-ucis-crestini.html.json","https://timpul.md/assets/uploads/2022/05/content_igo-1.jpg","ru","""Святой"" Александр ""Невский"" на самом деле был сатрапом, убивавший христиан по приказу Хана Батыя",NA,NA,"timpul.md","Среди мифов русского Средневековья, самым большим фейком является образ Александра «Невского». Хотя он и был канонизирован кундяевской православной церковью, в действительности, в истории Московии-России нет князя, более потрудившегося на Орду, чем князь Александр. Практически вся европейская историческая мысль сводится к тому, что «…именно коллаборационизм Александра по отношению к монголам, стали причиной установления на Руси ига Золотой Орды»
Итак, рассмотрим жизненный путь Александра по любопытным материалам книги Владимира Белинского «Страна Моксель» опирающимся на российские исторические источники. (Материалы книги позволяют по новому взглянуть на историю Московии.) Источники Империи до настоящего времени год рождения Александра устанавливают, предположительно в 1221. Он родился в Переяславле-Залесском, то есть в Залешанской земле, среди мери. Сразу отметим, что в годы нашествия Батыя на Суздальскую землю в 1237-1238 годы, ни Александр, ни его отец Ярослав Всеволодович, ни младшие братья Ярослава сопротивления не оказывали, отчего и не были уничтожены монголами.
Вот как об этом поведал профессор Л.Н.Гумилев: «…пострадали города Рязань, Владимир и маленькие Суздаль, Торжок и Козельск. Прочие города сдались (Батыю..- В.Б.) на капитуляцию и были пощажены. Деревенское население разбежалось по лесам и переждало, пока пройдут враги…» / Л.Н.Гумилев «В поисках вымышленного царства». Санкт-Петербург, 1994 год, стр.282./
В Золотой Орде. Акварель Алексея Максимова. 1907 год
Сдавшись Хану Батыю «на капитуляцию», князь Ярослав с родичами в том же году поступил на службу к монголам.
Первую, так называемую «великую победу» Александр, согласно российских писаний, заимел 15 июля 1240 года. В тот день во главе собственной дружины он напал на шведов, высадившихся на берег Невы, и «разбил их в пух и прах». Казалось бы, действительно, стоит возгордиться «величайшей победой» князя. Ан, нет! Совесть не позволяет. Словом «битва» такую мелкую стычку никто не величает. С обеих сторон в той драке приняло участие не более 300 человек. И Александр в той стычке не победил с тем блеском, как нам сказывали. «Сражение прекратилось, по-видимому, с наступлением темноты, и шведы получили возможность похоронить погибших. Под покровом ночи остатки вражеского войска погрузились на корабли (ладьи. — В.Б.) и отплыли восвояси. Потери с русской (??) стороны были небольшими — всего 20 человек». /Журнал «Родина» №11, Москва,1993 год, стр.27./
В том и состоит секрет российской державной сказки, что нам никогда не позволяли знать письменные источники противной стороны. Зачем преподносить материал для размышлений. Пусть человек верит лживым державным «сказаниям».
А теперь, читатель, посуди сам — произошла то ли битва, то ли драка — и в чем состояла ее судьбоносность для будущей Московии не известно: «побежденные» шведы спокойно похоронили убитых, спокойно погрузились на свои суда и без помех уплыли.
Стоит только из описания убрать хвалебную патетику, и как бы мы не присматривались к той обычной мелкой стычке, ни победы, ни крупного сражения там не видать. Но так уж устроен имперец-державник — он всегда готов раздуть величие собственной победы и вчерную вымарать чужую доблесть.
В старину в Московии случались драки и больше Невской, когда на святки шла драться деревня на деревню. Таких «битв» за сотни лет проведено десятки тысяч, в том числе и с инородцами, но ни одному российскому историку не взбрело в голову назвать эти драки битвами. Да еще — судьбоносными.
Чингисхан. Неизвестный художник. XIV век
Не стоит также забывать, что князь Александр от рождения был болезненным и к дракам попросту не гож.
Мельница мифов: побоище, которого не было
Русско-немецкая битва на Чудском озере (апрель 1242 г.) — этот факт истории стоит настолько далеко от сегодняшних дней, что оброс немалым количеством мифов и толкований. В древних летописях нет единства взглядов ни на само событие, ни на роль князя Александра «Невского, бесстрашного, мужественного полководца и… хитрого, дальновидного политика.
Битва состоялась в апреле. Часть льда уже подтаяла, а часть подмыло течение реки. Так как это была весна, болота были замерзшие, и, скорее всего, с почти что стопроцентной долей вероятности, битва происходила не на льду, а на замерзшем болотном берегу, по которому могли передвигаться лошади.
По данным Ордена, Чудская стычка все же имела место и потери Ордена составили 20 рыцарей убитых и 6 рыцарей плененных. Однако о разгроме речь не идет. Таков масштаб «Чудского сражения».
Казалось бы, зачем эта ложь русской истории? И здесь ларчик открывается просто. Александр, так званый Невский, в реальности родившийся где-то в 1230 году, в 1238 году был забран ханом Батыем в аманаты (то есть в заложники), иначе его отец Ярослав Всеволодович не получил бы великокняжеский стол. Князь же Ярослав, после возвращения Батыя из Европы в 1242 году, был отправлен в Каракорум на коронацию Гуюка, где, кстати, ни хан Батый, ни его сын Сартак, ни Александр Невский участия в коронации Великого Хана Гуюка не принимали.
Так вот, пробыв в Орде у Батыя с 1238 по 1249 год, а возможно и по 1252 год, когда был послан на великокняжеский стол во Владимир, Александр не принимал участия ни в одном из серьезных сражений. Но так уж сложилось, что именно он стал родоначальником московских князей. Отчего и пришлось искать «победы», иначе предок российских-государей оказывался совсем в негожем свете.
После изложенных выше фактов, нам должно стать понятным желание московской элиты скрыть настоящее время появления Москвы и Московского княжества, а также желание «облагородить» родоначальника Московии — Александра Ярославовича, тем паче, что рядом в Киевской Руси в те годы поистине блистал Даниил Галицкий, что было зафиксировано историками и летописями Европы.
История Российского государства начала письменно излагаться, по существу, с XVIII века под строжайшим «оком» и по велению государей (Формирование её было завершено при Екатерине 2). Московские цари даже мысли не допускали поведать миру о монгольском происхождении своей государственности. В том и состоял секрет, который повелено было сокрыть и запрятать в вымыслах и фантазиях.
Кстати именно Хан Золотой Орды, внук Батыя, Менгу-Тимур разрешил основать поселение Москва во время третьей переписи Суздальского населения, произведенной в 1272 году. А в 1277 году по достижению Даниилом (сыном Александра Невского) совершеннолетия (по монгольским законам в 16 лет) посадил сего князя на «московский стол».
Напомню читателю, что в 1257 году монголы, «эти дикие варвары», как сотню лет нам говорили российские историки, произвели вторую перепись поселений и населения в Суздальской земле под руководством Александра Невского. Перепись проводили чисельники из ставки Хана, но военное обеспечение операции осуществлял князь Владимирский — Александр Невский. Москва, как поселение, в том году не зафиксирована, и князь на «московский стол» не посажен. А ведь речь шла о величайших по тем временам доходах.
Послушайте европейского путешественника Плано Карпини, побывавшего в Киевской Руси в 1246 году:
«Остальных же, согласно своему обычаю, пересчитал, приказывая, чтобы каждый, как малый, так и большой, даже однодневный младенец, или бедный, или богатый, платил такую дань, именно, чтобы он давал одну шкуру… медведя, одного черного бобра, одного черного соболя, одну черную шкуру… дохорь, и одну черную лисью шкуру. И всякий, кто не даст этого, должен быть отведен к монголам и обращен в их раба». / Иоанн де Плано Карпини «История Монголов». С.-Петербург, 1911 год, стр.33-34./
Таковы порядки были и в Суздальской земле. И в этом случае «сказательная болтология» историков совсем неуместна. Золотая Орда поддерживала порядок и дисциплину на надлежащем уровне. После указанной подушной переписи (1257 год) запрещалось перемещение населения без спроса и ведома монгольских баскаков. За этим строго следили, не забудьте, речь шла о доходах самой Золотой Орды. А находилась в те годы Орда — в расцвете сил.
Вернемся, однако, к так называемому Александру Невскому. Необходимо отметить, что особенно о «величии» Александра позаботилась Русская Православная церковь, возведя его в сан «святаго».
Но в этом случае — особый разговор. В чем действительно преуспел князь Александр, так это в интригах и кознях против своих родных братьев и соседних князей. Давай, читатель, послушаем: «Андрей Ярославич (брат Александра. — В.Б.), став князем владимирским (Великим князем. — В.Б.), заключил союз с сильнейшим князем Южной Руси (Киевской Руси; такими хитростями нас пытаются убедить, что существовала и другая Русь. — В.Б.) Даниилом Романовичем Галицким, женившись на его дочери, и попытался вести независимую от Золотой Орды политику… Но в 1251 году великим ханом стал друг и ставленник Батыя Мунке. Это развязало руки золотоордынскому хану, и в следующем году он организовал военные акции против Андрея и Даниила. На галицкого князя Батый послал рать Куремсы, не добившуюся успеха, а на Андрея — рать под командованием Неврюя, разорившую окрестности Переяславля. Владимирский князь бежал, найдя убежище в Швеции (позже он вернулся на Русь (?!) и [с разрешения Хана] княжил в Суздале). В том же году еще до похода Неврюя (обратите на этот факт особое внимание! — В.Б.) Александр поехал к Батыю, получил ярлык на владимирское великое княжение и по возвращении… сел во Владимире… С 1252 года до своей смерти в 1263 году Александр (Невский. — В.Б.) был великим князем владимирским». / Журнал «Родина» №11, 1993 год, стр.29./
А сейчас, уважаемый читатель, давай подумаем. Итак, брат Александра — великий князь Андрей, по повествованию российских историков, объединившись с Даниилом Галицким, выступил против Батыя, то есть против монгольского порабощения. Вне всякого сомнения, своими мыслями Андрей поделился со своим родным братом Александром. Каков среди них был разговор, мы не ведаем. Здесь российские историки помалкивают, нечем хвастаться. Но последующие действия Александра говорят сами за себя и убеждают нас в том, что Александр отверг союз с родным братом и стал на сторону татаро-монголов. Это неоспоримый факт.
И нет сомнения, что именно узнав о мятеже брата, Александр тотчас же оказался в Золотой Орде у Батыя. В столице Орды, в Сарае, Александр получает «стол» великого владимирского князя, еще до изгнания Андрея.
За что же Батый вручил Александру великокняжеский стол при живом владельце? Мы не знаем до того подобного случая из истории, когда бы Хан вручал великокняжеский стол князю, предварительно не отобрав его у владельца.
Знать, действительно, князь Александр заимел перед Золотой Ордой великие заслуги. В чем же эти заслуги заключались? Одна из них: Александр никогда, как и его отец, не поднимал меч против татаро-монголов. Но таких князей было больше десятка, а то и двух. Значит, что-то более ценное он преподнес татаро-монголам. А таковым мог быть лишь донос Батыю на брата Андрея и личное отмежевание от замыслов великого князя. Иное предполагать нет оснований.
Но когда человек вступает на скользкую тропу предательства брата, ему приходится идти по ней до конца. По этому пути и зашагал Александр Невский.
В 1257 году монгольская Империя произвела во Владимиро-Суздальской земле, или по иному- в своих Северных Улусах, перепись всех поселений и всего населения края для ужесточения податного обложения. В этом мероприятии Золотая Орда в первую очередь задействовала князя Александра Невского. Именно он, Александр, осуществлял военное прикрытие татарских чисельников, имея под рукой свою и монгольскую дружины. Российские державные историки, все до единого, пытаются обосновать участие Александра в переписи населения Владимиро-Суздальской земли, а позже Новгородской и Псковской, как чисто вынужденный шаг. Но подобное — чистейшей воды ложь. Князь ступил на дорогу предательства значительно раньше, а здесь уже действовал, как мы увидим, добровольно и не без величайшего усердия. Не стоит сие предательство обелять.
Именно монгольская подушная перепись железной цепью привязала население сначала к монгольским владыкам, а впоследствии эта цепь оказалась в руках московских князей и дружинников, то-бишь — бояр. И это действо явилось первым правовым шагом по «собиранию земли русской».
Вот как об этом поведал Н.М.Карамзин. «…Александр долженствовал снова ехать в Орду, где произошла великая перемена. Батый умер, сын его- вероятно, Сартак (породненный брат Александра! — В.Б.) — хотел господствовать над монголами, но был жертвою властолюбивого дяди именем Берки, который, умертвив племянника, согласно с волею Великого Хана объявил себя преемником Батыевым и вверил дела Российские своему Наместнику Улавчию. Сей вельможа принимал наших Князей и дары их…
…вслед за ними (за Александром Невским) приехали чиновники Монгольские в область Суздальскую, Рязанскую, Муромскую, сочли жителей и поставили над ними Десятников, Сотников, Темников для собрания налогов…
Через несколько месяцев Великий Князь (Александр Невский.- В.Б.) вторично ездил к Улавчию… Наместник Ханский требовал, чтобы Новгород также платил дань поголовную. Герой Невский, некогда ревностный поборник Новогородской чести (великое измышление! — В.Б.) и вольности, должен был с горестию (очередное измышление! — В.Б.) взять на себя дело столь неприятное и склонить к рабству (вот его деяния. — В.Б.) народ гордый, пылкий, который все еще славился своею исключительною независимостию…
Сам юный князь Василий (сын Александра. — В.Б.), по внушению своих Бояр, уехал из Новагорода в Псков, объявив, что не хочет повиноваться отцу, везущему с собою оковы и стыд для людей вольных (вот она истинная суть поступков Александра. — В.Б.)…
Великий Князь (Александр Невский. — В.Б.), негодуя на ослушного сына, велел схватить его в Пскове и под стражею отвезти в Суздальскую землю, а Бояр (и народ Новгородский. — В.Б.)… казнил без милосердия. Некоторые были ослеплены, другим отрезали нос…
Бояре советовали народу исполнить волю Княжескую (обратите внимание, перепись — это воля и действо княжеское. — В.Б.), а народ не хотел слышать о дани и собирался вокруг Софийской церкви, желая умереть за честь и свободу, ибо разнесся слух, что Монголы и сообщники их (Александр Невский с войсками. — В.Б.) намерены с двух сторон ударить на город…
Итак народ покорился… Монголы ездили из улицы в улицу, переписывая домы, безмолвие и скорбь царствовали в городе». / Н.М.Карамзин «История…», том 4, стр.197-200./
Не сумели монголы мечом и силой покорить великие гордыни Киевской Руси — Новгород и Псков. Славянские святыни преподнес монголам «на блюдечке с каемочкой» Александр Невский своим предательством. Даже старшего сына Василия, отказавшегося повиноваться отцу-предателю, отдал на растерзание Хану, лишь бы задобрить собственных господ.
Таков он и есть Александр Невский, без мишуры и словоблудия.
Наступил 1262 год. Александр Невский исполнил все требования Золотой Орды и отправился в Сарай в последний раз.
«Александр пробыл в Орде почти год. Миссия его, по- видимому, удалась…На обратном пути на Русь 42-летний великий князь разболелся и умер 14 ноября 1263 года в Городце на Волге…». / Журнал «Родина», №11, 1993 год, стр.30./
Так чем же отблагодарила Золотая Орда князя коллаборациониста Александра Невского?
В истории Московии-России действительно нет князя, более потрудившегося на Орду, чем князь Александр. Как оказалось, «подарки» Александру Невскому были достойны его поступков. С величайшего повеления Хана с 1272 года и стала заселяться Москва, этот глухой таежный угол. А с 1277 года здесь засел первый московский князь — Даниил, сын Александра Невского.
Существует несколько точек зрения на деятельность Александра Невского. Практически вся европейская историческая мысль сводится к тому, что «…именно коллаборационизм Александра по отношению к монголам, предательство им братьев Андрея и Ярослава в 1252 году стали причиной установления на Руси ига Золотой Орды»… /Журнал «Родина», № 11, 1993 год, стр.30./
Эту мысль изложил и детализировал английский историк Дж.Феннел в своей книге «Кризис средневековой Руси».
По всей видимости, эта беспристрастная мысль должна быть главенствующей при оценке деятельности Александра Невского, как бы не старались «обелить» его действия русские историки, приписывая ему своего рода «практицизм», мол, из двух зол избрал меньшее. Очередной вымысел державников.
Будучи в абсолютно аналогичных условиях не покорились татаро-монголам, литвины-беларусы, поляки, венгры и чехи. В конце концов, русы-украинцы вместе с литвинами-беларусами обрели независимость от татаро-монгольского порабощения в борьбе и сопротивлении.
И здесь от истины деваться некуда: именно Александр Невский способствовал более чем 300-летнему рабству московитов-русских; именно он первый, повелел народу покориться Золотой Орде без борьбы; именно он, по велению своих хозяев, произвел подушную перепись и увез в Орду первую подушную дань. Александр Невский вслед за отцом без борьбы встал на колени и поцеловал, в знак покорности, сапог Великого Золотоордынского Хана.
Ковчег с мощами св. Александра Невского
Из всего изложенного, это кажется невозможным и противоестественным. Но в том то и двуличность российской истории, что действия своих предков они оценивают «двойной мерой».
Послушай, читатель: «…Александр сделал судьбоносный выбор между Востоком и Западом в пользу Востока. Пойдя на союз с Ордой (как заумно сказано, ведь пошел-то к Орде в рабство, став Золотоордынским Улусом. — В.Б.), он предотвратил поглощение Северной Руси (будущей Московии. — В.Б.) католической Европой и тем… спас русское православие». / Журнал «Родина» №11, 1993 год, стр.30./
Этими словами сказано абсолютно все.
Сии мысли являются священным постулатом Русского православия. Никакие человеческие качества или отсутствие оных не принимались Русской церковью во внимание, когда сего князя возводили в сан «святаго Русской Православной церкви». Все малодушные подлости князя Александра были прощены и позабыты, а со временем — извращены и оправданы всего лишь за услуги перед Русским православием.
Не будем забывать, что сама Русская церковь в те времена шла к инородцам с мечом и огнем. А перед татаро-монголами стала вместе с князем на колени и преклонила голову — за что была вознаграждена Ханом — не тронута.
Такова русская двойная мера. Отсюда «есть и пошло» Московское княжение….
Материал из книги Владимира Белинского «Страна Моксель».
Fiți la curent cu ultimele noutăți. Urmărește TIMPUL pe Google News și Telegram!","https://timpul.md/language/ru/articol/sfantul-alexandru-nevski-a-fost-de-fapt-un-satrap-al-lui-khan-batu-care-a-ucis-crestini.html","Direct2","True","5","2022","en","Among the myths of the Russian Middle Ages, the biggest fairy is the image of Alexander ""Nevsky."" Although it was canonized by the Kundya Orthodox Church, in fact, in the history of Moscow-Russia there is no prince who worked more in Ordu than Prince Alexander.","""Holy"" Alexander ""Nevsky"" was actually a satrap who killed Christians on the orders of Han Batya.","{'event_type': '-999', 'model_outputs': {'-999': -0.5395984649658203, 'arms_transfer_security_aid_assistance': -1.1167011260986328, 'bribery_economic_corruption': -0.40702611207962036, 'diaspora_activation': 2.149090528488159, 'diplomatic_mediation': -0.19413875043392181, 'diplomatic_recognition': 0.03286731243133545, 'diplomatic_sanction': 1.9977519512176514, 'diplomatic_statement': 3.584855556488037, 'diplomatic_visit': 2.4964404106140137, 'economic_aid_assistance': -1.4289811849594116, 'intelligence_counterintelligence': -0.02642826735973358, 'investment': -0.046210452914237976, 'joint_security_force_exercise': -0.8130520582199097, 'media_campaign_intervention': -0.3481898307800293, 'social_academic_cultural_activity': 0.1554567813873291, 'political_process_policy_intervention': 0.6996979117393494, 'professional_cultural_exchange': 1.439131259918213, 'security_cooperation': 0.6808696985244751, 'security_force_facility_presence': 0.541619598865509, 'official_security_force_facility_presence': -1.3412175178527832, 'surveillance': -1.1687049865722656, 'tech_transfer_investment': -0.5128538608551025, 'trade_agreement_exchange': -2.445180892944336, 'trade_financial_sanction': -1.4968183040618896, 'transnational_organization_crime': -0.4731508791446686}}","{}","{'event_type': 'violencelethal', 'model_outputs': {'arrest': -0.4901195764541626, 'protest': -0.044236570596694946, 'legalaction': -1.0503453016281128, 'disaster': 0.4510495662689209, 'censor': -1.290600061416626, 'electionactivity': -0.5506483316421509, 'electionirregularities': -1.3615343570709229, 'activism': -1.3928239345550537, 'martiallaw': -1.0348020792007446, 'cooperate': -1.4103198051452637, 'coup': 0.8648723363876343, 'violencenonlethal': 1.3771822452545166, 'violencelethal': 6.148113250732422, 'corruption': -1.3205571174621582, 'legalchange': -0.8485413789749146, 'mobilizesecurity': -0.6998528242111206, 'purge': -0.18746820092201233, 'threaten': -1.2279119491577148, 'raid': -1.1929250955581665, '-999': 5.39218807220459}}","{'result': 'Yes', 'model_outputs': {'Yes': 0.6622979640960693, 'No': -0.5299391150474548}}","-999","-999","-999","violencelethal","","['Moscow']","No","Moldova"
"120447","2704","64f790c7bed4296e79dd938d","['The Kyiv Independent News Desk', 'We Are The News Team Of The Kyiv Independent. We Are Here To Make Sure Our Readers Get Quick', 'Essential Updates About The Events In Ukraine. Feel Free To Contact Us Via Email With Feedback', 'News Alerts.']","2023-09-05 16:34:13.505",NA,"2022-05-27 10:57:41","Kremlin-controlled news agency Ria Novosti reported, citing Russian occupiers in the regions, that a new mobile operator has begun working in the occupied territories and is now switching to the Russian telephone code +7.","https%3A%2F%2Fkyivindependent.com%2Frussians-say-occupied-parts-of-kherson-and-zaporizhzhia-oblasts-will-switch-to-russian-phone-code%2F.json","https://assets.kyivindependent.com/content/images/2023/06/image-127-1670328349vlDtD-1200x630--1-.png","en","Russians say occupied parts of Kherson and Zaporizhzhia oblasts will switch to Russian phone code.",NA,NA,"kyivindependent.com","Kremlin-controlled news agency Ria Novosti reported, citing Russian occupiers in the regions, that a new mobile operator has begun working in the occupied territories and is now switching to the Russian telephone code +7.","https://kyivindependent.com/russians-say-occupied-parts-of-kherson-and-zaporizhzhia-oblasts-will-switch-to-russian-phone-code/",NA,"True","5","2022","en","Kremlin-controlled news agency Ria Novosti reported, citing Russian occupiers in the regions, that a new mobile operator has begun working in the occupied territories and is now switching to the Russian telephone code +7.","Russians say occupied parts of Kherson and Zaporizhzhia oblasts will switch to Russian phone code.","{'event_type': '-999', 'model_outputs': {'-999': -0.7603347897529602, 'arms_transfer_security_aid_assistance': -1.2377852201461792, 'bribery_economic_corruption': -1.1624908447265625, 'diaspora_activation': -0.4205028712749481, 'diplomatic_mediation': -0.8505851626396179, 'diplomatic_recognition': -1.8157873153686523, 'diplomatic_sanction': -0.7881484031677246, 'diplomatic_statement': 1.6774966716766357, 'diplomatic_visit': -0.21854634582996368, 'economic_aid_assistance': -0.6906280517578125, 'intelligence_counterintelligence': 0.5003876686096191, 'investment': 0.130130335688591, 'joint_security_force_exercise': -0.3867506980895996, 'media_campaign_intervention': 3.203134536743164, 'social_academic_cultural_activity': -0.45836833119392395, 'political_process_policy_intervention': -0.41668495535850525, 'professional_cultural_exchange': -1.3089232444763184, 'security_cooperation': 1.3988361358642578, 'security_force_facility_presence': -1.0437209606170654, 'official_security_force_facility_presence': -0.8501958250999451, 'surveillance': 4.254025936126709, 'tech_transfer_investment': 3.25661563873291, 'trade_agreement_exchange': -0.1943543255329132, 'trade_financial_sanction': 0.16546094417572021, 'transnational_organization_crime': -1.2298848628997803}}","{'UKR': ['Kherson']}","{'event_type': '-999', 'model_outputs': {'arrest': -0.9214856624603271, 'protest': -0.8927487134933472, 'legalaction': -0.8226491212844849, 'disaster': 0.06789788603782654, 'censor': 1.6756176948547363, 'electionactivity': -0.26316773891448975, 'electionirregularities': -1.1364514827728271, 'activism': -0.10458794236183167, 'martiallaw': -0.1318058967590332, 'cooperate': -0.375416100025177, 'coup': -0.38207390904426575, 'violencenonlethal': -0.31133705377578735, 'violencelethal': -1.7332372665405273, 'corruption': -1.271075963973999, 'legalchange': 1.291107416152954, 'mobilizesecurity': -0.420955628156662, 'purge': -0.9058343172073364, 'threaten': -0.04956832528114319, 'raid': -0.5633371472358704, '-999': 8.822731018066406}}","{'result': 'No', 'model_outputs': {'Yes': -1.9365336894989014, 'No': 1.237330675125122}}","-999","-999","-999","-999","","['Russia']","No","Ukraine"
"2043","630","61e9ae1df07471d9945a4049","[]","2022-01-20 13:46:53.924",NA,"2022-01-07 22:45:00","Shtëpia e Bardhë hodhi poshtë njoftimet se administrata amerikane po shqyrton mundësinë e tërheqjes së forcave amerikane nga Evropa Lindore, para bisedimeve me Rusinë javën e ardhshme. Një zyrtar i Shtëpisë së Bardhë e bëri sqarimin në përgjigje të një kërkese nga Zëri i Amerikës, pasi rrjeti NBC News njoftoi të premten se zyrtarët amerikanë","http%3A%2F%2Fwww.panorama.com.al%2Fshtepia-e-bardhe-hedh-poshte-njoftimet-per-terheqjen-e-mundshme-te-forcave-amerikane-nga-evropa-lindore%2F.json","http://www.panorama.com.al/wp-content/uploads/2021/10/shtepia-e-bardhe.jpg","sq","Shtëpia e Bardhë hedh poshtë njoftimet për tërheqjen e mundshme të forcave amerikane nga Evropa Lindore  ",NA,NA,"panorama.com.al","Shtëpia e Bardhë hodhi poshtë njoftimet se administrata amerikane po shqyrton mundësinë e tërheqjes së forcave amerikane nga Evropa Lindore, para bisedimeve me Rusinë javën e ardhshme.Një zyrtar i Shtëpisë së Bardhë e bëri sqarimin në përgjigje të një kërkese nga Zëri i Amerikës, pasi rrjeti NBC News njoftoi të premten se zyrtarët amerikanë janë të gatshëm të propozojnë diskutime për reduktimin e dislokimeve të trupave amerikane dhe ruse dhe stërvitjeve ushtarake në Evropën Lindore, nëse Moska tregon se është serioze për negociata.“Ne kemi qenë të qartë me Rusinë, publikisht dhe privatisht, se nëse Rusia ndërhyn më tej Ukrainë, ne do t’i përforcojmë partnerët tanë të NATO-s në krahun lindor, ndaj të cilëve kemi një detyrim të shenjtë si aleatë”, i tha Zërit të Amerikës zyrtari i Shtëpisë së Bardhë.Ai shtoi se Shtetet e Bashkuara po “bashkëpunojnë ngushtë me aleatët e NATO-s ndërsa e përballojnë krizën së bashku”.Moska ka paraqitur kërkesa gjithëpërfshirëse, përfshirë që NATO të zvogëlojë praninë në Evropën Lindore dhe të mos anëtarësojë Ukrainën– kërkesa të papranueshme për SHBA-në dhe Evropën.“Kjo është padyshim pjesë e skenarit të njohur (të Moskës), të paraqesë një listë kërkesash absolutisht të papramueshme, për të pretenduar më pas se pala tjetër nuk po angazhohet dhe për ta përdorur si justifikim për veprime agresive”, është shprehur Sekretari i Shtetit, Antony Blinken.NATO përjashton mundësinë për ndalimin e zgjerimitNdërkohë Sekretari i Përgjithshëm i NATO-s, Jens Stoltenberg, përjashtoi të premten çdo mundësi për ndalimin e zgjerimit të vazhdueshëm të aleancës ushtarake për të trajtuar shqetësimet e sigurisë që vijnë nga Rusia, duke hedhur poshtë një pjesë themelore të kërkesave të Presidentit Vladimir Putin për lehtësimin e tensioneve me Ukrainën.“Ne nuk do të bëjmë kompromis mbi parimet themelore, përfshirë të drejtën e çdo vendi për të vendosur rrugën që do të ndjekë, përfshirë çdo lloj marrëveshje sigurie që dëshiron të jetë pjesë e saj”, tha për gazetarët zoti Stoltenberg në Bruksel pas një takimi të jashtëzakonshëm të ministrave të jashtë të aleancës.Sekretari Blinken, dhe homologët e tij të aleancës zhvilluan bisedime virtuale përmes internetit për t’u përgatitur për takimin e parë të Këshillit NATO-Rusi në më shumë se dy vjet.Takimi, që pritet të mbahet të mërkurën në Bruksel, do t’u japë ambasadorëve të NATO-s mundësinë për të diskutuar ballë për ballë me të dërguarin e pasaçëm rus mbi propozimet e sigurisë të Presidentit Putin.Pjesa më e madhe e propozimeve, të bëra publike nga Moska, mes tyre një projekt-marrëveshje me vendet e NATO-s dhe oferta për një traktat mes Rusisë dhe Shteteve të Bashkuara, duket të jenë e papranueshme për aleancën ushtarake të përbërë nga 30 vende, pavarësisht frikës se Putini mund të urdhërojë forcat ushtarake ruse të futen në Ukrainë.Në dokumente thuhet se, NATO-ja duhet të pranojë të ndalojë të gjitha planet e anëtarësimit, jo vetëm me Ukrainën, si dhe t’u japë fund manovrave ushtarake pranë kufijve të Rusisë. Në këmbim, Moska do të respektojë angazhimet ndërkombëtare që ka nënshkruar për kufizimin e manovrave luftarake, si dhe për t’i dhënë fund incidenteve të zhurmës me avionë dhe armiqësive të tjera të nivelit të ulët.Miratimi i një marrëveshjeje të tillë do të kërkonte që NATO-ja të hedhë poshtë një pjesë themelore të traktatit mbi të cilin u formua aleanca. Në bazë të ligjit 10 të Traktatit të Uashingtonit të vitit 1949, organizata mund të ftojë çdo vend evropian që i plotëson kushtet për të kontribuar për sigurinë e zonës së Atlantikut të Veriut, si dhe të përmbushë detyrimet e anëtarësimit.Zoti Stoltenberg tha se ka vazhduar rritja e pranisë ushtarake ruse pranë Ukrainës, veprim që ngjalli shqetësime për një ndërhyrje të mundshme.“Po vërejmë njësi të blinduara, artileri, trupa luftarake të gatshme, shohim pajisje të luftës elektronike si dhe shumë aftësi të ndryshme ushtarake”, tha ai.Shtimi i prezencës ushtarake, i kombinuar me kërkesat e sigurisë dhe të kaluarën ruse ndaj Ukrainës dhe Gjeorgjisë, “dërgon një mesazh se ekziston një rrezik real për një konflikt të ri të armatosur në Evropë”, tha zoti Stoltenberg.Në vitin 2014, Rusia aneksoi nga Ukraina Gadishullin e Krimesë dhe më vonë mbështeti një rebelim separatist në lindje të Ukrainës. Mbi 14,000 njerëz kanë humbur jetën gjatë luftimeve shtatë vjeçare duke shkatërruar Donbasin, ku është e përqendruar industria e Ukrainës.Rusia mohon se ka plane të reja për të sulmuar Ukrainën, por Presidenti Putin dëshiron garanci ligjore që do të përjashtonin zgjerimin e NATO-s dhe dislokimin e sistemeve mbrojtëse. Moska thotë se këtë muaj pret përgjigje mbi propozimet e saj të sigurisë./VOA","http://www.panorama.com.al/shtepia-e-bardhe-hedh-poshte-njoftimet-per-terheqjen-e-mundshme-te-forcave-amerikane-nga-evropa-lindore/","Direct2","True","1","2022","en","The White House dismissed reports that the US administration is looking into the possibility of withdrawing American forces from Eastern Europe, ahead of talks with Russia next week. A White House official made the clarification in response to a request from the Voice of America, as the NBC News network announced on Friday that American officials are willing to propose discussions on reducing US and Russian troop distributors and military exercises in Eastern Europe, if Moscow shows that it is serious for negotiations.","The White House rejects reports of possible withdrawal of American forces from Eastern Europe","{'event_type': 'security_force_facility_presence', 'model_outputs': {'-999': 0.009025722742080688, 'arms_transfer_security_aid_assistance': -0.4197508990764618, 'bribery_economic_corruption': -0.9570313096046448, 'diaspora_activation': -0.08148371428251266, 'diplomatic_mediation': -0.14970111846923828, 'diplomatic_recognition': -1.0654374361038208, 'diplomatic_sanction': -0.9868497848510742, 'diplomatic_statement': 1.6394356489181519, 'diplomatic_visit': -0.8324442505836487, 'economic_aid_assistance': -0.7212897539138794, 'intelligence_counterintelligence': -1.2792623043060303, 'investment': -0.46165144443511963, 'joint_security_force_exercise': 0.10663141310214996, 'media_campaign_intervention': -0.3011016845703125, 'social_academic_cultural_activity': -0.16638487577438354, 'political_process_policy_intervention': -0.5180332660675049, 'professional_cultural_exchange': -0.8415087461471558, 'security_cooperation': 0.7995140552520752, 'security_force_facility_presence': 9.323783874511719, 'official_security_force_facility_presence': -0.5406896471977234, 'surveillance': 0.10776684433221817, 'tech_transfer_investment': -0.9859443306922913, 'trade_agreement_exchange': -1.3543511629104614, 'trade_financial_sanction': -1.6708873510360718, 'transnational_organization_crime': -0.4136098325252533}}","{'None': ['Eastern Europe'], 'USA': ['United States'], 'RUS': ['Russian Federation', 'Moscow']}","{'event_type': '-999', 'model_outputs': {'arrest': -1.5129740238189697, 'protest': -0.22769027948379517, 'legalaction': -1.6390726566314697, 'disaster': -0.14093568921089172, 'censor': -0.5747928023338318, 'electionactivity': -0.7151224613189697, 'electionirregularities': -1.1389532089233398, 'activism': -0.9538571834564209, 'martiallaw': -0.42325979471206665, 'cooperate': 1.0667805671691895, 'coup': -0.3155081868171692, 'violencenonlethal': -0.6441446542739868, 'violencelethal': -0.475059449672699, 'corruption': -1.0728646516799927, 'legalchange': -0.16382066905498505, 'mobilizesecurity': 3.7341363430023193, 'purge': 1.8926970958709717, 'threaten': 0.08752340823411942, 'raid': -1.2190240621566772, '-999': 6.516623497009277}}","{'result': 'Yes', 'model_outputs': {'Yes': 0.9663189649581909, 'No': -0.8267836570739746}}","","","","","","","","Albania"
"55907","2978","632aedeff0f033903a31599d","['Szerző']","2022-09-21 06:56:47.542",NA,"2022-05-16 19:01:00","Olasz lapértesülés szerint megoperálták az orosz elnököt.","https%3A%2F%2F168.hu%2Fkulfold%2Fputyint-surgosseggel-korhazba-kellett-szallitani-235183.json","https://168.hu/data/K_EPA20220509072_focuspointcut_600100010x314100010.jpg","hu","Putyint sürgősséggel kellett kórházba szállítani",NA,NA,"168.hu","Olasz lapértesülés szerint megoperálták az orosz elnököt.. Az olasz La Stampa hétfőn arról írt: az orosz elnököt a napokban, vélhetően egy hete, a Győzelem napi ünnepség után sürgősséggel kellett kórházba szállítani, ahol azonnal meg is operálták egy feltételezett rákos megbetegedés miatt – szemlézte a Magyar Hang. 

 
Az olasz lap szerint több forrás azt állítja, a politikus vérrákban szenved. A kórházi kezelés előtt az elnöki stáb állítólag tíz napra előre felvett és betárazott videókat készített, hogy azokkal fedezzék Putyin távollétét. (Kiemelt képünk: Vlagyimir Putyin orosz elnök (b) és Szergej Sojgu védelmi miniszter a győzelem napi díszszemlén a moszkvai Vörös téren 2022. május 9-én. Oroszországban május 9-én ünneplik a náci Németország felett a II. világháborúban aratott győzelem 77. évfordulóját. Fotó: MTI/EPA/Makszim Sipenkov)






Őrült összeesküvés-elmélet terjed Károly király testőreirőlFurcsa dologra lettek figyelmesek az emberek III. Károly király testőreivel kapcsolatban.Mi történt? Bottal jár Adam Sandler!Több lesifotó is készült Adam Sandlerről, ahol a színész bottal látható.","https://168.hu/kulfold/putyint-surgosseggel-korhazba-kellett-szallitani-235183","Direct2","True","5","2022","en","On Monday, the Italian president La Stampa wrote that the Russian president had to be rushed to the hospital, which was immediately operated on because of a suspected cancer.... According to the Italian newspaper, several sources claim that the politician suffers from blood cancer.","Putin had to be rushed to the hospital.","{'event_type': '-999', 'model_outputs': {'-999': -0.5660725831985474, 'arms_transfer_security_aid_assistance': -1.5277750492095947, 'bribery_economic_corruption': -1.5746678113937378, 'diaspora_activation': -0.29195889830589294, 'diplomatic_mediation': 0.5895993709564209, 'diplomatic_recognition': 0.9276376962661743, 'diplomatic_sanction': -0.12651103734970093, 'diplomatic_statement': 5.323235511779785, 'diplomatic_visit': 2.558375597000122, 'economic_aid_assistance': 0.16340067982673645, 'intelligence_counterintelligence': -1.0584299564361572, 'investment': 0.22634631395339966, 'joint_security_force_exercise': -0.8905215263366699, 'media_campaign_intervention': -0.9107683300971985, 'social_academic_cultural_activity': -0.6615867018699646, 'political_process_policy_intervention': -0.05885118991136551, 'professional_cultural_exchange': 0.6397092342376709, 'security_cooperation': 1.6874682903289795, 'security_force_facility_presence': -0.2966432273387909, 'official_security_force_facility_presence': -0.7024884223937988, 'surveillance': -0.8862477540969849, 'tech_transfer_investment': 1.2566187381744385, 'trade_agreement_exchange': -0.5921776294708252, 'trade_financial_sanction': -1.2853810787200928, 'transnational_organization_crime': -2.205950975418091}}","{}","{'event_type': '-999', 'model_outputs': {'arrest': -0.4879421293735504, 'protest': -0.5409120321273804, 'legalaction': -0.4245795011520386, 'disaster': 0.11861316859722137, 'censor': -0.6821722388267517, 'electionactivity': 1.6864380836486816, 'electionirregularities': -0.9870175123214722, 'activism': -0.9014334678649902, 'martiallaw': -0.7154303193092346, 'cooperate': 0.20700308680534363, 'coup': -0.7095353007316589, 'violencenonlethal': -0.025728628039360046, 'violencelethal': -1.4431095123291016, 'corruption': -0.7333297729492188, 'legalchange': 0.382640540599823, 'mobilizesecurity': -0.8230576515197754, 'purge': -0.38105836510658264, 'threaten': -0.5679354667663574, 'raid': -1.3837430477142334, '-999': 9.648387908935547}}","{'result': 'No', 'model_outputs': {'Yes': -1.2151331901550293, 'No': 0.8465102910995483}}","-999","-999","-999","-999","","[]","No","Hungary"
"27980","3331","6295f140dbbe6f20571708d9","['Peyotto Technologies']","2022-05-31 06:43:12.703",NA,"2022-05-16","Նիկոլ Փաշինյանը մայիսի 16-ին աշխատանքային այցով ժամանել է Ռուսաստանի Դաշնություն:","https%3A%2F%2F168.am%2F2022%2F05%2F16%2F1703325.html.json","https://168.am/wp-content/uploads/2022/05/1083277.jpg","hy","Նիկոլ Փաշինյանը աշխատանքային այցով ժամանել է Մոսկվա",NA,NA,"168.am","
Նիկոլ Փաշինյանը մայիսի 16-ին աշխատանքային այցով ժամանել է Ռուսաստանի Դաշնություն:
Նիկոլ Փաշինյանը Մոսկվայում՝ Կրեմլում, կմասնակցի ՀԱՊԿ անդամ պետությունների առաջնորդների հանդիպմանը:
","https://168.am/2022/05/16/1703325.html","Direct2","True","5","2022","en","On 16 May, Nicole Pashina visited the Russian Embassy. Nicole Pashina will attend a meeting of the heads of the U.S. government in Moscow, Kermel.","Nicole Pashana has visited Moscow on a business trip","{'event_type': '-999', 'model_outputs': {'-999': -0.6453491449356079, 'arms_transfer_security_aid_assistance': -0.7991732358932495, 'bribery_economic_corruption': -0.5112096667289734, 'diaspora_activation': -0.4931786358356476, 'diplomatic_mediation': 0.23398970067501068, 'diplomatic_recognition': -0.08069127053022385, 'diplomatic_sanction': 2.9036221504211426, 'diplomatic_statement': 0.5275641083717346, 'diplomatic_visit': 7.8074774742126465, 'economic_aid_assistance': -1.569572925567627, 'intelligence_counterintelligence': -0.30446675419807434, 'investment': -0.9398094415664673, 'joint_security_force_exercise': 0.3541839122772217, 'media_campaign_intervention': -0.5203448534011841, 'social_academic_cultural_activity': -0.45380088686943054, 'political_process_policy_intervention': -0.7476304769515991, 'professional_cultural_exchange': 0.30788761377334595, 'security_cooperation': 2.0006794929504395, 'security_force_facility_presence': -0.19668494164943695, 'official_security_force_facility_presence': -0.03402327001094818, 'surveillance': -1.383676290512085, 'tech_transfer_investment': 0.10198379307985306, 'trade_agreement_exchange': -0.6782992482185364, 'trade_financial_sanction': -0.7227545976638794, 'transnational_organization_crime': -1.2005447149276733}}","{'USA': ['United States', 'Moscow']}","{'event_type': '-999', 'model_outputs': {'arrest': -0.4641386866569519, 'protest': -0.41930365562438965, 'legalaction': -0.28930407762527466, 'disaster': 0.018213778734207153, 'censor': -0.5439243912696838, 'electionactivity': 0.47348397970199585, 'electionirregularities': -1.2035212516784668, 'activism': -0.7921249270439148, 'martiallaw': -0.9829329252243042, 'cooperate': 0.9009907841682434, 'coup': -1.434134840965271, 'violencenonlethal': 0.4582221508026123, 'violencelethal': -0.9476808309555054, 'corruption': -0.19834080338478088, 'legalchange': 0.18313579261302948, 'mobilizesecurity': -1.010873556137085, 'purge': -0.24189597368240356, 'threaten': -0.3752855062484741, 'raid': -1.2933754920959473, '-999': 10.145943641662598}}","{'result': 'No', 'model_outputs': {'Yes': -0.9011104106903076, 'No': 0.6242033839225769}}","","","","","","","","Armenia"
"100650","667","627d75f6dd894d3c8b3d27fe","[]","2022-05-12 17:02:46.537",NA,"2022-03-03 08:29:00","Rusya'nın Ukrayna harekatı sonrası ülkeler Rusya'ya yönelik yaptırım kararları almaya devam ediyor. Almanya, Rus milyarder Alisher Usmanov’un Dilbar adlı 600 milyon dolarlık yatına el koyduğunu açıkladı.","https%3A%2F%2Fweb.archive.org%2Fweb%2F20220326092958%2Fhttps%3A%2F%2Fwww.posta.com.tr%2Fdunya%2Falmanya-rus-milyarder-usmanovun-yatina-el-koydu-yaptirim-karari-2444147.json","https://web.archive.org/web/20220326092958im_/https://i3.posta.com.tr/i/posta/75//0x0/6224ed7e45d2a0cdfc816c98.gif","tr","Almanya, Rus milyarder Usmanov'un yatına el koydu! Yaptırım kararı...",NA,NA,"posta.com.tr","Rusya'nın Ukrayna harekatı sonrası ülkeler Rusya'ya yönelik yaptırım kararları almaya devam ediyor. Almanya, Rus milyarder Alisher Usmanov’un Dilbar adlı 600...","https://web.archive.org/web/20220326092958/https://www.posta.com.tr/dunya/almanya-rus-milyarder-usmanovun-yatina-el-koydu-yaptirim-karari-2444147","wayback_alt","True","3","2022","en","After Russia's Ukrainian campaign, countries continue to take sanctions against Russia, Germany, Russia's billionaire Alisher Usmanov's 600...","Germany has seized the yacht of Russian billionaire Usmanov!","{'event_type': '-999', 'model_outputs': {'-999': -0.5824780464172363, 'arms_transfer_security_aid_assistance': -0.7785463929176331, 'bribery_economic_corruption': -0.7274290323257446, 'diaspora_activation': -0.5073915123939514, 'diplomatic_mediation': -0.8471488356590271, 'diplomatic_recognition': -0.36507824063301086, 'diplomatic_sanction': 3.8379464149475098, 'diplomatic_statement': 1.242887020111084, 'diplomatic_visit': 0.6543409824371338, 'economic_aid_assistance': -1.0186587572097778, 'intelligence_counterintelligence': 3.7754745483398438, 'investment': -0.8737311363220215, 'joint_security_force_exercise': 0.05936896800994873, 'media_campaign_intervention': -0.8880270719528198, 'social_academic_cultural_activity': -0.055235475301742554, 'political_process_policy_intervention': -1.2313942909240723, 'professional_cultural_exchange': -0.2430264949798584, 'security_cooperation': 4.08342170715332, 'security_force_facility_presence': -1.733299970626831, 'official_security_force_facility_presence': -0.9930368065834045, 'surveillance': -0.8441380262374878, 'tech_transfer_investment': -0.8275367021560669, 'trade_agreement_exchange': -0.4326006770133972, 'trade_financial_sanction': -0.8074853420257568, 'transnational_organization_crime': 2.244776725769043}}","{'DEU': ['Federal Republic of Germany'], 'RUS': ['Russian Federation']}","{'event_type': '-999', 'model_outputs': {'arrest': 1.2626477479934692, 'protest': -2.000032901763916, 'legalaction': 5.253190040588379, 'disaster': 0.02402561902999878, 'censor': -0.5058993101119995, 'electionactivity': -1.3105127811431885, 'electionirregularities': -1.4574909210205078, 'activism': 0.0889044851064682, 'martiallaw': -1.2887966632843018, 'cooperate': -0.7293932437896729, 'coup': -0.7405351996421814, 'violencenonlethal': 0.3622984290122986, 'violencelethal': -1.7774312496185303, 'corruption': 0.3148563504219055, 'legalchange': -0.18445619940757751, 'mobilizesecurity': -1.0609791278839111, 'purge': -0.8030734658241272, 'threaten': -0.4273799955844879, 'raid': -0.07231259346008301, '-999': 6.865004062652588}}","{'result': 'No', 'model_outputs': {'Yes': -0.8754360675811768, 'No': 0.7115444540977478}}","",NA,"","",NA,"","","Turkey"
"109136","2346","628406a6d8c6f4df88668626","['Atakan Yorulmaz']","2022-05-17 16:33:35.667",NA,"2022-03-30 20:50:57","Slovakya, 35 Rus diplomatı sınır dışı etti - Slovakya Dışişleri Bakanlığı, Slovakya'nın ülkedeki Rusya’nın Bratislava Büyükelçiliğinde görevli 35 diplomatı sınır dışı etmeye karar verdiğini açıkladı.","https%3A%2F%2Fwww.sozcu.com.tr%2F2022%2Fdunya%2Fslovakya-35-rus-diplomati-sinir-disi-etti-7044071%2F.json","https://i01.sozcucdn.com/wp-content/uploads/2022/03/30/iecrop/rusya-retuers_16_9_1648662651-670x371.jpg","tr","Slovakya, 35 Rus diplomatı sınır dışı etti",NA,NA,"sozcu.com.tr","Slovakya, 35 Rus diplomatı sınır dışı etti
Slovakya Dışişleri Bakanlığı, Slovakya'nın ülkedeki Rusya’nın Bratislava Büyükelçiliğinde görevli 35 diplomatı sınır dışı etmeye karar verdiğini açıkladı.
Yazıları büyüt
Yazıları küçült
Standart boyut
Hollanda ve Belçika'nın ardından Slovakya'da Rus diplomatları sınır dışı etti. Slovakya Dışişleri Bakanlığı tarafından yapılan açıklamada, Slovakya’nın ülkedeki Rusya'nın Bratislava Büyükelçiliği'nde görevli 35 diplomatı sınır dışı etmeye karar verildiği ifade edilerek, Rusya’nın Bratislava Büyükelçisi İgor Bratchikov'u Bakanlığa çağırılarak konu ile ilgili olarak diplomatik nota verildiği belirtildi.
“ÇALIŞANLARIN KURALLARA UYMADIĞINI GÖRÜYORUZ”
Açıklamada, “Bu adım, Rusya Büyükelçiliği personelinin Viyana Diplomatik İlişkiler Sözleşmesi, Slovakya Cumhuriyeti’nin çıkarları ve Rusya Federasyonu ile ortaklık geliştirme çabalarıyla çelişen faaliyetlerinin sürdürülmesine karşı verdiğimiz kaçınılmaz bir yanıttır. Daha önce yapılan sınır dışı kararlarına rağmen Rusya Büyükelçiliği çalışanlarının kurallara uymadığını görüyoruz. Ukrayna’daki savaşın derhal sona ermesinin ve Rus diplomatik misyonunun olağan ilkelere uygun olarak çalışmasının, ilişkilerimizi karşılıklı saygı ve karşılıklı yarara dayalı işbirliği temelinde inşa etmemize yeniden izin vereceğine inanıyoruz” denildi.
Sınır dışı kararı dışında ayrıca Rus diplomatik misyonu için maksimum diplomatik ve hizmet pasaportu sahibi sayısı daha sonra belirleneceği bildirildi. Alınan karar öncesinde Rusya'nın Bratislava'daki Büyükelçiliği'nde 70 personel bulunuyordu. Son iki yılda Slovakya, Rusya Büyükelçiliği'nden toplamda 9 personeli sınır dışı ederken, en son 14 Mart 2022 tarihinde aralarında Rusya Askeri Ataşesi Sergei Solomasov'un da bulunduğu 3 kişi sınır dışı edilmişti.
RUS DİPLOMATLAR SINIR DIŞI EDİLMEYE DEVAM EDİYOR
Rus Büyükelçilikleri mart ayı boyunca Karadağ, Bulgaristan, Polonya, Letonya, Slovakya, Kuzey Makedonya, Hollanda, Belçika, İrlanda ve Çekya'dan sınır dışı edildiler.
Rus Diplomatlar Avrupa ülkelerinin yanı sıra ABD'den de ayrılmak zorunda kaldılar. Rusya’nın Birleşmiş Milletler (BM) misyonunda çalışan 12 Rus Diplomat 7 Mart’ta Rusya'ya geri dönmüşlerdi.
İlginizi Çekebilir Rusya: Kiev rejimi biyolojik silah kullanma ihtimalini ciddi şekilde değerlendiriyor
İlginizi Çekebilir Ukraynalı müzakereci Podolyak: Rusya ile barış anlaşmasını ulusal referanduma götüreceğiz","https://www.sozcu.com.tr/2022/dunya/slovakya-35-rus-diplomati-sinir-disi-etti-7044071/","","True","3","2022","en","Slovakia has deported 35 Russian diplomats. Slovakia's Ministry of Foreign Affairs has announced that Slovakia has decided to deport 35 diplomats from the country's Russian Embassy in Bratislava. Grow up the articles. It is standard size. Following the Netherlands and Belgium, Russian diplomats were deported. Slovak Foreign Ministry has announced that Slovakia has decided to deport 35 diplomats from Russia's Bratislava Embassy in the country.","Slovakia deports 35 Russian diplomats","{'event_type': 'diplomatic_sanction', 'model_outputs': {'-999': -0.578029990196228, 'arms_transfer_security_aid_assistance': -0.35673606395721436, 'bribery_economic_corruption': -0.6994116902351379, 'diaspora_activation': 0.3800537586212158, 'diplomatic_mediation': -0.043500348925590515, 'diplomatic_recognition': 0.6403137445449829, 'diplomatic_sanction': 9.368489265441895, 'diplomatic_statement': -1.0866518020629883, 'diplomatic_visit': -0.5520119071006775, 'economic_aid_assistance': -0.45911863446235657, 'intelligence_counterintelligence': 1.5010654926300049, 'investment': -0.9007781744003296, 'joint_security_force_exercise': 0.12149564176797867, 'media_campaign_intervention': -0.6922188997268677, 'social_academic_cultural_activity': 0.12412618845701218, 'political_process_policy_intervention': -0.2770498991012573, 'professional_cultural_exchange': -0.14549678564071655, 'security_cooperation': -0.024972781538963318, 'security_force_facility_presence': -1.0559271574020386, 'official_security_force_facility_presence': -0.8528838157653809, 'surveillance': -1.1938804388046265, 'tech_transfer_investment': -0.26903626322746277, 'trade_agreement_exchange': -1.4407291412353516, 'trade_financial_sanction': -0.3353176712989807, 'transnational_organization_crime': 0.4427453577518463}}","{'SVK': ['Slovak Republic', 'Bratislava'], 'NLD': ['Kingdom of the Netherlands'], 'BEL': ['Kingdom of Belgium'], 'RUS': ['Russian Federation']}","{'event_type': 'purge', 'model_outputs': {'arrest': 0.4495893716812134, 'protest': -0.9052721261978149, 'legalaction': 1.9684720039367676, 'disaster': -1.633620023727417, 'censor': -0.3451898396015167, 'electionactivity': -1.3001549243927002, 'electionirregularities': -0.37823379039764404, 'activism': -1.856522798538208, 'martiallaw': -1.3214867115020752, 'cooperate': -0.21576853096485138, 'coup': -1.036895990371704, 'violencenonlethal': -2.0008387565612793, 'violencelethal': -1.053624153137207, 'corruption': 2.06013822555542, 'legalchange': -1.9795222282409668, 'mobilizesecurity': 0.8062208890914917, 'purge': 7.370184421539307, 'threaten': -0.28756725788116455, 'raid': 0.2548302114009857, '-999': 1.0876017808914185}}","{'result': 'Yes', 'model_outputs': {'Yes': 1.4729313850402832, 'No': -1.4354336261749268}}","","","","","","","","Turkey"
"131953","7703","62d84c5e485b7d360a52d4e8","","","","2022-06-29 17:49:00","","","","ru","Росіяни порушили кримінальну справу проти головного розвідника України Буданова","",NA,"pravda.com.ua","Російські загарбники порушили кримінальну справу щодо начальника ГУР України Кирила Буданова через нібито загрозу вчинення терактів в РФ.Джерело: російський СлідкомДослівно: ""Слідчим комітетом Росії порушено кримінальну справу щодо начальника Головного управління розвідки Міністерства оборони України Кирила Буданова за ознаками злочину, передбаченого ч.1 ст.205 КК РФ (загроза вчинення терористичного акту)"".Деталі: Окупанти вважають, що Буданов в інтерв'ю Financial Times від червня 2022 року висловив загрозу вчинення терактів на території РФ та тимчасово непідконтрольних територіях України.Засновник проекту: Георгій ГонгадзеГоловний редактор: Севгіль МусаєваРедактор-засновник: Олена ПритулаE-mail редакції: editor@pravda.com.ua","https://www.pravda.com.ua/news/2022/06/29/7355435/","","True","6","2022","en","The Russian barbarians destroyed the criminological truth of the head of the Ukry's GUR, Kyril Boudanov, through the nibito threat of a terrorist attack in the Russian Federation.","The Russians destroyed the right of the head of the Ukryni Budanov.","{'event_type': '-999', 'model_outputs': {'-999': -0.3295799493789673, 'arms_transfer_security_aid_assistance': -1.165149450302124, 'bribery_economic_corruption': -0.10881210118532181, 'diaspora_activation': 2.5370655059814453, 'diplomatic_mediation': -0.4609781801700592, 'diplomatic_recognition': 1.9766265153884888, 'diplomatic_sanction': 4.585504055023193, 'diplomatic_statement': 2.002439260482788, 'diplomatic_visit': -0.3893640637397766, 'economic_aid_assistance': -1.042930006980896, 'intelligence_counterintelligence': 0.0061436183750629425, 'investment': 0.5651947259902954, 'joint_security_force_exercise': -1.1179453134536743, 'media_campaign_intervention': -0.8054999709129333, 'social_academic_cultural_activity': 0.5179177522659302, 'political_process_policy_intervention': 1.3513332605361938, 'professional_cultural_exchange': 1.640920877456665, 'security_cooperation': -0.5987474322319031, 'security_force_facility_presence': -0.9644947648048401, 'official_security_force_facility_presence': -1.850084662437439, 'surveillance': -1.3165993690490723, 'tech_transfer_investment': -1.6259222030639648, 'trade_agreement_exchange': -2.1719393730163574, 'trade_financial_sanction': 0.5413494110107422, 'transnational_organization_crime': -0.6532542109489441}}","{'RUS': ['Russian Federation']}","{'event_type': 'violencenonlethal', 'model_outputs': {'arrest': -0.6582993268966675, 'protest': -0.8840293288230896, 'legalaction': 0.2177664339542389, 'disaster': 0.66579270362854, 'censor': -0.9965723752975464, 'electionactivity': -1.1798601150512695, 'electionirregularities': -1.2629828453063965, 'activism': -1.2795822620391846, 'martiallaw': -1.4338388442993164, 'cooperate': -2.2575008869171143, 'coup': -0.006166726350784302, 'violencenonlethal': 8.1346435546875, 'violencelethal': 1.2711610794067383, 'corruption': -0.34048357605934143, 'legalchange': -1.7747803926467896, 'mobilizesecurity': -0.7374527454376221, 'purge': -1.4103775024414062, 'threaten': -0.7257037162780762, 'raid': 1.4657433032989502, '-999': 2.9468259811401367}}","{'result': 'Yes', 'model_outputs': {'Yes': 0.791313111782074, 'No': -0.6502859592437744}}","","","","","","","","Ukraine"
"121881","4138","64f78f9ebed4296e79dd9227","['The Kyiv Independent News Desk', 'We Are The News Team Of The Kyiv Independent. We Are Here To Make Sure Our Readers Get Quick', 'Essential Updates About The Events In Ukraine. Feel Free To Contact Us Via Email With Feedback', 'News Alerts.']","2023-09-05 16:29:15.826",NA,"2022-06-06 05:58:32","Kursk Oblast Governor Roman Starovoit claimed that the village of Tyotkino in Russia’s western Kursk region came under fire early on June 6. Starovoit reported via Telegram app that a bridge and some local businesses were hit. There is no immediate information about casualties.","https%3A%2F%2Fkyivindependent.com%2Frussian-governor-claims-border-village-fired-upon%2F.json","https://assets.kyivindependent.com/content/images/2023/06/image-127-1670328349vlDtD-1200x630--1-.png","en","Russian governor claims border village fired upon.",NA,NA,"kyivindependent.com","Kursk Oblast Governor Roman Starovoit claimed that the village of Tyotkino in Russia’s western Kursk region came under fire early on June 6. Starovoit reported via Telegram app that a bridge and some local businesses were hit. There is no immediate information about casualties.","https://kyivindependent.com/russian-governor-claims-border-village-fired-upon/",NA,"True","6","2022","en","Kursk Oblast Governor Roman Starovoit claimed that the village of Tyotkino in Russia’s western Kursk region came under fire early on June 6. Starovoit reported via Telegram app that a bridge and some local businesses were hit. There is no immediate information about casualties.","Russian governor claims border village fired upon.","{'event_type': '-999', 'model_outputs': {'-999': -0.2044902741909027, 'arms_transfer_security_aid_assistance': -1.0244389772415161, 'bribery_economic_corruption': -1.4724889993667603, 'diaspora_activation': 0.10803858935832977, 'diplomatic_mediation': 0.39624571800231934, 'diplomatic_recognition': -1.2733736038208008, 'diplomatic_sanction': -0.9856287837028503, 'diplomatic_statement': 5.46132755279541, 'diplomatic_visit': -0.46684595942497253, 'economic_aid_assistance': -1.1528043746948242, 'intelligence_counterintelligence': -0.4892912209033966, 'investment': -0.6397111415863037, 'joint_security_force_exercise': -1.1109330654144287, 'media_campaign_intervention': 0.22627614438533783, 'social_academic_cultural_activity': -0.223207026720047, 'political_process_policy_intervention': -0.14487434923648834, 'professional_cultural_exchange': -0.8359805345535278, 'security_cooperation': 1.0392221212387085, 'security_force_facility_presence': 6.651128768920898, 'official_security_force_facility_presence': -0.9205632209777832, 'surveillance': 0.027419287711381912, 'tech_transfer_investment': -0.771377682685852, 'trade_agreement_exchange': -1.9020380973815918, 'trade_financial_sanction': -1.8284016847610474, 'transnational_organization_crime': -0.27854445576667786}}","{'RUS': ['Russian Federation']}","{'event_type': 'violencenonlethal', 'model_outputs': {'arrest': -0.997921347618103, 'protest': 0.10265582799911499, 'legalaction': -0.18957063555717468, 'disaster': 0.5747008323669434, 'censor': -1.1553046703338623, 'electionactivity': -1.3184359073638916, 'electionirregularities': -0.9846475720405579, 'activism': -0.569570004940033, 'martiallaw': -0.8173428177833557, 'cooperate': -2.0268197059631348, 'coup': -0.2256251871585846, 'violencenonlethal': 8.104257583618164, 'violencelethal': 4.333331108093262, 'corruption': -0.7529569864273071, 'legalchange': -1.6468281745910645, 'mobilizesecurity': -0.9909294843673706, 'purge': -1.6511197090148926, 'threaten': -1.086524486541748, 'raid': 0.40561795234680176, '-999': 0.6995835304260254}}","{'result': 'Yes', 'model_outputs': {'Yes': 0.8378854990005493, 'No': -0.6960530281066895}}","","","","","","","","Ukraine"
"30611","1474","629bcb0cf1f860762878355c","['Peyotto Technologies', 'Գոհար Հայրապետյան', 'Արթուր Աղաբեկյան', 'Վոլոդյա Մուշեղյան', 'Դավիթ Գրիգորյան', 'Ժիրայր Ոսկանյան']","2022-06-04 17:13:48.687",NA,"2021-11-03",NA,"https%3A%2F%2Fwww.1in.am%2F3025780.html.json","https://www.1in.am/assets/uploads/2021/11/Untitled-1-49-540x360.jpg","hy","Լավրովը Բայրամովի հետ քննարկել է եռակողմ հայտարարությունների կատարման ընթացքը",NA,NA,"1in.am","Ռուսաստանի արտաքին գործերի նախարար Սերգեյ Լավրովը հեռախոսազրույց է ունեցել Ադրբեջանի ԱԳ նախարար Ջեյհուն Բայրամովի հետ: Ինչպես փոխանցում է ՌԴ ԱԳՆ մամուլի ծառայությունը, զրուցակիցները քննարկել են երկկողմ հարաբերությունների արդիական հարցերը, ինչպես նաև տարածաշրջանային և միջազգային օրակարգը:","https://www.1in.am/3025780.html","Direct2","True","11","2021","en","Before Russia’s foreign operations, Sergei Lavroo had a telephone call with Jane Bouthamo, president of the United States.","Goodness in Making Return Visits","{'event_type': 'diplomatic_visit', 'model_outputs': {'-999': -0.6921539306640625, 'arms_transfer_security_aid_assistance': 0.48807626962661743, 'bribery_economic_corruption': -0.9097973108291626, 'diaspora_activation': -0.5940102338790894, 'diplomatic_mediation': 1.3675813674926758, 'diplomatic_recognition': 0.15826070308685303, 'diplomatic_sanction': 1.3992383480072021, 'diplomatic_statement': 1.5831830501556396, 'diplomatic_visit': 7.21522331237793, 'economic_aid_assistance': -0.9135861992835999, 'intelligence_counterintelligence': -1.446692705154419, 'investment': -1.0806106328964233, 'joint_security_force_exercise': -0.47316688299179077, 'media_campaign_intervention': -0.4210180640220642, 'social_academic_cultural_activity': -0.7829301953315735, 'political_process_policy_intervention': 0.26296284794807434, 'professional_cultural_exchange': 0.2472096085548401, 'security_cooperation': 2.5396909713745117, 'security_force_facility_presence': -0.7195051312446594, 'official_security_force_facility_presence': -0.5329916477203369, 'surveillance': -1.2807011604309082, 'tech_transfer_investment': -0.017943069338798523, 'trade_agreement_exchange': -0.8049050569534302, 'trade_financial_sanction': 0.07454308122396469, 'transnational_organization_crime': -1.5859010219573975}}","{'RUS': ['Russian Federation'], 'USA': ['United States']}","{'event_type': '-999', 'model_outputs': {'arrest': 0.31483304500579834, 'protest': -0.569523811340332, 'legalaction': 0.6034283638000488, 'disaster': -0.20817822217941284, 'censor': -0.6621358394622803, 'electionactivity': 0.29363566637039185, 'electionirregularities': -1.2154597043991089, 'activism': -1.307145595550537, 'martiallaw': -0.9025147557258606, 'cooperate': 0.001622527837753296, 'coup': -1.5146028995513916, 'violencenonlethal': 0.05994599312543869, 'violencelethal': -1.1938884258270264, 'corruption': 0.35618215799331665, 'legalchange': 0.4355485141277313, 'mobilizesecurity': -0.8247631788253784, 'purge': -0.40232130885124207, 'threaten': -0.17348212003707886, 'raid': -1.305149793624878, '-999': 10.186262130737305}}","{'result': 'No', 'model_outputs': {'Yes': -2.061479330062866, 'No': 1.6663789749145508}}","","-999","-999","","","","","Armenia"
"78331","8151","65124044582564317fd0c667","[]","2023-09-25 22:21:56.425",NA,"2022-05-24 20:55:00","Vladimir Putin ka promovuar ish-truprojën e tij personale në postin e ministrit të ri të Emergjencave të Kremlinit, disa muaj pasi paraardhësi i tij u rrëzua për vdekje në mënyrë...","https%3A%2F%2Fwww.botasot.info%2Fbota%2F1816613%2Fparaardhesi-vdiq-ne-menyre-misterioze-putin-promovon-truprojen-ne-postin-e-larte-kush-eshte-njeriu-pa-fytyre-qe-merr-drejtimin-e-hellip%2F.json","https://botasot.info/media/botasot.info/images/2022/May/24/auto_01653418622.jpg","sq","Paraardhësi vdiq në mënyrë misterioze, Putin promovon truprojën në postin e lartë. Kush është “njeriu pa fytyrë” që merr drejtimin e…",NA,NA,"botasot.info","Vladimir Putin ka promovuar ish-truprojën e tij personale në postin e ministrit të ri të Emergjencave të Kremlinit, disa muaj pasi paraardhësi i tij u rrëzua për vdekje në mënyrë misterioze nga një ujëvarë.
 Gjeneral-majori Alexander Kurenkov, 49 vjeç, i propozuar sot nga Putin, është truproja i gjashtë i presidentit rus që emërohet në postin e lartë të qeverisë.
 Njeriu i fundit që mbajti këtë post ishte Yevgeny Zinichev, gjithashtu një ish-roje i Putinit, i cili vdiq duke u rrëzuar nga një ujëvarë 90 metra e lartë. Vdekja e tij dyshohet se mund të ketë qenë një vrasje dhe jo një aksident.
 Për Kurenkov, të mbiquajturin ‘njeriu pa fytyrë’, dihet pak për të kaluarën dhe prejardhjen e tij. Ka pretendime se ai ka shërbyer në agjencinë e kundërzbulimit FSB si dhe në FSO, përgjegjëse për ruajtjen e zyrtarëve të lartë.
 Zëdhënësi presidencial Dmitry Peskov tha: “Putini e njeh mirë personalisht atë”
 “Dhe zgjedhja do të thotë se, sipas kreut të shtetit, cilësitë personale, shërbyese dhe profesionale të Kurenkovit do ta lejojnë atë të shërbejë në këtë funksion.”
 Kritikët thonë se Putin po bëhet gjithnjë e më paranojak dhe u beson plotësisht vetëm atyre që kanë dëshmuar besnikërinë duke i ruajtur jetën.
 Të dhënat zyrtare thanë se Zinichev, i cili ‘ishte duke u përgatitur për mbretërinë si një pasardhës i mundshëm’ i Putinit, u vra duke u përpjekur të ‘shpëtonte një njeri’ në ujëvarën Kitabo-Oron në shtator në Sitin e Trashëgimisë Botërore të UNESCO-s në Siberi.
 Putin ishte dukshëm i shqetësuar në funeralin e Zinichev, duke e quajtur vdekjen e tij një ‘humbje personale të pazëvendësueshme’.
 Disa analistë besonin se Putini e kishte përgatitur Zinichevin si pasardhësin e tij të mundshëm.
 Ai kishte shërbyer tashmë si zëvendësdrejtor i FSB-së dhe i dyti në komandë në ministrinë e mbrojtjes.
 Zinichev, i cili mbante gradën e gjeneralit, kishte shijuar një ngritje spektakolare nën drejtimin e Putin dhe ishte caktuar për një rol të ri të fuqishëm në këshillin e sigurisë të Kremlinit.
 Profesor Valery Solovey – i lidhur me Telegram Channel General SVR – pohoi: ‘Do të them menjëherë se nuk ishte vdekje, por vrasje e gjeneralit.
 Njeriu që dyshohet se Zinchev u përpoq të shpëtonte, realizuesi i dokumentarit-kameraman Alexander Melnik, 63 vjeç, vdiq gjithashtu.","https://www.botasot.info/bota/1816613/paraardhesi-vdiq-ne-menyre-misterioze-putin-promovon-truprojen-ne-postin-e-larte-kush-eshte-njeriu-pa-fytyre-qe-merr-drejtimin-e-hellip/","Direct2","True","5","2022","en","Vladimir Putin has promoted his former personal bodyguard to the post of the new Kremlin Emergency Minister, several months after his predecessor was ousted mysteriously from a waterfall.Major General Alexander Kurenkov, 49, proposed today by Putin, is the sixth bodyguard of the Russian president to be appointed to the top post of government.The last man to hold this post was Yevgeny Zinic.","The predecessor died mysteriously, Putin promoted the bodyguard to the top position.","{'event_type': '-999', 'model_outputs': {'-999': -0.2446175366640091, 'arms_transfer_security_aid_assistance': 0.9197220802307129, 'bribery_economic_corruption': -0.7338157892227173, 'diaspora_activation': -0.189162939786911, 'diplomatic_mediation': -0.4400475025177002, 'diplomatic_recognition': -0.7557188272476196, 'diplomatic_sanction': -0.7992441654205322, 'diplomatic_statement': 1.4065845012664795, 'diplomatic_visit': -0.43615996837615967, 'economic_aid_assistance': -1.0248498916625977, 'intelligence_counterintelligence': -0.5937148332595825, 'investment': -0.7952049374580383, 'joint_security_force_exercise': 0.5954028367996216, 'media_campaign_intervention': -0.622586190700531, 'social_academic_cultural_activity': -0.12708759307861328, 'political_process_policy_intervention': -0.11771690845489502, 'professional_cultural_exchange': -1.1154805421829224, 'security_cooperation': 3.1520113945007324, 'security_force_facility_presence': 8.025646209716797, 'official_security_force_facility_presence': -0.9070433974266052, 'surveillance': 0.16391940414905548, 'tech_transfer_investment': -0.8656200766563416, 'trade_agreement_exchange': -1.7040793895721436, 'trade_financial_sanction': -1.9328043460845947, 'transnational_organization_crime': -0.3601061701774597}}","{}","{'event_type': '-999', 'model_outputs': {'arrest': -0.9486504793167114, 'protest': -0.9685721397399902, 'legalaction': -1.341773509979248, 'disaster': 0.39127159118652344, 'censor': -0.6161250472068787, 'electionactivity': 1.4393287897109985, 'electionirregularities': -1.1010013818740845, 'activism': -1.9595118761062622, 'martiallaw': -0.3301492929458618, 'cooperate': 1.1579515933990479, 'coup': 0.0667191594839096, 'violencenonlethal': -1.0565381050109863, 'violencelethal': -0.48841148614883423, 'corruption': -1.243192195892334, 'legalchange': 1.6138361692428589, 'mobilizesecurity': -0.9002388715744019, 'purge': 1.5778722763061523, 'threaten': -0.7782444953918457, 'raid': -1.9326163530349731, '-999': 8.831270217895508}}","{'result': 'Yes', 'model_outputs': {'Yes': 0.8420758843421936, 'No': -0.7003874182701111}}","-999","-999","-999","-999","","[]","No","Kosovo"
"29095","4446","632a76d06213d6bff6b6cbbf","['Peyotto Technologies']","2022-09-20 22:28:32.778",NA,"2022-08-29","Անդրադարձ է կատարվել նաև Լեռնային Ղարաբաղի շուրջ իրավիճակին:","https%3A%2F%2F168.am%2F2022%2F08%2F29%2F1755392.html.json","https://168.am/wp-content/uploads/2022/04/Nikol-Putin-4.jpg","hy","Նիկոլ Փաշինյանը հեռախոսազրույց է ունեցել Վլադիմիր Պուտինի հետ",NA,NA,"168.am","
Զրուցակիցները շնորհավորել են միմյանց Հայաստանի և Ռուսաստանի միջև Բարեկամության, համագործակցության և փոխադարձ օգնության պայմանագրի 25-ամյա հոբելյանի առիթով, որը լրանում է այսօր: Կողմերը համոզմունք են հայտնել, որ այսուհետ ևս հայ-ռուսական դաշնակցային փոխշահավետ հարաբերությունները տարբեր ոլորտներում կշարունակեն արդյունավետ կերպով զարգանալ ու ամրապնդվել:
Նիկոլ Փաշինյանը և Վլադիմիր Պուտինը մտքեր են փոխանակել հայ-ռուսական օրակարգային մի շարք հարցերի շուրջ:
Անդրադարձ է կատարվել նաև Լեռնային Ղարաբաղի շուրջ իրավիճակին:
Մասնավորապես, ընդգծվել է 2020 թվականի նոյեմբերի 9-ի, 2021 թվականի հունվարի 11-ի և նոյեմբերի 26-ի եռակողմ պայմանավորվածությունների հետևողական իրականացման կարևորությունը:
","https://168.am/2022/08/29/1755392.html","Direct2","True","8","2022","en","The rapporteurs thanked each other for the 25th anniversary of the social, cooperation and mutual assistance agreement between Ireland and Russia, which is complete today.","Nicole Pashana had a telephone call with Vladimir Putin","{'event_type': 'diplomatic_visit', 'model_outputs': {'-999': -0.4986158013343811, 'arms_transfer_security_aid_assistance': -0.3330253064632416, 'bribery_economic_corruption': -0.6725690960884094, 'diaspora_activation': -0.21802201867103577, 'diplomatic_mediation': 0.3357716500759125, 'diplomatic_recognition': -0.1710258275270462, 'diplomatic_sanction': 0.5643504858016968, 'diplomatic_statement': 1.756413221359253, 'diplomatic_visit': 9.286173820495605, 'economic_aid_assistance': -1.5727488994598389, 'intelligence_counterintelligence': -0.6465272903442383, 'investment': -0.9103917479515076, 'joint_security_force_exercise': -0.18627256155014038, 'media_campaign_intervention': -0.32724064588546753, 'social_academic_cultural_activity': -0.6154019832611084, 'political_process_policy_intervention': -0.20774437487125397, 'professional_cultural_exchange': 0.10358017683029175, 'security_cooperation': 1.8838664293289185, 'security_force_facility_presence': -0.3683536946773529, 'official_security_force_facility_presence': -0.1904512643814087, 'surveillance': -1.4328184127807617, 'tech_transfer_investment': -0.24293236434459686, 'trade_agreement_exchange': -0.4923737049102783, 'trade_financial_sanction': -0.1193133220076561, 'transnational_organization_crime': -1.7131848335266113}}","{'IRL': ['Ireland'], 'RUS': ['Russian Federation']}","{'event_type': '-999', 'model_outputs': {'arrest': -0.8965224623680115, 'protest': -0.24414658546447754, 'legalaction': -1.8736464977264404, 'disaster': 0.3711563050746918, 'censor': -1.282990574836731, 'electionactivity': 2.108363151550293, 'electionirregularities': -1.0649433135986328, 'activism': -1.422852635383606, 'martiallaw': -0.8634122610092163, 'cooperate': 4.9690375328063965, 'coup': -1.4484102725982666, 'violencenonlethal': -0.5524609088897705, 'violencelethal': -0.2625243365764618, 'corruption': -1.0287137031555176, 'legalchange': -0.5368567705154419, 'mobilizesecurity': -0.9931055307388306, 'purge': -0.1467609405517578, 'threaten': -0.042377132922410965, 'raid': -1.8541327714920044, '-999': 7.524880409240723}}","{'result': 'Yes', 'model_outputs': {'Yes': 0.8562725782394409, 'No': -0.7137595415115356}}","","-999","diplomatic_mediation","","","","","Armenia"
"61796","713","63da97f25656748c1e20a254","['Hvg Kiadó Zrt.', 'Túry Gergely', 'Mti Hvg.Hu']","2023-02-01 11:48:50.581",NA,"2022-02-26","Túry Gergely felvételei.","https%3A%2F%2Fhvg.hu%2Fvilag%2F20220226_kijev_kepgaleria.json","https://images.hvg.hu/image.jpg?id=053f9320-d079-4b7f-9713-c2dd596dc9a1&view=7fcefbf8-ac48-4ee6-aef5-32203afa118c","hu","Így fest Kijev a hajnali orosz támadássorozat után - képgalériánk a helyszínről",NA,NA,"hvg.hu","Kiégett autók, harcra készülő helyiek - Bihari Ádám kollégánk tudósításából kiderült, a kijeviek nem adják fel városukat.

A hajnali harcok nyomai Kijev-szerte - tudósításunk az ukrán fővárosbólA város fontos közlekedési csomópontjában történt támadás helyén jártunk.


Most megérkeztek fotoriporterünk, Túry Gergely fényképei is a helyszínről:







                                © Túry Gergely











                                © Túry Gergely











                                © Túry Gergely











                                © Túry Gergely











                                © Túry Gergely











                                © Túry Gergely











                                © Túry Gergely











                                © Túry Gergely











                                © Túry Gergely











                                © Túry Gergely","https://hvg.hu/vilag/20220226_kijev_kepgaleria","Direct2","True","2","2022","en","Burned cars, locals preparing to fight - our colleague Ádám Bihari revealed that the Kievers would not give up their city.The trails of the early battles throughout Kiev - our report from the Ukrainian capitalWe were at the site of the attack at the important transport hub of the city.","This is what Kiev looks like after a series of Russian attacks in the morning - our gallery from the scene","{'event_type': 'surveillance', 'model_outputs': {'-999': -0.30129721760749817, 'arms_transfer_security_aid_assistance': -0.8189809322357178, 'bribery_economic_corruption': -1.3445359468460083, 'diaspora_activation': -1.0425629615783691, 'diplomatic_mediation': -0.2894846498966217, 'diplomatic_recognition': -2.3884854316711426, 'diplomatic_sanction': -1.4218230247497559, 'diplomatic_statement': 5.398677825927734, 'diplomatic_visit': -0.4289170205593109, 'economic_aid_assistance': -1.2634668350219727, 'intelligence_counterintelligence': -0.37400349974632263, 'investment': -0.7289835810661316, 'joint_security_force_exercise': -1.3237247467041016, 'media_campaign_intervention': 0.455312043428421, 'social_academic_cultural_activity': -0.1718534529209137, 'political_process_policy_intervention': -0.12820951640605927, 'professional_cultural_exchange': -1.005534052848816, 'security_cooperation': 0.5200730562210083, 'security_force_facility_presence': 1.8262690305709839, 'official_security_force_facility_presence': -1.173970341682434, 'surveillance': 5.798816680908203, 'tech_transfer_investment': 0.5646226406097412, 'trade_agreement_exchange': -1.033805012702942, 'trade_financial_sanction': 0.46134084463119507, 'transnational_organization_crime': -0.8197481632232666}}","{'UKR': ['Kyiv']}","{'event_type': 'violencenonlethal', 'model_outputs': {'arrest': -0.6833703517913818, 'protest': -0.020499899983406067, 'legalaction': -0.6048799157142639, 'disaster': -0.4896724820137024, 'censor': -1.31882643699646, 'electionactivity': -0.6289826035499573, 'electionirregularities': -1.491839051246643, 'activism': -0.44913116097450256, 'martiallaw': -1.413196086883545, 'cooperate': -1.3653736114501953, 'coup': -0.258347749710083, 'violencenonlethal': 6.656680107116699, 'violencelethal': 0.9364979267120361, 'corruption': -0.9938163757324219, 'legalchange': -1.5175340175628662, 'mobilizesecurity': 0.006279490888118744, 'purge': -1.8668129444122314, 'threaten': 0.26887622475624084, 'raid': -0.15204662084579468, '-999': 5.67425012588501}}","{'result': 'Yes', 'model_outputs': {'Yes': 0.987199068069458, 'No': -0.8486739993095398}}","","","","","","","","Hungary"
"40892","2446","628c821280d31e443315eeaa","['Լիլիթ Հարությունյան']","2022-05-24 02:58:26.243",NA,"2022-03-10 09:04:21","Amazon Web Services ծառայությունը նաև հրաժարվել է գրանցել նոր օգտատերերի Ռուսաստանից և Բելառուսից։","https%3A%2F%2Fwww.azatutyun.am%2Fa%2F31746067.html.json","https://gdb.rferl.org/00db0000-0a00-0242-7cb8-08d9be4a79d1_cx0_cy8_cw0_w1200_r1.jpg","hy","Amazon-ը դադարեցնում է ապրանքների առաքումը Ռուսաստան և Բելառուս",NA,NA,"azatutyun.am","
Ամերիկյան խոշորագույն ընկերություններից մեկը՝ Amazon-ը, դադարեցրել է ապրանքների առաքումը Ռուսաստան և Բելառուս։ Այս մասին հաղորդվում է ընկերության կայքում։
Amazon Web Services ծառայությունը նաև հրաժարվել է գրանցել նոր օգտատերերի Ռուսաստանից և Բելառուսից։
Ուկրաինա ռուսական ներխուժման սկզբից ի վեր ավելի քան 300 արտասահմանյան ընկերություններ հայտարարել են, որ սահմանափակում կամ դադարեցնում են իրենց աշխատանքը Ռուսաստանի հետ:
 








 


ԿԱՐԴԱՑԵՔ ՆԱԵՎ


Աշխարհի խոշորագույն ընկերությունները լքում են Ռուսաստանը կամ դադարեցնում բիզնեսը ռուսական ընկերությունների հետ





 
","https://www.azatutyun.am/a/31746067.html","Direct2","True","3","2022","en","One of the largest companies in the United States, Amazon, has stopped the production of goods by Russia and Belarus. This is what is happening on the company's website. The Amazon Web Services service has also been refused to register new uses.","Amazon is stopping the production of food in Russia and Belarus.","{'event_type': 'trade_financial_sanction', 'model_outputs': {'-999': -0.8171765804290771, 'arms_transfer_security_aid_assistance': -0.41621121764183044, 'bribery_economic_corruption': 0.21850961446762085, 'diaspora_activation': -0.3362399637699127, 'diplomatic_mediation': -0.545748770236969, 'diplomatic_recognition': -1.1380881071090698, 'diplomatic_sanction': 1.015311598777771, 'diplomatic_statement': 0.23308733105659485, 'diplomatic_visit': -0.5786081552505493, 'economic_aid_assistance': 1.8429207801818848, 'intelligence_counterintelligence': -0.7757900953292847, 'investment': 1.941577672958374, 'joint_security_force_exercise': -1.2049622535705566, 'media_campaign_intervention': -0.06314431130886078, 'social_academic_cultural_activity': -1.2580578327178955, 'political_process_policy_intervention': -2.0504279136657715, 'professional_cultural_exchange': -0.17892959713935852, 'security_cooperation': -0.1384127289056778, 'security_force_facility_presence': -1.2731242179870605, 'official_security_force_facility_presence': -0.489570289850235, 'surveillance': -1.0792922973632812, 'tech_transfer_investment': 1.714174747467041, 'trade_agreement_exchange': 0.6494200229644775, 'trade_financial_sanction': 4.004744529724121, 'transnational_organization_crime': 0.4800352454185486}}","{'RUS': ['Russian Federation'], 'BLR': ['Republic of Belarus'], 'USA': ['United States'], 'BRA': ['Amazon River']}","{'event_type': '-999', 'model_outputs': {'arrest': -0.5498907566070557, 'protest': -0.8407341241836548, 'legalaction': -0.5599077939987183, 'disaster': 0.2759632170200348, 'censor': 0.9635106325149536, 'electionactivity': -0.5036747455596924, 'electionirregularities': -1.4619494676589966, 'activism': 0.011716384440660477, 'martiallaw': -0.5479297637939453, 'cooperate': 0.4225980043411255, 'coup': -1.472733497619629, 'violencenonlethal': -0.46421968936920166, 'violencelethal': -0.9244266748428345, 'corruption': -0.09982068836688995, 'legalchange': 0.6128471493721008, 'mobilizesecurity': -0.3509320020675659, 'purge': -0.35743448138237, 'threaten': -0.1098569929599762, 'raid': -0.8202337622642517, '-999': 9.706624031066895}}","{'result': 'No', 'model_outputs': {'Yes': -2.1479837894439697, 'No': 1.6159206628799438}}","","","","","","","","Armenia"
"60645","1866","632ce1b52cc5f09f0ab4efb5","[]","2022-09-22 18:29:09.737",NA,"2022-06-19 15:50:00","Egy több mint félszáz ukrán tábornok és tiszt életét követelő Kalibr-csapásról és Szeverodoneck körüli előrenyomulásáról számolt be Igor Konasenkov altábornagy, az orosz védelmi minisztérium szóvivője a vasárnapi hadijelentést ismertetve.","https%3A%2F%2Fdemokrata.hu%2Fvilag%2Fukran-vesztesegekrol-szamolt-be-az-orosz-katonai-szovivo-546437%2F.json","https://demokrata.hu/wp-content/uploads/2022/06/1200x630/KEPA202206131821.jpg","hu","Ukrán veszteségekről számolt be az orosz katonai szóvivő",NA,NA,"demokrata.hu","Egy több mint félszáz ukrán tábornok és tiszt életét követelő Kalibr-csapásról és Szeverodoneck körüli előrenyomulásáról számolt be Igor Konasenkov altábornagy, az orosz védelmi minisztérium szóvivője a vasárnapi hadijelentést ismertetve. Konasenkov szerint Szeverodonecknél luhanszki „népi milícia” orosz támogatással felszabadította Metyelkine falut. Közölte, hogy Liszicsanszk térségében ukrán katonák az alacsony harci morál, a lőszer és az utánpótlás hiánya miatt elhagyták nehézfegyverzetüket és állásaikat. Rogyion Mirosnyik, a „Luhanszki Népköztársaság” moszkvai nagykövete vasárnapi Telegram-bejegyzésében az írta, hogy az Ajdar ukrán „nacionalista” alakulat parancsnokai és harcosai adták meg magukat Metyelkinében, az Azot vegyizüzemben körülzárt ukrán erők pedig jelezték, hogy készek a tárgyalások folytatására. Ramzan Kadirov csecsen vezető azzal vádolta meg a létesítményben lévő ukrán erőket, hogy a civileknek, akiket maguk mellett tartanak, nem szóltak, hogy napok óta szabadon elvonulhatnának a számukra megnyitott humanitárius folyosón. Mirosnyik azt írta, hogy a magaslaton fekvő szomszédos Liszicsanszk peremkerületeire, ahonnan az ukrán erők tűz alatt tartják a környező településeket, az orosz erők súlyos csapásokat mérnek, a „terroristák” pedig súlyos veszteségeket szenvedtek el Beresztovében, Szpornéban, Volcsojarivkában és a liszicsanszki ipari zónában, az kőolajfinomító területén. Beszámolója értelmében a szakadárok „jelentősen” előrenyomultak Artemivszk (2015 óta Bahmut) irányába és hét kilométerre közelítették meg a várost. A Popaszna irányában lévő Zolotében utcai harcokat folytatnak, bekerítettek egy ukrán csoportosulást Hirszkében, valamint behatoltak Nirkovébe és Mikolajivkába. A diplomata a Szolovjov.Live csatornán azt mondta, hogy Liszicsanszkban egy 5-8 ezer fős ukrán csoportosulás lehet.  Konasenkov kijelentette, hogy tengeri indítású Kalibr manőverező robotrepülőgépek csapást mértek egy ukrán vezetési pontra Dnyipropetrovszk megyei Siroka Dacsa falunál, amikor az Alexandria operatív-stratégiai erő csoportosulás parancsnoki állománya éppen ott tartott munkamegbeszélést. Bejelentette, hogy az ukrán fegyveres erők több mint ötven tábornoka és tisztje életét vesztette, köztük a vezérkar, a Kahovka csoportosulás, a légideszant rohamegységek, valamint Mikolajiv és a Zaporizzsja irányában harcoló alakulatok parancsnokságának tagjai. Ugyancsak Kalibr-csapás semmisített meg a tábornok szerint a mikolajivi transzformátorgyár területén tíz 155 milliméteres M777-es amerikai tarackot és mintegy húsz harcjárművet, amelyet Nyugatról az elmúlt tíz napban szállítottak a „kijevi rezsimnek”. A szóvivő azt mondta, hogy precíziós levegő-föld rakéták találták el az ukrán 14. önálló gépesített dandár 1. zászlóaljának Volodimir-Volinszki városból a Donyec-medencei harci övezetbe érkező, személyzetet, fegyverzetet és hadfelszerelést szállító vonatát, aminek következtében több mint száz katona életét vesztette, 30 harckocsi és páncélozott harcjármű pedig megsemmisült a Dnyipropetrovszk megyei Gubiniha vasútállomás kirakodási pontjánál. A „Donyecki Népköztársaságban” lévő Szelidovénél az ukrán 56. gépesített gyalogsági dandár szenvedett el csapást, aminek következtében mintegy kétszázan – köztük külföldi zsoldosok – életüket vesztették, két Grad rakétasorozatvető, tíz gyalogsági harcjármű és páncélozott személyszállító pedig üzemképtelenné vált. Donyecknél az ütegelhárítás hét tüzelőállásban lévő Grad-szakaszt és egy tüzérségi szakaszt semmisített meg. A harcászati légierő gépei eltaláltak négy rakéta- és tüzérségi fegyverraktárt, és egy Buk-M1 légvédelmi rakétaindítót, a rakéta- és a tüzérségi csapatok pedig 22 vezetési posztot, 48 lőállásban lévő tüzérségi egységet, 123 élőerő- és hadfelszerelés-összpontosulást, valamint Iszkander rakétákkal két, a harkivi harckocsijavító üzemben lévő Uragan rakétasorozatvetőt likvidáltak. Az elmúlt nap folyamán Konasenkov szerint a légi-, rakéta- és tüzérségi csapások következtében több mint négyszáz „nacionalista” életét vesztette, tíz harckocsi és egyéb páncélozott harcjármű, 11 tüzérségi löveg, 11 rakétasorozatvető és 28 speciális katonai jármű pedig megsemmisült. A légvédelem lelőtt egy Szu-25-ös repülőgépet, nyolc drónt, három Tocska-U és két Uragan rakétát. Az orosz védelmi tárca összesítése szerint az ukrán fegyveres erők a háború kezdete óta 207 repülőgépet, 132 helikoptert, 1249 drónt, 344 légvédelmi rakétarendszert, 3683 harckocsit és egyéb páncélozott harcjárművet, 562 rakétasorozatvetőt, 2043 tüzérségi löveget és aknavetőt, valamint 3715 különleges katonai járművet veszítettek. Konasenkov az emberveszteségek miatt harcba küldött katonai személyzet gyenge kiképzettségének tulajdonította, hogy két ukrán Szu-25-ös szombaton ukrán egységek állásait támadta Dnyipropetrovszk megyei Siroke falu közelében. Mihail Mizincev vezérezredes, a humanitárius reagálásért felelős oroszországi tárcaközi koordinációs parancsnokság és a Nemzeti Védelmi Irányító Központ vezetője a szombat éjjel kiadott nyilatkozatában azt állította, hogy Mikolajivban az ukrán különleges szolgálatok több mint 40 statiszta bevonásával megrendezett jeleneteket készülnek leforgatni, azt bizonyítandó, hogy az orosz fegyveres erők válogatás nélkül lövik a magánházakat. A tábornok szerint a lejárató videó szereplőinek fejenként 25 dollár honoráriumot fizettek. A donyecki hatóságok vasárnap reggeli bejelentése szerint a „népköztársaságban” az elmúlt nap folyamán hét civil életét vesztette, 24 pedig megsebesült. Helyszíni jelentések szerint Donyeck lakónegyedeinek ágyúzása és rakétázása vasárnap is folytatódott.","https://demokrata.hu/vilag/ukran-vesztesegekrol-szamolt-be-az-orosz-katonai-szovivo-546437/","Direct2","True","6","2022","en","Lt. Igor Konasenkov, spokesperson of the Russian Ministry of Defence, reported on a calibration strike demanding the lives of more than half a hundred Ukrainian generals and officers. Konasenkov said that at Severodoneck he released the village of Metyelkine with Russian support.","Ukrainian losses reported by Russian military spokesman","{'event_type': '-999', 'model_outputs': {'-999': -0.328910231590271, 'arms_transfer_security_aid_assistance': 1.9981569051742554, 'bribery_economic_corruption': -1.1494578123092651, 'diaspora_activation': -0.1653921753168106, 'diplomatic_mediation': -0.9717746376991272, 'diplomatic_recognition': -1.6505478620529175, 'diplomatic_sanction': -0.664983332157135, 'diplomatic_statement': 2.925541639328003, 'diplomatic_visit': -0.5786372423171997, 'economic_aid_assistance': -0.5599393844604492, 'intelligence_counterintelligence': -0.9152501225471497, 'investment': -1.5961835384368896, 'joint_security_force_exercise': 2.128350019454956, 'media_campaign_intervention': -0.7664344310760498, 'social_academic_cultural_activity': -0.35256198048591614, 'political_process_policy_intervention': -2.304635763168335, 'professional_cultural_exchange': -1.078997254371643, 'security_cooperation': 4.577794551849365, 'security_force_facility_presence': 5.060047149658203, 'official_security_force_facility_presence': -1.36069655418396, 'surveillance': 0.6474474668502808, 'tech_transfer_investment': -1.1294524669647217, 'trade_agreement_exchange': -0.8078078627586365, 'trade_financial_sanction': 0.09606830775737762, 'transnational_organization_crime': -1.0201202630996704}}","{'UKR': ['Syevyerodonets’k']}","{'event_type': 'violencelethal', 'model_outputs': {'arrest': -1.4994354248046875, 'protest': -0.5864236354827881, 'legalaction': -0.9105373024940491, 'disaster': 1.3387738466262817, 'censor': -0.46835803985595703, 'electionactivity': -0.732016921043396, 'electionirregularities': -1.5741174221038818, 'activism': -1.0987417697906494, 'martiallaw': -1.299147367477417, 'cooperate': -1.399259090423584, 'coup': -0.1564265638589859, 'violencenonlethal': 1.7851245403289795, 'violencelethal': 6.909069538116455, 'corruption': -0.8378798961639404, 'legalchange': -1.3321282863616943, 'mobilizesecurity': -0.02543705701828003, 'purge': 0.26203787326812744, 'threaten': -1.722639799118042, 'raid': -0.7944390773773193, '-999': 4.659999370574951}}","{'result': 'Yes', 'model_outputs': {'Yes': 0.9841221570968628, 'No': -0.8446847796440125}}","",NA,"","",NA,"","","Hungary"
"57342","142","632cbc8e12cdeb858345bea9","['Molnár Zoltán', 'Nem Követem']","2022-09-22 15:50:38.113",NA,"2021-10-14 14:40:19","A magyar külügyminiszter Moszkvában tette meg a nagy bejelentést.","https%3A%2F%2F24.hu%2Fkulfold%2F2021%2F10%2F14%2Fszijjarto-peter-szputnyik-v-vakcina-technoligia-atadas%2F.json","https://s.24.hu/app/uploads/2021/10/d_noe20211007019-1-e1634215108977-1024x575_wm.jpg","hu","Szijjártó: Az oroszok átadják a Szputnyik-technológiát",NA,NA,"24.hu","A magyar külügyminiszter Moszkvában tette meg a nagy bejelentést. A debreceni vakcinagyár állíthat majd elő orosz vakcinát, amit talán egyszer a WHO is elismer.
Még mindig nem tudni, mikor lesz EU-s engedélye a Szputnyik-V-nek
Kész az új Szputnyik V, de egyelőre nem vetik be
Létrejött a politikai megállapodás arról, hogy Magyarország még idén megkapja az orosz Szputnyik koronavírus elleni vakcina gyártásához szükséges technológiát a jelenleg épülő Nemzeti Oltóanyaggyár számára – közölte a tárca szerint Szijjártó Péter külgazdasági és külügyminiszter csütörtökön Moszkvában.
Az MTI híre szerint a tárcavezető a Mihail Murasko orosz egészségügyi miniszterrel folytatott tárgyalása után kijelentette, Magyarország kifejezetten jól járt azzal, hogy magas szintű egészségügyi együttműködést alakított ki Oroszországgal. Mint mondta, a kormány ennek köszönhetően vásárolhatott egymillió ember egészségének és életének megóvásához szükséges vakcinát, ami jelentősen hozzájárult ahhoz, hogy tavasszal Magyarország folytatta le a leggyorsabb oltási kampányt Európában.
Most megállapodtunk abban, hogy az oltóanyagokkal kapcsolatos együttműködést új, magasabb dimenzióba léptetjük
– jelentette be, miután csütörtökön Moszkvában politikai megegyezés született a Szputnyik gyártásához szükséges technológiatranszfer idei lebonyolításáról. Kiemelte, hogy az orosz vakcinára világszerte nagy a kereslet, így Magyarországnak komoly gazdasági érdeke fűződik ahhoz, hogy kivegye a részét a készítmény gyártásából, és ezáltal globális piacra lépéséből.
Mihail Murasko azt mondta Szijjártó Péternek, hogy felgyorsul az Egészségügyi Világszervezet (WHO) eljárása a Szputnyik-vakcina elismerésére. Az orosz kormány ugyanis szerdán írja alá azt a megállapodást a szervezettel, aminek alapján lebonyolítják ezt az eljárást. A magyar külügyminiszter szerint Magyarország pozitív tapasztalatokat szerzett az orosz oltóanyag alkalmazása terén, és a WHO eljárása során szívesen bocsátja rendelkezésre az erről szóló adatokat.
A Hvg.hu arról ír ennek kapcsán, hogy a WHO és az Európai Gyógyszerügynökség (EMA) még szeptember közepén azt közölte, nem adják ki az ideiglenes forgalomba hozatali engedélyt a Szputnyikra. Ennek oka az volt, hogy korábban több gyártási szabálytalanságra is bukkantak. Amennyiben egy újabb bejárás során mindent rendben találnak, zöld utat kaphat az orosz vakcina.","https://24.hu/kulfold/2021/10/14/szijjarto-peter-szputnyik-v-vakcina-technoligia-atadas/","Direct2","True","10","2021","en","The Hungarian Foreign Minister made the big announcement in Moscow. The vaccine factory in Debrecen will be able to produce a Russian vaccine, which may once be recognised by the WHO. There is still no way to know when Sputnik-V will have an EU license. The new Sputnik V will be ready, but will not be used yet. A political agreement has been reached that Hungary will receive the technology needed to produce the Russian Sputnik Crown Virus vaccine this year.","Szijjártó: Russians hand over Sputnik technology","{'event_type': 'media_campaign_intervention', 'model_outputs': {'-999': -0.3986179530620575, 'arms_transfer_security_aid_assistance': -1.2502808570861816, 'bribery_economic_corruption': -1.1585429906845093, 'diaspora_activation': -0.20085972547531128, 'diplomatic_mediation': -1.277504563331604, 'diplomatic_recognition': -1.115377426147461, 'diplomatic_sanction': -0.660412073135376, 'diplomatic_statement': -1.2645679712295532, 'diplomatic_visit': -0.6628458499908447, 'economic_aid_assistance': -0.49250873923301697, 'intelligence_counterintelligence': 1.6125621795654297, 'investment': -0.044244393706321716, 'joint_security_force_exercise': -0.25647538900375366, 'media_campaign_intervention': 8.176607131958008, 'social_academic_cultural_activity': -0.19794434309005737, 'political_process_policy_intervention': -0.023473024368286133, 'professional_cultural_exchange': -0.05943281948566437, 'security_cooperation': -0.06611339747905731, 'security_force_facility_presence': -0.27028006315231323, 'official_security_force_facility_presence': -0.5596951246261597, 'surveillance': 2.9045917987823486, 'tech_transfer_investment': 0.5247427821159363, 'trade_agreement_exchange': -0.9314343333244324, 'trade_financial_sanction': -0.43093085289001465, 'transnational_organization_crime': -0.570553719997406}}","{'HUN': ['Hungary', 'Debrecen'], 'RUS': ['Moscow']}","{'event_type': '-999', 'model_outputs': {'arrest': -0.3073931336402893, 'protest': -1.158336877822876, 'legalaction': -0.06787051260471344, 'disaster': -0.7371106147766113, 'censor': -0.6455106139183044, 'electionactivity': -0.028475947678089142, 'electionirregularities': -1.2447783946990967, 'activism': -0.5786891579627991, 'martiallaw': -1.4785363674163818, 'cooperate': 1.682145118713379, 'coup': -1.0656794309616089, 'violencenonlethal': 0.1449296772480011, 'violencelethal': -1.5747637748718262, 'corruption': 0.6963335275650024, 'legalchange': 0.2285982072353363, 'mobilizesecurity': -0.37455785274505615, 'purge': -0.7457912564277649, 'threaten': 0.01090162992477417, 'raid': -0.46516430377960205, '-999': 9.41838264465332}}","{'result': 'No', 'model_outputs': {'Yes': -1.3503249883651733, 'No': 0.9001396894454956}}","media_campaign_intervention","-999","media_campaign_intervention","-999","","['Russia', 'Moscow']","No","Hungary"
"110454","3664","62aa310aeafeb46f0976038a","['Merve Arkan']","2022-06-15 15:20:35.309",NA,"2022-06-03 10:17:13","Rusya’nın Ukrayna işgali 100’üncü güne girerken Donbas’ta çatışmalar şiddetleniyor - Rusya’nın 24 Şubat’ta başlayan ve tüm dünyanın gözünün bölgeye dönmesine yol açan Ukrayna işgali 100 gündür devam ediyor. Büyük yıkıma yol açan savaş, son günlerde ülkenin doğusundaki Donbas’ta şiddetini artırıyor. Ülkenin yüzde 20’sinin Rus işgali altında olduğunu söyleyen Ukrayna Devlet Başkanı Zelenskiy, “İşgal altındaki bölgelerin tamamı bir felaket bölgesine dönüştü” dedi ve Batılı ülkelere silah sevkiyatını artırma çağrısı yaptı.","https%3A%2F%2Fwww.sozcu.com.tr%2F2022%2Fdunya%2Frusyanin-ukrayna-isgali-100uncu-gune-girerken-donbasta-catismalar-siddetleniyor-7172110%2F.json","https://i01.sozcucdn.com/wp-content/uploads/2022/06/03/iecrop/savas2-reuters_16_9_1654239866-670x371.jpg","tr","Rusya’nın Ukrayna işgali 100’üncü güne girerken Donbas’ta çatışmalar şiddetleniyor",NA,NA,"sozcu.com.tr","Rusya’nın Ukrayna işgali 100’üncü güne girerken Donbas’ta çatışmalar şiddetleniyor
Rusya’nın 24 Şubat’ta başlayan ve tüm dünyanın gözünün bölgeye dönmesine yol açan Ukrayna işgali 100 gündür devam ediyor. Büyük yıkıma yol açan savaş, son günlerde ülkenin doğusundaki Donbas’ta şiddetini artırıyor. Ülkenin yüzde 20’sinin Rus işgali altında olduğunu söyleyen Ukrayna Devlet Başkanı Zelenskiy, “İşgal altındaki bölgelerin tamamı bir felaket bölgesine dönüştü” dedi ve Batılı ülkelere silah sevkiyatını artırma çağrısı yaptı.
Sozcu.com.tr
Yazıları büyüt
Yazıları küçült
Standart boyut
Rusya'nın dünyada büyük tepki çeken Ukrayna işgali bugün 100'üncü güne girdi.
Rusya Devlet Başkanı Vladimir Putin'in Ukrayna'nın doğusundaki ayrılıkçı Luhansk ve Donetsk halk cumhuriyetlerini tanıyarak Ukrayna'ya “özel operasyon” başlatma kararı, tüm dünyanın gözünü bölgeye çevirmesine neden oldu. 100 gündür süren ve 2’nci Dünya Savaşı'ndan sonra Avrupa'da yaşanan en büyük çatışmalardan biri savaş Ukrayna'da binlerce kişinin ölümüne, büyük yıkıma ve milyonlarca kişinin mülteci durumuna düşmesine yol açtı.
Türkiye'nin de arabuluculuğunda iki ülke arasında başlayan ateşkes görüşmelerindeyse önemli bir ilerleme sağlanamadı.
“UKRAYNA’NIN YÜZDE 20’Sİ İŞGAL ALTINDA”
Nisan ayında başkent Kiev ve çevresindeki bölgelerden geri çekilen Rus ordusu, kısa bir süre sonra ayrılıkçıların bulunduğu Donbas bölgesine büyük bir taarruz başlatmıştı. Son günlerde şiddetli çatışmaların yaşandığı bölgede büyük yıkım yaşanıyor.
Şu anda ülkenin yüzde 20'sinin Rus işgali altında olduğunu söyleyen Ukrayna Devlet Başkanı Volodimir Zelenskiy, özellikle stratejik öneme sahip Severodonetsk kenti ve çevresinin çatışmalar nedeniyle harabeye döndüğünü belirtti. Dün gece yaptığı açıklamada “Ülkemizin işgal altındaki bölgelerinin tamamı bir felaket bölgesine dönüştü ve bunu tek sorumlusu Rusya” ifadelerini kullanan Zelenskiy, Batılı ülkelere silah sevkiyatını artırma çağrısı yaptı.
Luhansk Valisi Sergey Gayday, Rus bombardımanı nedeniyle Severodonetsk'te 9 binanın yerle bir olduğunu ve sivillerin hayatını kaybettiğini aktardı. Gayday, Luhanks'ta savaş boyunca yaklaşık 70 okul, 50 kreş, 33 hastane ve 200'den fazla kliniğin büyük hasar gördüğünü ifade etti.
“RUSYA TEMEL HEDEFLERİNE ULAŞAMADI”
Birleşmiş Milletler verilerine göre savaşın başladığı 24 Şubat'tan bu yana Ukrayna'da 4 bin 169 sivil hayatını kaybetti, 4 bin 982 sivil de yaralandı. Asıl rakamın bunun çok üzerinde olabileceği belirtiliyor.
İngiltere Savunma Bakanlığı, savaşın 100'üncü günü için yayınladığı raporda, Rusya'nın işgalde Kiev'i ve büyük kentleri ele geçirme yönündeki ana hedeflerini başaramadığını, ancak Donbas'ta taktik başarılar kazandığını bildirdi. Rusya geçen ay stratejik liman kenti Mariupol’de kontrolü sağladığını duyurmuştu.
PASİFİK’TE TATBİKAT
Ukrayna'da savaş doğuda şiddetini artırırken Rusya, binlerce kilometre uzaklıktaki Pasifik bölgesinde de bir hafta sürecek kapsamlı bir askeri tatbikata başladı. Tatbikat, Ukrayna işgali sonrası Rusya'ya ağır yaptırım uygulayan Japonya'ya gözdağı olarak görülüyor.
Bu arada savaş sonrasında Rusya'ya art arda yaptırımları hayata geçiren Batılı ülkeler, Moskova üzerinde baskının artırılması için çabaları sürdürüyor. ABD Dışişleri Bakanlığı Müsteşar Yardımcısı Uzra Zeya, dün Birleşmiş Milletler toplantısında yaptığı konuşmada Rusya'nın işlediği savaş suçlarından dolayı yargılanması için ABD'nin müttefikleriyle beraber çalışmaya devam ettiğini söyledi. Zeya, Ukrayna'da olası savaş suçlarıyla ilgili incelemeleri sonuna kadar destekleyeceklerini ifade etti.
ABD Başkanı Joe Biden, Ukrayna'ya gelişmiş füze sistemi gönderilmesine de onay vermiş, bu adım Rusya'nın tepkisine yol açmıştı. Biden, dün NATO Genel Sekreteri Jens Stoltenberg'le yaptığı görüşmede NATO’nun bölgedeki gücünün artırılmasıyla ilgili konuları ele aldı.
ABD, son olarak da Rusya Devlet Başkanı Putin’e yakın olan Rus elitlerini ve Putin ile bağlantısı olan yatları hedef alan yeni yaptırımları duyurdu.
İlginizi Çekebilir Rusya ve BM, Karadeniz üzerinden tahıl sevkiyatını görüştü
İlginizi Çekebilir Rusya'dan 'Ukrayna'yı ilhak' sinyali
İlginizi Çekebilir Rusya kimyasal tesis vurdu: Gökyüzü bir anda turuncuyla kaplandı","https://www.sozcu.com.tr/2022/dunya/rusyanin-ukrayna-isgali-100uncu-gune-girerken-donbasta-catismalar-siddetleniyor-7172110/","","True","6","2022","en","As the Russian invasion of Ukraine entered into the 100th day of the Ukrainian occupation, the conflict rages in Donbas. The Ukrainian invasion of Ukraine, which began on February 24th and led to the turning of the world's eyes to the region, has been going on for 100 days. The war, which has led to great destruction, has increased its violence in the country's eastern part of the country. Ukrainian President Zelanskiy, who said 20 per cent","As Russia's Ukrainian occupation enters the 100th day, the conflict is raging in Donbas.","{'event_type': '-999', 'model_outputs': {'-999': -0.15439805388450623, 'arms_transfer_security_aid_assistance': -1.3216363191604614, 'bribery_economic_corruption': -1.2775052785873413, 'diaspora_activation': 0.06681913137435913, 'diplomatic_mediation': 0.4360186457633972, 'diplomatic_recognition': -0.1927335560321808, 'diplomatic_sanction': -0.9886695146560669, 'diplomatic_statement': 5.967655658721924, 'diplomatic_visit': 0.21826186776161194, 'economic_aid_assistance': -1.0390920639038086, 'intelligence_counterintelligence': -0.6661198139190674, 'investment': -0.20740456879138947, 'joint_security_force_exercise': -1.2045034170150757, 'media_campaign_intervention': -0.7424386143684387, 'social_academic_cultural_activity': -0.026809219270944595, 'political_process_policy_intervention': 0.4074203670024872, 'professional_cultural_exchange': -1.0872571468353271, 'security_cooperation': 0.5362278819084167, 'security_force_facility_presence': 5.97896146774292, 'official_security_force_facility_presence': -0.8866667747497559, 'surveillance': -0.6134597063064575, 'tech_transfer_investment': -0.7674943208694458, 'trade_agreement_exchange': -1.8033838272094727, 'trade_financial_sanction': -1.9346771240234375, 'transnational_organization_crime': -0.5669808387756348}}","{'RUS': ['Russian Federation'], 'UKR': ['Ukraine', 'Novyy Donbas']}","{'event_type': '-999', 'model_outputs': {'arrest': -0.6367686986923218, 'protest': -0.4443955719470978, 'legalaction': -1.0050036907196045, 'disaster': 0.2710535526275635, 'censor': -0.6648091673851013, 'electionactivity': 0.623356282711029, 'electionirregularities': -1.0040570497512817, 'activism': -0.7295466661453247, 'martiallaw': -1.1040213108062744, 'cooperate': -0.36604228615760803, 'coup': -0.32811352610588074, 'violencenonlethal': 1.6837313175201416, 'violencelethal': -0.2065972238779068, 'corruption': -0.8307895660400391, 'legalchange': -0.28128060698509216, 'mobilizesecurity': -0.3546315133571625, 'purge': -0.8347758054733276, 'threaten': -0.5045521855354309, 'raid': -1.2761189937591553, '-999': 9.695005416870117}}","{'result': 'Yes', 'model_outputs': {'Yes': 0.9964818954467773, 'No': -0.857369065284729}}","","","","","","","","Turkey"
"73023","2843","651257a2582564317fd0fe6b","[]","2023-09-26 00:01:38.032",NA,"2022-02-28 13:17:00","Presidenti rus Vladimir Putin tani është future në cep dhe kjo është e rrezikshme.

Ky pushtim i planifikuar prej kohësh ndaj fqinjit të tij nuk po shkon sipas parashikimeve të tij, megjithëse forcat e...","https%3A%2F%2Fwww.botasot.info%2Fevrope-bota%2F1769267%2Fputini-eshte-futur-ne-cep-dhe-tani-eshte-me-i-rrezikshem%2F.json","https://botasot.info/media/botasot.info/images/2022/February/28/auto_7uy1646050713.jpg","sq","Putini është futur në cep dhe tani është më i rrezikshëm",NA,NA,"botasot.info","Presidenti rus Vladimir Putin tani është future në cep dhe kjo është e rrezikshme.
 Ky pushtim i planifikuar prej kohësh ndaj fqinjit të tij nuk po shkon sipas parashikimeve të tij, megjithëse forcat e tij po bëjnë njëfarë përparimi në jug, shkruan BBC.
 Përtej kufijve të Ukrainës, reagimi ndërkombëtar ka qenë shumë më i shpejtë dhe më i ashpër se sa ai do të priste, duke shkaktuar dëme serioze në ekonominë ruse, situatë që mund të përfundojë duke kërcënuar autoritetin e tij në vend.
 Por, çfarë vjen më pas?
 Në lidhje me sanksionet, Moska do të hakmerret në një formë – ndoshta me një sulm të madh kibernetik ndaj institucioneve perëndimore.
 Por detyra e menjëhershme e Putinit është të tregojë se po fiton në Ukrainë.
 Duke përjashtuar mundësinë e pamundur për një marrëveshje paqeje, mund të presim të shohim një intensifikim të ofensivës ruse në qytetet e Ukrainës.
 Duke gjykuar nga veprimet e mëparshme ruse në Çeçeni dhe Siri, Putini do të ketë pak konsideratë për sigurinë e civilëve dhe Moska ka ende disa armë shkatërruese në dispozicion të saj që ende nuk i ka përdorur.","https://www.botasot.info/evrope-bota/1769267/putini-eshte-futur-ne-cep-dhe-tani-eshte-me-i-rrezikshem/","Direct2","True","2","2022","en","Russian President Vladimir Putin is now in the corner and this is dangerous.This long-planned invasion of his neighbour is not going according to his predictions, although his forces are making some progress in the south, writes BBC.Across Ukraine's borders, the international reaction has been much faster and tougher than he would expect, causing serious damage to the Russian economy, a situation that could end by threatening his authority in the country.","Putin's in the corner and is now more dangerous.","{'event_type': 'surveillance', 'model_outputs': {'-999': -0.37756654620170593, 'arms_transfer_security_aid_assistance': -1.2594760656356812, 'bribery_economic_corruption': -0.6588614583015442, 'diaspora_activation': -1.0728884935379028, 'diplomatic_mediation': -0.9167722463607788, 'diplomatic_recognition': -2.2270565032958984, 'diplomatic_sanction': -0.5550462007522583, 'diplomatic_statement': 2.7845451831817627, 'diplomatic_visit': -0.08282360434532166, 'economic_aid_assistance': -0.48802489042282104, 'intelligence_counterintelligence': -0.1160612404346466, 'investment': 0.20789629220962524, 'joint_security_force_exercise': -1.092721700668335, 'media_campaign_intervention': 0.6652106046676636, 'social_academic_cultural_activity': -0.3630475401878357, 'political_process_policy_intervention': -0.19147390127182007, 'professional_cultural_exchange': -0.4800030589103699, 'security_cooperation': -0.0814020112156868, 'security_force_facility_presence': -1.7287005186080933, 'official_security_force_facility_presence': -0.9265104532241821, 'surveillance': 4.901654243469238, 'tech_transfer_investment': 1.8867155313491821, 'trade_agreement_exchange': -0.7566624879837036, 'trade_financial_sanction': 2.7596726417541504, 'transnational_organization_crime': -0.5687469840049744}}","{'UKR': ['Ukraine']}","{'event_type': '-999', 'model_outputs': {'arrest': -0.9865474700927734, 'protest': -0.6478855609893799, 'legalaction': -0.7890981435775757, 'disaster': 0.07677996158599854, 'censor': -0.5569700002670288, 'electionactivity': 0.9753998517990112, 'electionirregularities': -1.2325600385665894, 'activism': -1.1880987882614136, 'martiallaw': -0.539007306098938, 'cooperate': 0.8458593487739563, 'coup': -0.3816171884536743, 'violencenonlethal': 0.3317186236381531, 'violencelethal': -1.10442054271698, 'corruption': -0.7625870704650879, 'legalchange': 0.19043877720832825, 'mobilizesecurity': -0.753235936164856, 'purge': -0.6530306339263916, 'threaten': 0.4657270610332489, 'raid': -1.493229627609253, '-999': 9.690103530883789}}","{'result': 'No', 'model_outputs': {'Yes': -1.546526312828064, 'No': 1.0651448965072632}}","","","","","","","","Kosovo"
"65451","92","63c4d263547bacb5990b4d8d","[]","2023-01-15 23:28:19.942",NA,"2021-09-30",NA,"https%3A%2F%2Fwww.caravan.kz%2Fnews%2Fputinceva-vyshla-v-polufinal-astana-open-wta-250-777098%2F.json","https://static.caravan.kz/image/600/314/609269.jpg","ru"," Путинцева вышла в полуфинал Astana Open WTA 250 - Новости | Караван",NA,NA,"caravan.kz","  В четвертьфинальном матче она встречалась с Анастасией Гасановой, передает пресс-службаФТК. Раньше они никогда не встречались, но россиянка легкой соперницей не оказалась. Во втором круге она выбила из борьбы 77-ю ракетку мира, хорватку Аню Конюх. Благодаря двум подряд двойным ошибкам на подаче Анастасии Юлия реализовала брейк-пойнт и вышла вперед. Однако в шестом гейме Гасанова вернула потерянную подачу. В конце партии Путинцева навязала свою игру оппонентке и взяла три розыгрыша, выиграв партию со счетом 6:3. Во втором сете Гасанова продолжала атаковать, стараясь не ввязываться в длительные розыгрыши. Решающий сет прошел полностью под диктовку Юлии, которая со старта сделала брейк и повела 3:0. Противостояние, продолжавшееся 2 часа и 29 минут, завершилось со счетом 6:3, 4:6, 6:0. Соперница Юлии по полуфиналу определится в поединке между 86-й ракеткой мира Ребеккой Петерсон из Швеции и 80-м номером мирового рейтинга Анастасией Потаповой из России.  ","https://www.caravan.kz/news/putinceva-vyshla-v-polufinal-astana-open-wta-250-777098/","Direct2","True","9","2021","en","In the quarter-final match, she met Anastasia Gasanova, handed over the press service to the FPCC, and they never met before, but the Russian woman was not a light rival. In the second round, she kicked out the 77th racket of the world, the Croatian Anja Conyuch.","Putin was in the semi-finals of Astana Open WTA 250.","{'event_type': 'professional_cultural_exchange', 'model_outputs': {'-999': -0.6450757384300232, 'arms_transfer_security_aid_assistance': -0.642931342124939, 'bribery_economic_corruption': -0.479388028383255, 'diaspora_activation': 0.14597152173519135, 'diplomatic_mediation': -0.9268554449081421, 'diplomatic_recognition': -0.2935774326324463, 'diplomatic_sanction': 1.5227067470550537, 'diplomatic_statement': -0.6078329086303711, 'diplomatic_visit': 1.9242976903915405, 'economic_aid_assistance': -1.2928099632263184, 'intelligence_counterintelligence': -0.7028448581695557, 'investment': -0.49486154317855835, 'joint_security_force_exercise': 0.8123124837875366, 'media_campaign_intervention': -0.05827347934246063, 'social_academic_cultural_activity': -0.4234495759010315, 'political_process_policy_intervention': -0.5223121643066406, 'professional_cultural_exchange': 7.311908721923828, 'security_cooperation': -0.479043185710907, 'security_force_facility_presence': -0.8023258447647095, 'official_security_force_facility_presence': -0.2645791172981262, 'surveillance': -0.43558067083358765, 'tech_transfer_investment': -1.3868412971496582, 'trade_agreement_exchange': -0.24642547965049744, 'trade_financial_sanction': 0.5985361933708191, 'transnational_organization_crime': -0.45627063512802124}}","{}","{'event_type': '-999', 'model_outputs': {'arrest': -0.09786403924226761, 'protest': -0.6543372869491577, 'legalaction': -0.10368973016738892, 'disaster': 0.14847148954868317, 'censor': -0.3078777492046356, 'electionactivity': 1.2754778861999512, 'electionirregularities': -1.3069318532943726, 'activism': -1.1710360050201416, 'martiallaw': -0.9599832892417908, 'cooperate': 0.6939927339553833, 'coup': -0.9327704906463623, 'violencenonlethal': 0.20910590887069702, 'violencelethal': -0.7957900166511536, 'corruption': -0.6141053438186646, 'legalchange': 0.2852393686771393, 'mobilizesecurity': -0.6522672176361084, 'purge': -0.7527825236320496, 'threaten': -0.27796804904937744, 'raid': -1.045393705368042, '-999': 9.765676498413086}}","{'result': 'No', 'model_outputs': {'Yes': -1.5727733373641968, 'No': 1.1138713359832764}}","-999","-999","-999","-999","","[]","No","Kazakhstan"
"18729","738","63e5f6919e33bcc0ca843085","['Мира Редакция']","2023-02-10 02:47:29.422",NA,"2021-10-30 03:40:03","МИД РФ отреагировал на сообщение о пленении 37 россиян солдатами ВСУ. На данный момент в селе присутствуют представители МККК и сотрудники Специальной мониторинговой миссии ОБСЕ. Мир. всу, МИД РФ, плен.","https%3A%2F%2Fzerkalo.az%2Fmid-rf-otreagiroval-na-soobshhenie-o-plenenii-37-rossiyan-soldatami-vsu%2F.json","https://cdn.zerkalo.az/2020/12/MID11.jpg","ru","МИД РФ отреагировал на сообщение о пленении 37 россиян солдатами ВСУ",NA,NA,"zerkalo.az","Российский МИД отреагировал на сообщение о пленении украинскими военными 37 граждан России в селе Старомарьевка Донецкой области. Заявление опубликовано на сайте внешнеполитического ведомства.
«У граждан, имеющих паспорта России и ДНР, эти документы изымались, а их владельцы подвергались насильственным действиям. Это даже вызвало вооруженную эскалацию, которая обсуждалась на заседании контактной группы 27 октября. К счастью, во время обстрелов пострадали только здания», — говорится в пресс-релизе.
Обстановку в Старомарьевке в министерстве называют сложной из-за «фильтрационных мероприятий», которые проводят украинские военные. Они запрещают местным жителям выходить из домов с целью проверки паспортов.
Однако МИД отмечает, что напряжение спало, когда в село приехали представители Международного Комитета Красного Креста. Они снабдили людей продуктами питания и предметами первой необходимости. Кроме того, рядом с Марьевкой находятся сотрудники Специальной мониторинговой миссии ОБСЕ, которые следят за развитием ситуации.","https://zerkalo.az/mid-rf-otreagiroval-na-soobshhenie-o-plenenii-37-rossiyan-soldatami-vsu/","Direct2","True","10","2021","en","The Russian Ministry of Foreign Affairs responded to a report about the capture by Ukrainian military of 37 Russian citizens in the village of Staromaryevka of Donetsk province, a statement published on the website of the foreign policy department. ""The citizens with Russian and DNR passports have seized these documents and their owners have been subjected to violent acts, even causing armed escalation, which was discussed at a meeting of the contact group on 27 October. Fortunately, only buildings were damaged during the shelling","The Ministry of Foreign Affairs of the Russian Federation responded to a report of the capture of 37 Russian soldiers by the U.S.A.","{'event_type': 'security_force_facility_presence', 'model_outputs': {'-999': -0.25357896089553833, 'arms_transfer_security_aid_assistance': -0.40674644708633423, 'bribery_economic_corruption': -1.3501718044281006, 'diaspora_activation': -0.5151403546333313, 'diplomatic_mediation': -0.3222808837890625, 'diplomatic_recognition': -0.6738172769546509, 'diplomatic_sanction': -0.34930408000946045, 'diplomatic_statement': 2.5821776390075684, 'diplomatic_visit': -0.6909285187721252, 'economic_aid_assistance': -1.1501822471618652, 'intelligence_counterintelligence': 0.11770322918891907, 'investment': -0.9556788802146912, 'joint_security_force_exercise': 0.5058135390281677, 'media_campaign_intervention': -0.48811155557632446, 'social_academic_cultural_activity': -0.2268097847700119, 'political_process_policy_intervention': -1.7966866493225098, 'professional_cultural_exchange': -1.016738772392273, 'security_cooperation': 4.521785259246826, 'security_force_facility_presence': 7.198220252990723, 'official_security_force_facility_presence': -0.8962631225585938, 'surveillance': -0.5947630405426025, 'tech_transfer_investment': -1.1212049722671509, 'trade_agreement_exchange': -1.1925101280212402, 'trade_financial_sanction': -2.0276851654052734, 'transnational_organization_crime': 0.2289791852235794}}","{'USA': ['United States']}","{'event_type': '-999', 'model_outputs': {'arrest': 3.2266032695770264, 'protest': -0.4642378091812134, 'legalaction': 0.9449878334999084, 'disaster': 0.4624914526939392, 'censor': -1.6510963439941406, 'electionactivity': -0.9968059062957764, 'electionirregularities': -2.145291805267334, 'activism': -0.9882829189300537, 'martiallaw': -1.4009454250335693, 'cooperate': -0.42210090160369873, 'coup': -0.45952630043029785, 'violencenonlethal': 4.716905117034912, 'violencelethal': -0.0726068764925003, 'corruption': -1.170276403427124, 'legalchange': -1.7048332691192627, 'mobilizesecurity': 0.693983256816864, 'purge': -0.8573527336120605, 'threaten': -0.7952742576599121, 'raid': -0.026424109935760498, '-999': 4.944315433502197}}","{'result': 'Yes', 'model_outputs': {'Yes': 0.9456523060798645, 'No': -0.8053349256515503}}","","","","","","","","Azerbaijan"
"54232","1303","632a91e7f0f033903a310759","['Szerző']","2022-09-21 00:24:07.312",NA,"2022-03-14 12:20:00","Most nagyon fontos, hogy Ukrajna segítséget kapjon a nemzetközi partnerektől a légvédelem terén.","https%3A%2F%2F168.hu%2Fkulfold%2Fa-kovetkezo-2-3-het-meghatarozo-lesz-ukrajna-szamara-229316.json","https://168.hu/data/kepek_220309/033_8135841_62272b56be171_focuspointcut_600100010x314100010.jpg","hu","A következő 2-3 hét meghatározó lesz Ukrajna számára",NA,NA,"168.hu","Most nagyon fontos, hogy Ukrajna segítséget kapjon a nemzetközi partnerektől a légvédelem terén.. Az orosz hadsereg új lépéseket tesz az Ukrajnával vívott háborúban. A nyilatkozatot Vadim Denisenko ukrán belügyminiszter tanácsadója tette egy ukrajnai tévének, megemlítve, hogy ""a következő 2-3 hét meghatározó lesz Ukrajna számára"".

 
Denisenko megemlítette, hogy az orosz katonák mindent megtesznek Mariupol városának elfoglalásáért. Közölte azt is, hogy Mariupol elfoglalása után az orosz hadsereg Kelet-Ukrajnába vonul, hogy elfoglalja azt.""A fő feladatunk az, hogy megállítsuk ezt a mozgást, és kemény, szárazföldi csatára kényszerítsük őket, amelyeket elveszítenek majd""–  mondta Denisenko. Hozzátette: most nagyon fontos, hogy Ukrajna segítséget kapjon a nemzetközi partnerektől a légvédelem terén. (Kiemelt kép: Mariupol, Donyeck. Fotó: Viktor Antonyuk / Sputnik / Sputnik via AFP)






Napi horoszkóp, 2022. szeptember 21.: A Mérleg ne utasítsa el a kapott lehetőséget, bármennyire is felháborítónak tűnik, a Skorpiót megjutalmazzák a munkahelyénKíváncsi vagy, mi vár rád ma a munkahelyeden vagy a szerelemben szerdán? Íme az Elle napi horoszkópja!Sakkminta, lila káprázat és ZEN: az ősz legnépszerűbb designtrendjei Mutatjuk azt az 5 trendet, amelyek az őszi-téli szezon meghatározó irányzatai lettek.","https://168.hu/kulfold/a-kovetkezo-2-3-het-meghatarozo-lesz-ukrajna-szamara-229316","Direct2","True","3","2022","en","It is now very important for Ukraine to receive assistance from international partners in the field of air defense. The Russian army is taking new steps in the war with Ukraine. Vadim Denishenko's Ukrainian Interior Minister's advisor made the statement to a Ukrainian TV, mentioning that ""the next 2-3 weeks will be decisive for Ukraine."" Denishenko mentioned that Russian soldiers are doing everything to take over the city of Mariupol.","The next 2-3 weeks will be decisive for Ukraine","{'event_type': 'diplomatic_statement', 'model_outputs': {'-999': -0.588764488697052, 'arms_transfer_security_aid_assistance': -0.3119344115257263, 'bribery_economic_corruption': -1.4362156391143799, 'diaspora_activation': -0.6769051551818848, 'diplomatic_mediation': 1.033400058746338, 'diplomatic_recognition': -0.8632676005363464, 'diplomatic_sanction': -0.9809918403625488, 'diplomatic_statement': 8.685293197631836, 'diplomatic_visit': 1.2854328155517578, 'economic_aid_assistance': -0.6764687895774841, 'intelligence_counterintelligence': -1.0393059253692627, 'investment': -0.597637414932251, 'joint_security_force_exercise': -2.2247419357299805, 'media_campaign_intervention': -0.9277580976486206, 'social_academic_cultural_activity': -0.6849607825279236, 'political_process_policy_intervention': 0.7472453713417053, 'professional_cultural_exchange': -0.9812777042388916, 'security_cooperation': 1.2887768745422363, 'security_force_facility_presence': 0.008747339248657227, 'official_security_force_facility_presence': -1.5353105068206787, 'surveillance': -0.4217144250869751, 'tech_transfer_investment': -0.31028151512145996, 'trade_agreement_exchange': -0.17681308090686798, 'trade_financial_sanction': 1.0165053606033325, 'transnational_organization_crime': -1.166003942489624}}","{'UKR': ['Ukraine']}","{'event_type': '-999', 'model_outputs': {'arrest': -0.3062819242477417, 'protest': -0.8381246328353882, 'legalaction': -0.350320428609848, 'disaster': 0.3118639290332794, 'censor': -0.34968462586402893, 'electionactivity': 0.851702094078064, 'electionirregularities': -1.0713891983032227, 'activism': -1.4116427898406982, 'martiallaw': -0.571171224117279, 'cooperate': 0.1552506685256958, 'coup': -1.0134845972061157, 'violencenonlethal': 0.1994144171476364, 'violencelethal': -0.923304557800293, 'corruption': -0.24822673201560974, 'legalchange': 0.18698272109031677, 'mobilizesecurity': -0.43643078207969666, 'purge': -0.4304165840148926, 'threaten': -0.06770113110542297, 'raid': -1.0923995971679688, '-999': 10.012246131896973}}","{'result': 'Yes', 'model_outputs': {'Yes': 0.7233189940452576, 'No': -0.5854317545890808}}","","","","","","","","Hungary"
"9899","898","63eff7bf599acbef00cf83dd","[]","2023-02-17 16:55:11.705",NA,"2022-05-17",NA,"https%3A%2F%2Fabzas.org%2F2022%2F5%2Fyerevan-az%25C9%2599rbaycanin-5-b%25C9%2599ndlik-t%25C9%2599klifin%25C9%2599-6-b%25C9%2599ndlik-cavabini-aciqlayib%2F.json","https://s3.eu-central-1.amazonaws.com/abzasmedia/media/featured_images/2022/07/02/Edmon-Marukyan.webp","az","Yerevan Azərbaycanın 5 bəndlik təklifinə 6 bəndlik cavabını açıqlayıb",NA,NA,"abzas.org","Ermənistan tərəfi sülh danışıqlarının başlaması üçün vacib məqamları açıqlayıb və Yerevan Azərbaycan tərəfinin təqdim etdiyi beş bəndlik təklifə cavab verib. Xüsusi tapşırıqlar üzrə səfir Edmon Marukyan  Ermənistan İctimai Televiziyasının efirində rus dilində tərtib olunmuş sənədin altı bəndini təqdim edib.
Rəsminin sözlərinə görə, sənədin birinci bəndində Ermənistan tərəfinin martın 21-də Azərbaycan tərəfdən aldığı məktubu cavablandırdığı bildirilir.
Marukyanın sözlərinə görə, ikinci bənddə qeyd olunur ki, Ermənistanın heç vaxt Azərbaycana qarşı ərazi iddiası olmayıb və yoxdur.
“Yadınızdadırsa, Azərbaycan orada deyir ki, bizə qarşı ərazi iddialarınız olmamalıdır. Biz deyirik: bizim sizə qarşı heç bir ərazi iddiamız olmayıb. Və əvvəldən bütün Ermənistan hakimiyyəti həmişə bəyan edib ki, bizim heç bir ərazi iddiamız yoxdur. Üstəlik, burada deyilir ki, 1991-ci il dekabrın 8-də Azərbaycanla MDB-nin yaradılması haqqında müqavilə imzalayan Ermənistan 1992-ci il fevralın 18-də bu müqaviləni ratifikasiya edib. Yəni, imzalanan zaman biz bu struktura qoşulmaqla bir-birimizin ərazi bütövlüyünü və sərhədlərini qarşılıqlı olaraq tanımışıq”, - deyə Marukyan bildirib.
Xüsusi tapşırıqlar üzrə səfirin sözlərinə görə, üçüncü bənddə Dağlıq Qarabağın yekun statusunun müəyyən edilməsi məsələsi vurğulanır.
“Ermənistan tərəfi üçün Dağlıq Qarabağ ermənilərinin təhlükəsizliyinin təmin edilməsi, onların hüquq və azadlıqlarına riayət olunması, o cümlədən Dağlıq Qarabağın yekun statusunun müəyyən edilməsi əsas məsələdir”, - deyə rəsmi qeyd edib.
Dördüncü bənddə Ermənistan tərəfi müharibədən sonra imzalanmış üçtərəfli bəyanatlarda qeyd olunan öhdəliklərin yerinə yetirilməsini, xüsusən də hərbi əsirlərin qaytarılması, regionun blokadadan çıxarılmasını vacib sayır.
“Ermənistan tərəfi Azərbaycan Respublikası Prezidentinin, Ermənistan Respublikasının Baş nazirinin, Rusiya Federasiyası Prezidentinin 2020-ci il 9 noyabr, 11 yanvar və 26 noyabr 2021-ci il tarixli bəyanatlarında əksini tapmış öhdəlikləri mühüm hesab edir. . Bura xüsusən də hələ başa çatmamış hərbi əsirlərin qaytarılması, Azərbaycanın gecikdirdiyi kommunikasiyaların açılması daxildir”, - deyə Xüsusi tapşırıqlar üzrə səfir bildirib.
Artıq beşinci bənddə Marukyanın sözlərinə görə, Ermənistan tərəfi BMT Nizamnaməsi, Mülki və Siyasi Hüquqlar haqqında Beynəlxalq Pakt əsasında Azərbaycan və Ermənistan arasında münasibətlərin normallaşdırılması, dövlətlərarası münasibətlərin qurulması və Helsinki Yekun Aktı üzrə danışıqlara başlamağa hazır olduğunu bildirir.
“Bunlar əvvəllər mövcud olan əsas prinsiplərdir. Yəni, burada xalqların öz müqəddəratını təyin etmək hüququ və digər mühüm hüquq və azadlıqlar təsbit olunub”, - deyə səfir vurğulayıb.
Sənədin sonuncu, altıncı bəndində Ermənistan tərəfi danışıqları təşkil etmək üçün Ermənistanın ATƏT-in Minsk qrupunun həmsədrlərinə müraciət etdiyini bildirib.","https://abzas.org/2022/5/yerevan-az%C9%99rbaycanin-5-b%C9%99ndlik-t%C9%99klifin%C9%99-6-b%C9%99ndlik-cavabini-aciqlayib/","Direct2","True","5","2022","en","The Armenian side announced the important points for the start of peace talks, and Yerevan responded to the five-point proposal presented by the Azerbaijani side. Ambassador for Special Tasks Edmon Marukyan presented six points of the document drafted in Russian on the air of Armenian Public Television.
According to the official, in the first paragraph of the document, it is stated that the Armenian side responded to the letter received from the Azerbaijani side on March 21.
According to Marukyan, the second paragraph states that Armenia has never had a territorial claim against Azerbaijan and does not have one.
If you remember","Yerevan announced its 6-point response to Azerbaijan's 5-point proposal","{'event_type': '-999', 'model_outputs': {'-999': -0.588895857334137, 'arms_transfer_security_aid_assistance': 0.35376083850860596, 'bribery_economic_corruption': -1.8550238609313965, 'diaspora_activation': 1.2555582523345947, 'diplomatic_mediation': 5.43501091003418, 'diplomatic_recognition': -1.3880667686462402, 'diplomatic_sanction': -0.5950785279273987, 'diplomatic_statement': 2.9742817878723145, 'diplomatic_visit': -0.5818637609481812, 'economic_aid_assistance': 1.7554385662078857, 'intelligence_counterintelligence': -1.0395753383636475, 'investment': -0.19518205523490906, 'joint_security_force_exercise': -1.5914061069488525, 'media_campaign_intervention': -1.1133958101272583, 'social_academic_cultural_activity': -0.37854108214378357, 'political_process_policy_intervention': 1.036197543144226, 'professional_cultural_exchange': -0.45760494470596313, 'security_cooperation': 3.2387168407440186, 'security_force_facility_presence': 0.37547802925109863, 'official_security_force_facility_presence': -1.6170055866241455, 'surveillance': -0.5547046065330505, 'tech_transfer_investment': -0.21492135524749756, 'trade_agreement_exchange': -1.4160224199295044, 'trade_financial_sanction': -0.5405343770980835, 'transnational_organization_crime': -0.6497855186462402}}","{'AZE': ['Republic of Azerbaijan'], 'ARM': ['Republic of Armenia', 'Yerevan']}","{'event_type': '-999', 'model_outputs': {'arrest': -1.3300952911376953, 'protest': -0.7264076471328735, 'legalaction': -0.5099910497665405, 'disaster': 0.3338906764984131, 'censor': -1.388303279876709, 'electionactivity': -0.028717078268527985, 'electionirregularities': -1.312934160232544, 'activism': -1.565528154373169, 'martiallaw': -0.15007615089416504, 'cooperate': 4.869256019592285, 'coup': -1.6833465099334717, 'violencenonlethal': -0.6555011868476868, 'violencelethal': -0.45804134011268616, 'corruption': -1.2028021812438965, 'legalchange': -0.6090067028999329, 'mobilizesecurity': 0.2566428780555725, 'purge': -0.2055927813053131, 'threaten': 2.617891311645508, 'raid': -1.7046215534210205, '-999': 7.071322441101074}}","{'result': 'Yes', 'model_outputs': {'Yes': 0.609771728515625, 'No': -0.48259031772613525}}","-999","-999","-999","-999","","[]","No","Azerbaijan"
"119285","1542","64f79fd0bed4296e79dda1cc","['The Kyiv Independent News Desk', 'We Are The News Team Of The Kyiv Independent. We Are Here To Make Sure Our Readers Get Quick', 'Essential Updates About The Events In Ukraine. Feel Free To Contact Us Via Email With Feedback', 'News Alerts.']","2023-09-05 17:38:13.935",NA,"2022-03-07 16:57:40","PM Justin Trudeau announced new sanctions on 10 individuals ""complicit"" in Russia's ""unjustified invasion"" of Ukraine. The individuals include former and current senior Russian government officials, oligarchs and supporters of the Russian leadership.","https%3A%2F%2Fkyivindependent.com%2Fcanada-to-impose-further-sanctions-on-russia-amid-invasion-of-ukraine%2F.json","https://assets.kyivindependent.com/content/images/2023/06/image-127-1670328349vlDtD-1200x630--1-.png","en","Canada to impose further sanctions on Russian individuals.",NA,NA,"kyivindependent.com","Canadian Prime Minister Justin Trudeau announced new sanctions on 10 individuals ""complicit"" in Russia's ""unjustified invasion"" of Ukraine. The individuals include former and current senior Russian government officials, oligarchs and supporters of the Russian leadership.","https://kyivindependent.com/canada-to-impose-further-sanctions-on-russia-amid-invasion-of-ukraine/",NA,"True","3","2022","en","Canadian Prime Minister Justin Trudeau announced new sanctions on 10 individuals ""complicit"" in Russia's ""unjustified invasion"" of Ukraine. The individuals include former and current senior Russian government officials, oligarchs and supporters of the Russian leadership.","Canada to impose further sanctions on Russian individuals.","{'event_type': 'trade_financial_sanction', 'model_outputs': {'-999': -0.6030154824256897, 'arms_transfer_security_aid_assistance': 1.4129865169525146, 'bribery_economic_corruption': 0.02392902970314026, 'diaspora_activation': -1.498650074005127, 'diplomatic_mediation': -1.1819173097610474, 'diplomatic_recognition': -0.3626508116722107, 'diplomatic_sanction': 0.7717399597167969, 'diplomatic_statement': -0.18267062306404114, 'diplomatic_visit': 0.34929317235946655, 'economic_aid_assistance': -0.03406022489070892, 'intelligence_counterintelligence': -0.21197465062141418, 'investment': -0.44087985157966614, 'joint_security_force_exercise': -0.7842904925346375, 'media_campaign_intervention': -0.3898347020149231, 'social_academic_cultural_activity': -0.3046947419643402, 'political_process_policy_intervention': -0.4196125864982605, 'professional_cultural_exchange': -0.0856737494468689, 'security_cooperation': -1.0284473896026611, 'security_force_facility_presence': -1.6658786535263062, 'official_security_force_facility_presence': -1.2490648031234741, 'surveillance': 0.07157166302204132, 'tech_transfer_investment': -0.7111469507217407, 'trade_agreement_exchange': -0.17059427499771118, 'trade_financial_sanction': 9.55868148803711, 'transnational_organization_crime': -1.4349653720855713}}","{'CAN': ['Canada'], 'RUS': ['Russian Federation'], 'UKR': ['Ukraine']}","{'event_type': 'threaten', 'model_outputs': {'arrest': -2.041444778442383, 'protest': -0.9379674196243286, 'legalaction': 1.4957741498947144, 'disaster': -1.9026341438293457, 'censor': 2.2011961936950684, 'electionactivity': -2.1513102054595947, 'electionirregularities': -0.8192487955093384, 'activism': -0.5010696649551392, 'martiallaw': 1.414177656173706, 'cooperate': 0.032510384917259216, 'coup': -0.7856279015541077, 'violencenonlethal': -1.663782000541687, 'violencelethal': -0.10558299720287323, 'corruption': -0.6447179913520813, 'legalchange': 2.3863208293914795, 'mobilizesecurity': 0.34749332070350647, 'purge': 0.9704498052597046, 'threaten': 2.6534557342529297, 'raid': 0.012011021375656128, '-999': 0.26370564103126526}}","{'result': 'Yes', 'model_outputs': {'Yes': 1.3402206897735596, 'No': -1.323045015335083}}","trade_financial_sanction","-999","trade_financial_sanction","threaten","","['Russia']","No","Ukraine"
"18127","136","63e5c5559e33bcc0ca83db6d","['Рашад Редакция']","2023-02-09 23:17:25.794",NA,"2021-08-21 06:15:49","Украина отказала представителю Крыма в участии в «Крымской платформе». Александр Милохов сообщил, что собирался участвовать в саммите как руководитель Международной ассоциации «Таврида». Мир, Политика. Александр Милохов, Крымкская платтформа, украина.","https%3A%2F%2Fzerkalo.az%2Fukraina-otkazala-predstavitelyu-kryma-v-uchastii-v-krymskoj-platforme%2F.json","https://cdn.zerkalo.az/2018/07/krymskij-most.jpg","ru","Украина отказала представителю Крыма в участии в ""Крымской платформе""",NA,NA,"zerkalo.az","Руководитель рабочей группы по международно-правовым вопросам при постоянном представительстве  Крыма при президенте России Александр Милохов сообщил РИА Новости, что украинская сторона отказале ему в участии в международном саммите «Крымская платформа».
По его словам, он подал заявку на участие, однако Украина проигнорировала ее. «Правда о Крыме им не нужна, их интерес состоит только в одном — устроить пропагандистский шабаш русофобских ведьмаков на берегу Днепра», — сказал Молотов.
Представитель Крыма подчеркнул, что собирался участвовать в саммите как руководитель Международной ассоциации «Таврида». Собеседник агентства рассказал, что хотел рассказать на саммите о диверсиях, устраиваемых киевскими властями в отношении Крыма, блокадах, в том числе водной и энергетической, санкционной политике, а также показать преображение полуострова за последние семь лет.
«Видимо, киевские власти испугались, что мировая общественность узнает, что никакой оккупации не было, что это миф, созданный украинской пропагандой», — заключил Молохов.
Саммит «Крымская платформа» пройдет в Украине 23 августа. Идею мероприятия выдвинул украинский президент Вдадимир Зеленский  с целью разъяснить украинцам, крымчанам и мировому сообществу, что и почему произошло на крымском полуострове в 2014 году (lenta.ru)","https://zerkalo.az/ukraina-otkazala-predstavitelyu-kryma-v-uchastii-v-krymskoj-platforme/","Direct2","True","8","2021","en","The head of the working group on international legal issues at the Permanent Mission of Crimea to the President of Russia, Alexander Milokhov, informed RIA Novosti that the Ukrainian side had refused to participate in the international summit ""The Crimean Platform"". He said that he had applied for participation but that Ukraine had ignored it. ""The truth about Crimea is not needed, their interest is only to organize a propaganda shabash Russian.","Ukraine refused the Crimea representative to participate in the Crimean Platform.","{'event_type': 'political_process_policy_intervention', 'model_outputs': {'-999': -0.4555480182170868, 'arms_transfer_security_aid_assistance': -0.9319086074829102, 'bribery_economic_corruption': -0.7808915376663208, 'diaspora_activation': 1.6830549240112305, 'diplomatic_mediation': 2.9786901473999023, 'diplomatic_recognition': 1.3320738077163696, 'diplomatic_sanction': -0.10486549884080887, 'diplomatic_statement': 0.699707567691803, 'diplomatic_visit': -0.8549084663391113, 'economic_aid_assistance': -0.3909247815608978, 'intelligence_counterintelligence': -0.21574607491493225, 'investment': 3.031651258468628, 'joint_security_force_exercise': -0.4305068850517273, 'media_campaign_intervention': -0.8846681714057922, 'social_academic_cultural_activity': -0.20831209421157837, 'political_process_policy_intervention': 5.095712661743164, 'professional_cultural_exchange': 0.026567712426185608, 'security_cooperation': -0.3295115828514099, 'security_force_facility_presence': -0.8258041143417358, 'official_security_force_facility_presence': -0.6592029333114624, 'surveillance': -1.0631009340286255, 'tech_transfer_investment': -1.4171929359436035, 'trade_agreement_exchange': -0.5514076352119446, 'trade_financial_sanction': -0.7277289032936096, 'transnational_organization_crime': -1.268338680267334}}","{'UKR': ['Ukraine'], 'RUS': ['Russian Federation'], 'AUS': ['Crimea']}","{'event_type': '-999', 'model_outputs': {'arrest': -0.9147169589996338, 'protest': 0.005839914083480835, 'legalaction': -1.2847490310668945, 'disaster': -0.6862671375274658, 'censor': -0.7977651953697205, 'electionactivity': 2.362703800201416, 'electionirregularities': 0.10543528199195862, 'activism': -0.9182291030883789, 'martiallaw': -1.7648533582687378, 'cooperate': 2.432910680770874, 'coup': -0.9949977993965149, 'violencenonlethal': -0.447647362947464, 'violencelethal': -1.4657481908798218, 'corruption': -1.2028145790100098, 'legalchange': -0.1417752206325531, 'mobilizesecurity': -0.9059478044509888, 'purge': -0.19901281595230103, 'threaten': 1.2661210298538208, 'raid': -1.9334391355514526, '-999': 8.788649559020996}}","{'result': 'Yes', 'model_outputs': {'Yes': 0.8925899863243103, 'No': -0.7507762908935547}}","","","","","","","","Azerbaijan"
"73655","3475","65123a094a5d0892d372aa64","[]","2023-09-25 21:55:21.438",NA,"2022-03-07 21:06:00","Presidenti i Republikës, Ilir Meta ka përshëndetur miratimin e rezolutës në Kuvendin e Shqipërisë, për situatën në Ukrainë. Me anë të një postimi në rrjetet sociale, Meta...","https%3A%2F%2Fwww.botasot.info%2Fshqiperia%2F1773446%2Fpresidenti-meta-pershendet-rezoluten-qe-denon-agresionin-rus%2F.json","https://botasot.info/media/botasot.info/images/2022/March/07/auto_511646683624.jpg","sq","Presidenti Meta përshëndet rezolutën që dënon agresionin rus",NA,NA,"botasot.info","Presidenti i Republikës, Ilir Meta ka përshëndetur miratimin e rezolutës në Kuvendin e Shqipërisë, për situatën në Ukrainë. Me anë të një postimi në rrjetet sociale, Meta deklaron se agresoni rus është i paprovokuar dhe i pajustifikuar.
 Kreu i Shtetit shqiptar thotë se Shqipëria si vend anëtar i NATO-s, kandidat i BE, dhe anëtar jo i përhershëm i KS në OKB shpreh solidaritet të plotë me popullin dhe institucionet e Ukrainës.
 “Përshëndes miratimin unanim të Rezolutës kundër agresionit të paprovokuar dhe të pajustifikueshëm të Rusisë ndaj Ukrainës, nga Kuvendi i Shqipërisë!
 Si vend anëtar i NATO, vend kandidat i BE, anëtar jo i përhershëm i KS të OKB, dhe me qëllimin e mbizotërimit të paqes, sigurisë dhe stabilitetit në Europë, rajon e më gjerë, shprehim solidaritetin e plotë me popullin dhe institucionet demokratike dhe legjitime të Ukrainës në përpjekjet e tyre heroike për liri, dinjitet kombëtar dhe vlera europiane”, shkruan Meta.","https://www.botasot.info/shqiperia/1773446/presidenti-meta-pershendet-rezoluten-qe-denon-agresionin-rus/","Direct2","True","3","2022","en","The president of the Republic, Ilir Meta, has welcomed the adoption of the resolution in Albania's Parliament on the situation in Ukraine, via a post on social networks, Meta claims that the Russian Aggression is unpronounced and untested.The head of the Albanian state says Albania as a NATO member, EU candidate, and non-permanent UN KS member expresses full solidarity with the people and the institutions of Ukraine.","President Meta welcomes resolution condemning Russian aggression","{'event_type': 'diplomatic_statement', 'model_outputs': {'-999': -0.4617251753807068, 'arms_transfer_security_aid_assistance': -1.0066183805465698, 'bribery_economic_corruption': -1.3537789583206177, 'diaspora_activation': -0.619106650352478, 'diplomatic_mediation': 3.3976268768310547, 'diplomatic_recognition': -0.24674725532531738, 'diplomatic_sanction': -0.4936895966529846, 'diplomatic_statement': 8.594862937927246, 'diplomatic_visit': 1.4655835628509521, 'economic_aid_assistance': -0.395715594291687, 'intelligence_counterintelligence': -0.8285130262374878, 'investment': -1.0922304391860962, 'joint_security_force_exercise': -1.8531882762908936, 'media_campaign_intervention': -1.36777925491333, 'social_academic_cultural_activity': -0.6101595759391785, 'political_process_policy_intervention': 0.8911005854606628, 'professional_cultural_exchange': -1.088476538658142, 'security_cooperation': 0.9277551174163818, 'security_force_facility_presence': -0.04232034087181091, 'official_security_force_facility_presence': -0.9277054071426392, 'surveillance': -1.2444074153900146, 'tech_transfer_investment': -0.5259843468666077, 'trade_agreement_exchange': -0.9454588294029236, 'trade_financial_sanction': -0.7175658941268921, 'transnational_organization_crime': -0.7403109669685364}}","{'ALB': ['Republic of Albania'], 'UKR': ['Ukraine']}","{'event_type': '-999', 'model_outputs': {'arrest': -2.0138518810272217, 'protest': 0.48930811882019043, 'legalaction': -1.6032938957214355, 'disaster': -0.71009361743927, 'censor': -1.3738429546356201, 'electionactivity': 1.5491843223571777, 'electionirregularities': -0.9782448410987854, 'activism': 0.5603399872779846, 'martiallaw': -1.0144054889678955, 'cooperate': 2.9634714126586914, 'coup': -0.6436758041381836, 'violencenonlethal': -0.45914265513420105, 'violencelethal': -0.20204678177833557, 'corruption': -1.5654900074005127, 'legalchange': 3.9195940494537354, 'mobilizesecurity': -1.297602891921997, 'purge': -1.0593096017837524, 'threaten': 0.07607753574848175, 'raid': -1.8487803936004639, '-999': 6.094552516937256}}","{'result': 'Yes', 'model_outputs': {'Yes': 0.9986231327056885, 'No': -0.8621944785118103}}","","","","","","","","Kosovo"
"68611","641","6450187611331d2c4995f602","[]","2023-05-01 15:52:22.569",NA,"2022-01-07","Мещанский районный суд Москвы арестовал на 15 суток Александра Зимбовского, который вышел на пикет в поддержку протестующих в Казахстане. Об этом он сам сообщил ""ОВД-Инфо"", карточка дела есть на сайте суда.
Зимбовского признали виновным в неповиновении полицейскому (часть 1 статьи 19.3 КоАП)....","https%3A%2F%2Frus.azattyq.org%2Fa%2F31643803.html.json","https://gdb.rferl.org/A8959F06-910E-463A-9EC8-7C238014CC01_w1200_r1.jpg","ru","Суд в Москве арестовал на 15 суток участника пикета в поддержку Казахстана",NA,NA,"rus.azattyq.org","Мещанский районный суд Москвы арестовал на 15 суток Александра Зимбовского, который вышел на пикет в поддержку протестующих в Казахстане. Об этом он сам сообщил ""ОВД-Инфо"", карточка дела есть на сайте суда.
Зимбовского признали виновным в неповиновении полицейскому (часть 1 статьи 19.3 КоАП). Суд отказался допросить свидетельницу, которая пришла к суду и готова была давать показания в защиту задержанного.
Как отмечает ""ОВД-Инфо"", его отправят отбывать арест в центр временного содержания иностранных граждан в подмосковном Сахарове. После задержания активист объявил сухую голодовку и намерен ее продолжить, добавляют правозащитники.
Ранее возле посольства Казахстана на Чистопрудном бульваре в центре Москвы задержали девять человек. Одного из них практически сразу отпустили, мужчина рассказал, что просто проходил мимо пикетчиков.
Протесты из-за повышения цен на газ, которые начались в Жанаозене на западе Казахстана 2 января, к шестому января охватили значительную часть страны. Миротворческие силы ОДКБ приступили к выполнению поставленных задач в Казахстане – утром 6 января в Алматы прибыл первый борт с российскими войсками.
Пятого января полицейские задержали у посольства Казахстана из-за одиночного пикета Антона Мальгаждарова. Там с начала протестов в Казахстане дежурят дополнительные силы полиции.","https://rus.azattyq.org/a/31643803.html","Direct2","True","1","2022","en","The Moscow Municipal District Court arrested Alexander Zimbovsky for 15 days, who had taken a picket in support of protesters in Kazakhstan, as he himself had informed the Internal Affairs Info, a file of the case was available on the court's website. Zimbabwe was found guilty of disobedience to a police officer (CoA article 19.3, para. 1). The Court refused to question a witness who had come to court and was prepared to testify in defence of the detainee.","A court in Moscow arrested a picket player for 15 days in support of Kazakhstan","{'event_type': 'intelligence_counterintelligence', 'model_outputs': {'-999': -0.48012250661849976, 'arms_transfer_security_aid_assistance': -0.4917309284210205, 'bribery_economic_corruption': -0.2911420464515686, 'diaspora_activation': 0.28577306866645813, 'diplomatic_mediation': -1.5741856098175049, 'diplomatic_recognition': -0.5020968914031982, 'diplomatic_sanction': 4.069659233093262, 'diplomatic_statement': 0.12618166208267212, 'diplomatic_visit': -0.7171527743339539, 'economic_aid_assistance': -1.1043424606323242, 'intelligence_counterintelligence': 4.323605537414551, 'investment': -1.3754396438598633, 'joint_security_force_exercise': 1.13541841506958, 'media_campaign_intervention': -0.6709015369415283, 'social_academic_cultural_activity': -0.06499624997377396, 'political_process_policy_intervention': -2.385530471801758, 'professional_cultural_exchange': -0.267723023891449, 'security_cooperation': 4.137049198150635, 'security_force_facility_presence': 0.012427747249603271, 'official_security_force_facility_presence': -1.2229368686676025, 'surveillance': -0.8885325193405151, 'tech_transfer_investment': -1.155706763267517, 'trade_agreement_exchange': -0.9036149978637695, 'trade_financial_sanction': -0.4749962091445923, 'transnational_organization_crime': 2.1249470710754395}}","{'KAZ': ['Republic of Kazakhstan'], 'ZWE': ['Republic of Zimbabwe'], 'RUS': ['Moscow']}","{'event_type': 'arrest', 'model_outputs': {'arrest': 9.471470832824707, 'protest': 0.005780499428510666, 'legalaction': 1.2555980682373047, 'disaster': -0.7460266351699829, 'censor': -0.525215208530426, 'electionactivity': -0.6725773215293884, 'electionirregularities': -1.073129653930664, 'activism': -0.7144957780838013, 'martiallaw': -1.0978801250457764, 'cooperate': -0.8436222076416016, 'coup': 0.418493390083313, 'violencenonlethal': -0.40248340368270874, 'violencelethal': -0.6845747232437134, 'corruption': -0.6793257594108582, 'legalchange': -0.3094816207885742, 'mobilizesecurity': -0.8258651494979858, 'purge': -0.5343587398529053, 'threaten': -1.238797664642334, 'raid': 0.15199178457260132, '-999': -0.34036239981651306}}","{'result': 'No', 'model_outputs': {'Yes': -1.863050103187561, 'No': 1.4761196374893188}}","intelligence_counterintelligence","-999","intelligence_counterintelligence","arrest","","['Moscow']","No","Kazakhstan"
"717","716","629d13cdccfe40f7f9ebdde8","","",NA,"2022-05-16 10:47:00",NA,"","","sq","Pompeo në Tiranë, Rama: Furnizimi me gaz përmes Terminalit të Ri po zgjon interesa ",NA,NA,"gazetatema.net","Ish-Sekretari amerikan i Shteti, Mike Pompeo ka vizituar për herë të parë Shqipërinë një vizite në kuadër të 100-vjetorit të marrëdhënieve diplomatike Shqipëri-SHBA.Pompo ishte prezent gjatë nënshkrimit të marrëveshjes për deversifikimin e tregut të gazit, një nga çështjet më të debatueshme në Europë, pas nisjes së agresionit rus ndaj Ukrainës. Marrëveshja për gazin, merr një rëndësi strategjike që e kalon hapësirën shqiptare dhe atë ballkanase dhe që lidhet me pavarësinë e Europës nga gazi rus.“Me Sekretarin e Shtetit, Mike Pompeo, në një tjetër hap të rëndësishëm drejt përmbushjes së vizionit Shqipëria2030 eksportuese neto e energjisë. Furnizimi me gaz përmes Terminalit të Ri, që do të ngrihet në Vlorë, tanimë po zgjon interesa të shumanshme”, shkruan kryeministri në rrjetet sociale.Ne kete situate eshte mjaft e domosdoshme per Shqiperine ky projekt per ta kthyer Vloren ne nje impiant energjie te gazit natyror,te mundesuar nga furnizimi me gaz nga Shtetet e Bashkuara????????????????eshte gje shume e mire per ne firmosja e kesaj marreveshje me qeverine amerikane dhe kjo fale jush kryeminister qe po mundoheni te beni cfaredolloj gjeje per ta cuar Shqiperine perpara????me fat qe ju jeni kryeministri yneBashkpunimet e duhura ne keto kohe te veshtira bejne qe ta kalojme krizen sa me lehte te mundemi. Kjo vetem fal kryeministrit qe ben zgjedhjet e duhura per te miren e popullit te tij.Nje marreveshje 100 mij dollareshe per shqiperine , respekteKjo marreveshje eshte nje arritje personale e juaja mendoj se jeni i vetmi qe ngulmoni shume qe ky vend te eci perpara dhe te kete sa me shume bashkepunime me shtetet fqinje dhe te europes, keni bere nje standart europian dhe shume shpejt do jemi dhe ne be , ec atyterminali i ri eshte super gjetje dhe interesa normal qe do ket pasi eshte perjudh e keqe per cdo vend te botesKeni bere nje pune te shkelqyer. Dita dites keni plane madhore per kete vend ,kjo qe ne te behemi eksportues neto te energjise esht nje lajm i shkelqyer do te rritet ekonomia jone ashtu sic ju dhe ne kemi dashur gjithmoneNormale qe kjo gjw ka per te zgjuar interesa sepse jemi nje vend qe gjithsecili do te donte ta kishteTerminali i ri do te zgjoj akoma dhe me shume interesa sepse bota eshte e cuditshme dhe jeta te perplas me te papritura.Neser ndoshta dikush do te kete nevoje per ndihmen tone dhe kjo eshte gjeja me e rendesishme qe keto interesa zgjohenVec interesave qe zgjon i jep mundesine shtetit shqiptar te kete lidhje persa i perket energjitikes me shum vende dhe te shmange te papriturat qe mund te vijneNje terminal te tille nuk e pranoj asnje shtet i mesdheut sepse ndot ambientin.
Nje krim i tille qe i behet turizmit Shqiptar do kete pasoja shkaterruese per gjithe vendin.
Plehrat per tu pasuruar po shkaterrojn gjithcka.Jeni i vetmi kryeminister qe po medoni kaq shume per Shqiperine dhe qe po beni te pamunderen qe ky vend te eci perparaSuper marreveshje per interesat e shtetit toneBashkepunime te tilla gjate kesaj kohe te veshtire per ekonomine e vendit do te kene ndikim pozitiv per shtetin tone. Eshte per tu falenderuar edhe SHBA per suportin e saj. Qe Shqiperia te jete eksportuese e energjise eshte nje arritje shume e madhe vertet, e cila vjen fale kesaj qeverie qe i ka kushtuar rendesi te madhe mbajtjes se marredhenieve te mira me shtetet e tjera. Suksese edhe ne projektet ne vijim vetem me ju do ecim para Bashkepunime te tilla jane shume te rendesishme per vendin tone, pasi do e bejne shqiperine nje vend kyc ne rajonSi te mos zgjoje interesa kur ju po punoni kaq mire per ta lehtesuar situaten e veshtire qe kemi . Dhe bashkepunimi qe po kryeni me SHBA eshte shume per tu vleresuar se eshte nje partneritet mjaft strategjik . Investimet nnga nje vend si SHBA terheqin shume e shume investime te tjera.Krenar per lidhjen e ngushte qe shteti yne ka me nje aleat si SHBAQytetarët tanë han buk e krip., ç'ju duhet gazi. Le të jet në banesat e reja për turistët që kan vendosur tëblejn dhe jetojn përgjithmon me fëmijët e tyre te ne.","https://www.gazetatema.net/politika/pompeo-ne-tirane-rama-furnizimi-me-gaz-permes-terminalit-te-ri-po-zgjon-i338616","","True","5","2022","en","Former US Secretary of State Mike Pompeo has for the first time visited Albania a visit under the 100th anniversary of Albania-US diplomatic relations.Pompo was present during the signing of the gas market deversification agreement, one of the most controversial issues in Europe, after the launch of Russian aggression against Ukraine.The gas deal takes on strategic importance that exceeds Albanian and Balkan space and relates to Europe's independence.","Pompeo in Tirana, Rama: Gas supply through New Terminal is sparking interests","{'event_type': '-999', 'model_outputs': {'-999': -0.3545580804347992, 'arms_transfer_security_aid_assistance': -1.431948184967041, 'bribery_economic_corruption': -0.632891833782196, 'diaspora_activation': -0.040436409413814545, 'diplomatic_mediation': -0.6645162105560303, 'diplomatic_recognition': -0.5712605714797974, 'diplomatic_sanction': -0.7319132089614868, 'diplomatic_statement': 0.6094805002212524, 'diplomatic_visit': -0.18806812167167664, 'economic_aid_assistance': -0.37290269136428833, 'intelligence_counterintelligence': -0.29756373167037964, 'investment': 8.787302017211914, 'joint_security_force_exercise': -0.6876360177993774, 'media_campaign_intervention': -0.13759872317314148, 'social_academic_cultural_activity': -0.6256170868873596, 'political_process_policy_intervention': -0.06310445070266724, 'professional_cultural_exchange': -0.22237356007099152, 'security_cooperation': -0.06531964987516403, 'security_force_facility_presence': -0.6766102313995361, 'official_security_force_facility_presence': 0.1258488893508911, 'surveillance': -0.3446958661079407, 'tech_transfer_investment': 0.1923765391111374, 'trade_agreement_exchange': -0.8173751831054688, 'trade_financial_sanction': 0.800459623336792, 'transnational_organization_crime': -0.8419281244277954}}","{'None': ['Europe'], 'USA': ['United States'], 'ALB': ['Republic of Albania', 'Tirana']}","{'event_type': '-999', 'model_outputs': {'arrest': -0.6135172843933105, 'protest': -0.4078238606452942, 'legalaction': -0.5338995456695557, 'disaster': 0.6504521369934082, 'censor': -0.7067123651504517, 'electionactivity': 0.5207515954971313, 'electionirregularities': -1.349435806274414, 'activism': -0.8545677661895752, 'martiallaw': -1.0291557312011719, 'cooperate': 1.9464411735534668, 'coup': -1.4208316802978516, 'violencenonlethal': -0.20438608527183533, 'violencelethal': -1.0273511409759521, 'corruption': -0.003777220845222473, 'legalchange': -0.23038241267204285, 'mobilizesecurity': -0.7427031397819519, 'purge': -0.3229556083679199, 'threaten': 0.08093740046024323, 'raid': -1.6217565536499023, '-999': 9.921418190002441}}","{'result': 'No', 'model_outputs': {'Yes': -2.03196120262146, 'No': 1.625276803970337}}","-999","-999","-999","-999",NA,"[]","No","Albania"
"99375","575","62fe95d3430a87f73dd07b11","['Dağhan Irak', 'Murat Sevinç', 'Levent Gültekin', 'Psk. Dr. Feyza Bayraktar', 'Bahadır Kaynak', 'İhsan Dağı']","2022-08-18 15:41:07.571",NA,"2022-03-17 08:16:58","17/03/2022 - Ukrayna Devlet Başkanı Vladimir Zelenski, Rusya'yla Ukrayna'daki savaşla ilgili müzakerelerde önceliklerinin çatışmanın sona ermesi, güvenlik garantileri, egemenlik ve toprak bütünlüğünün yeniden sağlanması olduğunu belirtti.",".json","https://www.diken.com.tr/wp-content/uploads/2022/02/20220228-zelenskiy-aa-sb.jpg","tr","Zelenski, Rusya’yla müzakerelerdeki önceliklerini açıkladı",NA,NA,"diken.com.tr","Ukrayna Devlet Başkanı Volodimir Zelenski, Rusya’yla Ukrayna’daki savaşla ilgili müzakerelerde önceliklerinin çatışmanın sona ermesi, güvenlik garantileri, egemenlik ve toprak bütünlüğünün yeniden sağlanması olduğunu belirtti.
Fotoğraf: AA
Rusya’nın Ukrayna’yı işgali 22’nci gününde. Rus güçleri Kiev’e doğru ilerlerken iki ülke arasındaki müzakereler de sürüyor. Ukrayna tarafı müzakerelerde Rusya’nın yaklaşımının olumlu anlamda değiştiğini söylemişti.




Zelenski, gece yayımladığı video mesajında, önceliğin Ukrayna devletinin gerçek korunması olduğunu kaydederek, “Müzakerelerde önceliklerim kesinlikle net. Savaşın sona ermesi, güvenlik garantileri, egemenlik, toprak bütünlüğünün yeniden sağlanması, ülkemiz için gerçek garantiler, ülkemizin gerçek korunması” dedi.
Rus askerlerine: Silah bırakın
Rus askerlerine de seslenen Zelenski, Ukrayna’daki savaş alanında ölmektense silahlarını bırakmalarını önerdi: “Silahını bırakan her Rus askeri, bir şans elde edecek. Hayatta kalma şansı. Özellikle onlara sesleniyorum. Bu savaşın kazanına atılan askerlere. Ve hala kendini koruma içgüdüsü olan diğer Rus askerlerine. Silahlarınızı bırakın. Bu, savaş alanında, bizim topraklarımızda ölmekten iyidir.”
‘Mariupol ablukasının Leningrad’dan farkı ne?’
Rus uçaklarının, kuşatılmış Mariupol’daki yüzlerce insanın saklandığı tiyatroya kasıtlı olarak güçlü bir bomba attığını ve bunun sonucunda binanın yıkıldığını söyleyen Zelenski, “Ölü sayısı henüz bilinmiyor. Rusya’nın halkımıza, Mariupol’umuza, Donetsk bölgemize yaptıklarından dolayı kalbim parçalanıyor. Rusya vatandaşları. Mariupol ablukanızın İkinci Dünya Savaşı sırasındaki Leningrad ablukasından farkı nedir?” dedi.






‘Yeni yaptırımlara ihtiyaç var’
Uygulanan yaptırımlara rağmen, Rus ekonomisinin hala Ukrayna’da ‘savaş makinesini’ tutmaya devam ettiğini kaydeden Zelenski, bu nedenle Rusya’ya karşı yeni yaptırım paketlerine ihtiyacın olduğunu, dünyanın nihayet Rusya’nın bir terör devleti haline geldiğini resmen kabul etmesi ve en önemlisi, Ukrayna’nın daha fazla destek alması gerektiğini vurguladı.","https://www.diken.com.tr/zelenski-rusyayla-muzakerelerdeki-onceliklerini-acikladi/","Direct2","True","3","2022","en","Ukrainian President Volodimir Zelenski said that the priorities of the talks on the war with Russia in Ukraine were to end the conflict, to restore security guarantees, sovereignty and territorial integrity. Photograph: AA. Russia's invasion of Ukraine on its 22nd day. The talks between the two countries continue as the Russian forces move towards Kiev continue. The Ukrainian side said Russia's approach in the talks has changed positively.","Zelenski announces his priorities in negotiations with Russia","{'event_type': 'security_cooperation', 'model_outputs': {'-999': -0.8036941289901733, 'arms_transfer_security_aid_assistance': 0.18817538022994995, 'bribery_economic_corruption': -0.9471781253814697, 'diaspora_activation': -1.0586235523223877, 'diplomatic_mediation': 3.7514827251434326, 'diplomatic_recognition': 0.3623172342777252, 'diplomatic_sanction': -0.9987848997116089, 'diplomatic_statement': 1.2814748287200928, 'diplomatic_visit': -0.19151899218559265, 'economic_aid_assistance': -0.049484267830848694, 'intelligence_counterintelligence': -0.8592653274536133, 'investment': 2.2547178268432617, 'joint_security_force_exercise': -1.5605874061584473, 'media_campaign_intervention': -0.5490873456001282, 'social_academic_cultural_activity': -0.7529780864715576, 'political_process_policy_intervention': -0.21225173771381378, 'professional_cultural_exchange': -0.2728915214538574, 'security_cooperation': 4.605491638183594, 'security_force_facility_presence': -1.6300898790359497, 'official_security_force_facility_presence': -0.7997420430183411, 'surveillance': -1.2633445262908936, 'tech_transfer_investment': -0.9342373609542847, 'trade_agreement_exchange': 2.120450735092163, 'trade_financial_sanction': 0.324717253446579, 'transnational_organization_crime': -0.8903777003288269}}","{'RUS': ['Russian Federation'], 'UKR': ['Ukraine', 'Kyiv']}","{'event_type': 'cooperate', 'model_outputs': {'arrest': -1.3613113164901733, 'protest': -0.3102932274341583, 'legalaction': -1.3530267477035522, 'disaster': -0.2671681344509125, 'censor': -1.7869880199432373, 'electionactivity': 0.9985482692718506, 'electionirregularities': -1.303994059562683, 'activism': -1.0532574653625488, 'martiallaw': -1.2858400344848633, 'cooperate': 6.620882987976074, 'coup': -1.3762998580932617, 'violencenonlethal': -0.7081414461135864, 'violencelethal': -0.35301125049591064, 'corruption': -0.6605110168457031, 'legalchange': -0.5193964838981628, 'mobilizesecurity': -0.33667582273483276, 'purge': 0.49476978182792664, 'threaten': 0.5236470103263855, 'raid': -1.7094855308532715, '-999': 6.149907112121582}}","{'result': 'Yes', 'model_outputs': {'Yes': 0.9427374005317688, 'No': -0.802299439907074}}","","","","",NA,"","","Turkey"
"29353","216","629b8c89f1f860762877e770","['Peyotto Technologies', 'Գոհար Հայրապետյան', 'Արթուր Աղաբեկյան', 'Վոլոդյա Մուշեղյան', 'Դավիթ Գրիգորյան', 'Ժիրայր Ոսկանյան']","2022-06-04 12:47:04.970",NA,"2021-08-12",NA,"https%3A%2F%2Fwww.1in.am%2F2990270.html.json","https://www.1in.am/assets/uploads/2021/08/00-467-540x360.jpg","hy","Երևանի Մուշավան թաղամասում այրվել է մոտ 9 հա խոտածածկույթ",NA,NA,"1in.am","Օգոստոսի 11-ին` ժամը 19։59-ին Ճգնաժամային կառավարման ազգային կենտրոն ահազանգ է ստացվել, որ Երևանի Մուշավան թաղամասում հրդեհ է բռնկվել։","https://www.1in.am/2990270.html","Direct2","True","8","2021","en","On 11 August, at 19 a.m., the National Centre for Immediate Government was threatened by a terrorist attack in the Moscow Museum.","The Dead Sea Scroll of the Dead Sea Scrolls","{'event_type': 'professional_cultural_exchange', 'model_outputs': {'-999': -0.5720239877700806, 'arms_transfer_security_aid_assistance': -0.6987323760986328, 'bribery_economic_corruption': -0.2712721526622772, 'diaspora_activation': 0.8078205585479736, 'diplomatic_mediation': -0.2755824625492096, 'diplomatic_recognition': -0.5145186185836792, 'diplomatic_sanction': 0.3659020662307739, 'diplomatic_statement': -1.2890185117721558, 'diplomatic_visit': 0.4226972460746765, 'economic_aid_assistance': -0.637771487236023, 'intelligence_counterintelligence': -0.9461992979049683, 'investment': 0.48484790325164795, 'joint_security_force_exercise': 0.11172753572463989, 'media_campaign_intervention': 0.12716244161128998, 'social_academic_cultural_activity': -0.3997136354446411, 'political_process_policy_intervention': -0.2267363965511322, 'professional_cultural_exchange': 8.90731143951416, 'security_cooperation': -0.3272731304168701, 'security_force_facility_presence': -0.09346453845500946, 'official_security_force_facility_presence': -0.367824524641037, 'surveillance': -0.9470361471176147, 'tech_transfer_investment': -0.7889623641967773, 'trade_agreement_exchange': -1.3082900047302246, 'trade_financial_sanction': -0.5265584588050842, 'transnational_organization_crime': 0.4361460506916046}}","{}","{'event_type': '-999', 'model_outputs': {'arrest': -0.33675312995910645, 'protest': -0.5219637155532837, 'legalaction': -0.24374708533287048, 'disaster': 0.043769627809524536, 'censor': -0.3488491475582123, 'electionactivity': 0.27148351073265076, 'electionirregularities': -1.4737796783447266, 'activism': -1.2477540969848633, 'martiallaw': -0.3707880973815918, 'cooperate': 0.11046530306339264, 'coup': -0.9753426313400269, 'violencenonlethal': 0.49734288454055786, 'violencelethal': -0.8468180894851685, 'corruption': -0.645132303237915, 'legalchange': 1.0436770915985107, 'mobilizesecurity': -0.7957959175109863, 'purge': -0.5205933451652527, 'threaten': -0.22192198038101196, 'raid': -1.1471353769302368, '-999': 9.62946605682373}}","{'result': 'No', 'model_outputs': {'Yes': -1.6283814907073975, 'No': 1.4279472827911377}}","professional_cultural_exchange","-999","professional_cultural_exchange","-999","","['Moscow']","No","Armenia"
"127523","3273","61d4b7114b5cd2614dd3650d","['Владимир Путин. Фото Kremlin.Ru']","2021-12-23 22:44:32","","2021-12-21 14:08:00","Президент России Владимир Путин заявляет, что Россия выступает против кровопролития и хочет решать вопросы дипломатическими средствами, имея гарантии безопасности.","https%3A%2F%2Fwww.pravda.com.ua%2Frus%2Fnews%2F2021%2F12%2F21%2F7318137%2F.json","https://img.pravda.com/images/doc/9/2/92dc651-putin690.jpg","ru","Путин заявил, что не хочет кровопролития","",NA,"pravda.com.ua","Президент России Владимир Путин заявляет, что Россия выступает против кровопролития и хочет решать вопросы дипломатическими средствами, имея гарантии безопасности.
 Источник: РБК со ссылкой на заявление Путина на расширенной коллегии Минобороны РФ 21 декабря
 Прямая речь Путина: ""Вооруженные конфликты, кровопролитие – это абсолютно не наш выбор, мы не хотим такого развития событий"".
 Детали: По его словам, Россия хочет решать вопросы политико-демократическими средствами, но ей нужны ""ясные, понятные, четко изложенные юридические гарантии"".  Путин добавил, что именно в этом смысл предложений России, ""изложенных на бумаге, и направленных в Брюссель и в Вашингтон"". Он также выразил надежду, что Москва получит на них ответ.
 Читайте также: Путин во всю голову: почему российский ультиматум НАТО является хорошей новостью для Украины
 Предыстория:","https://www.pravda.com.ua/rus/news/2021/12/21/7318137/","","True","12","2021","en","Russian President Vladimir Putin states that Russia opposes bloodshed and wants to resolve matters through diplomatic means, with security guarantees. Source: RBK, citing Putin's statement at the Russian Ministry of Defence's expanded college on 21 December. Putin's direct speech: ""Armed conflicts, bloodshed is absolutely not our choice, we don't want that kind of development."" Details: He says Russia wants to solve political-democratic issues.","Putin said he didn't want bloodshed.","{'event_type': '-999', 'model_outputs': {'-999': -0.3570127785205841, 'arms_transfer_security_aid_assistance': -0.8159817457199097, 'bribery_economic_corruption': -1.46488618850708, 'diaspora_activation': -0.7686813473701477, 'diplomatic_mediation': 1.3230973482131958, 'diplomatic_recognition': -0.8164226412773132, 'diplomatic_sanction': -1.401135802268982, 'diplomatic_statement': 8.93510627746582, 'diplomatic_visit': 1.251953363418579, 'economic_aid_assistance': -0.790586531162262, 'intelligence_counterintelligence': -1.0598939657211304, 'investment': -0.6257206201553345, 'joint_security_force_exercise': -1.9595255851745605, 'media_campaign_intervention': -1.2088451385498047, 'social_academic_cultural_activity': -0.635206937789917, 'political_process_policy_intervention': 0.3137591481208801, 'professional_cultural_exchange': -1.3232107162475586, 'security_cooperation': 1.19088613986969, 'security_force_facility_presence': 2.1586122512817383, 'official_security_force_facility_presence': -0.9067001938819885, 'surveillance': -0.6595267057418823, 'tech_transfer_investment': -0.21414390206336975, 'trade_agreement_exchange': -0.7565758228302002, 'trade_financial_sanction': -0.8754690289497375, 'transnational_organization_crime': -0.7003892660140991}}","{'RUS': ['Russian Federation']}","{'event_type': '-999', 'model_outputs': {'arrest': -1.0378338098526, 'protest': -0.2287290245294571, 'legalaction': -1.7287461757659912, 'disaster': 1.2600332498550415, 'censor': -0.9103277325630188, 'electionactivity': 1.0870801210403442, 'electionirregularities': -1.0636405944824219, 'activism': -0.8571939468383789, 'martiallaw': -0.559745192527771, 'cooperate': 0.1760661005973816, 'coup': -0.8721639513969421, 'violencenonlethal': 0.814093828201294, 'violencelethal': 0.304764986038208, 'corruption': -1.4443471431732178, 'legalchange': 0.3147135376930237, 'mobilizesecurity': -0.9977323412895203, 'purge': -0.7469264268875122, 'threaten': 0.405807763338089, 'raid': -1.8797218799591064, '-999': 9.297609329223633}}","{'result': 'Yes', 'model_outputs': {'Yes': 1.374207854270935, 'No': -1.3523931503295898}}","","","","","","","","Ukraine"
"120000","2257","64f796c4bed4296e79dd99f3","['The Kyiv Independent News Desk', 'We Are The News Team Of The Kyiv Independent. We Are Here To Make Sure Our Readers Get Quick', 'Essential Updates About The Events In Ukraine. Feel Free To Contact Us Via Email With Feedback', 'News Alerts.']","2023-09-05 16:59:41.809",NA,"2022-04-18 05:59:43","According to Lviv Mayor Andriy Sadovy, the Russian military fired five missiles at Lviv on the morning of April 18. The damages are still being clarified.","https%3A%2F%2Fkyivindependent.com%2Flviv-mayor-russia-fires-five-missiles-at-lviv%2F.json","https://assets.kyivindependent.com/content/images/2023/06/image-127-1670328349vlDtD-1200x630--1-.png","en","Lviv Mayor: Russia fires five missiles at Lviv.",NA,NA,"kyivindependent.com","According to Lviv Mayor Andriy Sadovy, the Russian military fired five missiles at Lviv on the morning of April 18. The damages are still being clarified.","https://kyivindependent.com/lviv-mayor-russia-fires-five-missiles-at-lviv/",NA,"True","4","2022","en","According to Lviv Mayor Andriy Sadovy, the Russian military fired five missiles at Lviv on the morning of April 18. The damages are still being clarified.","Lviv Mayor: Russia fires five missiles at Lviv.","{'event_type': 'security_force_facility_presence', 'model_outputs': {'-999': -0.2328001856803894, 'arms_transfer_security_aid_assistance': 0.16419751942157745, 'bribery_economic_corruption': -1.4481911659240723, 'diaspora_activation': -0.5799077749252319, 'diplomatic_mediation': 0.721886396408081, 'diplomatic_recognition': -1.5074905157089233, 'diplomatic_sanction': -1.65272057056427, 'diplomatic_statement': 4.971194267272949, 'diplomatic_visit': -0.8478024005889893, 'economic_aid_assistance': -0.8648393750190735, 'intelligence_counterintelligence': -1.088710069656372, 'investment': -0.9238051176071167, 'joint_security_force_exercise': -0.8569449186325073, 'media_campaign_intervention': -0.23715750873088837, 'social_academic_cultural_activity': -0.2589493691921234, 'political_process_policy_intervention': -0.49953222274780273, 'professional_cultural_exchange': -1.1114447116851807, 'security_cooperation': 1.744828462600708, 'security_force_facility_presence': 7.409374237060547, 'official_security_force_facility_presence': -0.9834093451499939, 'surveillance': 0.5240892171859741, 'tech_transfer_investment': -0.498368501663208, 'trade_agreement_exchange': -1.6409019231796265, 'trade_financial_sanction': -1.3093066215515137, 'transnational_organization_crime': -0.7646681666374207}}","{'RUS': ['Russian Federation'], 'UKR': ['Lviv']}","{'event_type': '-999', 'model_outputs': {'arrest': -0.6531209349632263, 'protest': -0.12303534150123596, 'legalaction': -0.42159295082092285, 'disaster': 0.9687052965164185, 'censor': -1.0998351573944092, 'electionactivity': -0.8359725475311279, 'electionirregularities': -1.7239298820495605, 'activism': -1.5196590423583984, 'martiallaw': -0.8633275628089905, 'cooperate': 0.4786376655101776, 'coup': -1.2731893062591553, 'violencenonlethal': 3.339104652404785, 'violencelethal': -0.3609744608402252, 'corruption': -1.5051079988479614, 'legalchange': -0.8239121437072754, 'mobilizesecurity': 3.137599229812622, 'purge': -1.39777410030365, 'threaten': 1.818188190460205, 'raid': -0.4954420328140259, '-999': 4.273897647857666}}","{'result': 'Yes', 'model_outputs': {'Yes': 0.7288943529129028, 'No': -0.5903520584106445}}","security_force_facility_presence","-999","security_force_facility_presence","-999","","['Russia']","No","Ukraine"
"100810","827","627d7ddcdd894d3c8b3d2d3d","[]","2022-05-12 17:36:28.956",NA,"2022-03-30 15:55:00","Rus ordusu, Ukrayna’nın elinde bulunan hava savunma füze sistemi S-300’lerin imha görüntülerini yayınladı. S-300 hava savunma füze sistemi, Yunanistan, Bulgaristan ve Slovakya gibi NATO ülkelerinde de bulunuyor.","https%3A%2F%2Fweb.archive.org%2Fweb%2F20220401054942%2Fhttps%3A%2F%2Fwww.posta.com.tr%2Fdunya%2Frusya-ukraynanin-elindeki-s-300leri-imha-etti-2506001.json","https://web.archive.org/web/20220401054942im_/https://i3.posta.com.tr/i/posta/75//0x0/62445347e4bfdd22f8811193.jpg","tr","Rusya, Ukrayna'nın elindeki S-300'leri imha etti",NA,NA,"posta.com.tr","Rus ordusu, Ukrayna’nın elinde bulunan hava savunma füze sistemi S-300’lerin imha görüntülerini yayınladı. S-300 hava savunma füze sistemi, Yunanistan,...","https://web.archive.org/web/20220401054942/https://www.posta.com.tr/dunya/rusya-ukraynanin-elindeki-s-300leri-imha-etti-2506001","wayback_alt","True","3","2022","en","The Russian army has released footage of the destruction of the S-300. The S-300 air defence missile system, Greece,","Russia destroyed the S-3000s in Ukraine's hands","{'event_type': '-999', 'model_outputs': {'-999': -0.6474593877792358, 'arms_transfer_security_aid_assistance': 7.2411932945251465, 'bribery_economic_corruption': -0.7598013877868652, 'diaspora_activation': -1.038714051246643, 'diplomatic_mediation': -0.8202877044677734, 'diplomatic_recognition': -1.2534122467041016, 'diplomatic_sanction': -1.0179824829101562, 'diplomatic_statement': 1.1865198612213135, 'diplomatic_visit': -1.1484453678131104, 'economic_aid_assistance': 0.6780798435211182, 'intelligence_counterintelligence': -1.034062147140503, 'investment': -0.9944226741790771, 'joint_security_force_exercise': -0.9749391078948975, 'media_campaign_intervention': -1.5380043983459473, 'social_academic_cultural_activity': -0.271120548248291, 'political_process_policy_intervention': -0.35349041223526, 'professional_cultural_exchange': -1.1446515321731567, 'security_cooperation': 1.0060062408447266, 'security_force_facility_presence': 0.22011277079582214, 'official_security_force_facility_presence': -1.0354058742523193, 'surveillance': 2.028827428817749, 'tech_transfer_investment': 2.672673225402832, 'trade_agreement_exchange': -0.8998907804489136, 'trade_financial_sanction': 1.5645935535430908, 'transnational_organization_crime': -1.0828461647033691}}","{'RUS': ['Russian Federation'], 'UKR': ['Ukraine'], 'GRC': ['Hellenic Republic']}","{'event_type': '-999', 'model_outputs': {'arrest': -0.3654213547706604, 'protest': -0.776539146900177, 'legalaction': 0.4728156328201294, 'disaster': 0.23252475261688232, 'censor': -0.6352941393852234, 'electionactivity': -0.1300118863582611, 'electionirregularities': -1.1971732378005981, 'activism': -0.5555672645568848, 'martiallaw': -1.6428298950195312, 'cooperate': -0.8267905712127686, 'coup': -0.8742958307266235, 'violencenonlethal': 1.9760119915008545, 'violencelethal': -0.7166426777839661, 'corruption': 0.08507122099399567, 'legalchange': -0.4623739719390869, 'mobilizesecurity': -0.6806158423423767, 'purge': -1.0602613687515259, 'threaten': 0.199286550283432, 'raid': -0.7366726994514465, '-999': 9.548280715942383}}","{'result': 'Yes', 'model_outputs': {'Yes': 0.2527967095375061, 'No': -0.18633508682250977}}","",NA,"","",NA,"","","Turkey"
"130321","6071","62d83fb6485b7d360a52adf3","","","","2022-04-18 23:36:00","","","","ru","У Москві знайшли мертвим колишнього віце-президента “Газпромбанку” і його сім’ю","",NA,"pravda.com.ua","У Москві знайшли мертвими колишнього віце-президента російського ""Газпромбанку"", його дружину та доньку.Джерело: ТАССДеталі: Джерело в правоохоронних органах РФ повідомило, що в Москві знайшли мертвим віце-президента Газпромбанку Владислава Аваєва, його дружину та неповнолітню доньку.Усі загиблі з вогнепальними пораненнями.За словами джерела, ""за попередньою версією, Аваєв убив дружину і дочку і наклав на себе руки"".Прес-служба московського управління СК, не згадуючи імен загиблих, назвала таку версію пріоритетною.На думку джерела, причиною того, що сталося, міг стати побутовий конфлікт.War in Ukraine (News in English)Засновник проекту: Георгій ГонгадзеГоловний редактор: Севгіль МусаєваРедактор-засновник: Олена ПритулаE-mail редакції: editor@pravda.com.ua","https://www.pravda.com.ua/news/2022/04/18/7340553/","","True","4","2022","en","Moscow had a dead man known as President of the Russian Federation, Gazprombank, who was a friend of the Donka.","Moscow had a dead colicky president named Gazprombank with yoga.","{'event_type': '-999', 'model_outputs': {'-999': -0.4215438961982727, 'arms_transfer_security_aid_assistance': -1.3950432538986206, 'bribery_economic_corruption': -0.2973901331424713, 'diaspora_activation': 0.3123248219490051, 'diplomatic_mediation': -0.6184865236282349, 'diplomatic_recognition': -0.29381459951400757, 'diplomatic_sanction': -0.5584182739257812, 'diplomatic_statement': 1.276665210723877, 'diplomatic_visit': 2.7962751388549805, 'economic_aid_assistance': -1.0959546566009521, 'intelligence_counterintelligence': -1.127243161201477, 'investment': 5.976325035095215, 'joint_security_force_exercise': -0.555822491645813, 'media_campaign_intervention': -0.2581222951412201, 'social_academic_cultural_activity': -0.4010138511657715, 'political_process_policy_intervention': -0.36090195178985596, 'professional_cultural_exchange': -0.06052452325820923, 'security_cooperation': -0.5634738206863403, 'security_force_facility_presence': -0.8802912831306458, 'official_security_force_facility_presence': 0.39486268162727356, 'surveillance': -1.3083237409591675, 'tech_transfer_investment': 0.19983069598674774, 'trade_agreement_exchange': -0.4788893163204193, 'trade_financial_sanction': 1.4449069499969482, 'transnational_organization_crime': -1.1601481437683105}}","{'RUS': ['Russian Federation', 'Moscow'], 'GIN': ['Donka']}","{'event_type': '-999', 'model_outputs': {'arrest': -0.16679617762565613, 'protest': -0.570080041885376, 'legalaction': 0.10530900955200195, 'disaster': 0.3006618320941925, 'censor': -0.5584897398948669, 'electionactivity': 0.44139426946640015, 'electionirregularities': -1.3277801275253296, 'activism': -1.487643837928772, 'martiallaw': -0.8556533455848694, 'cooperate': -0.214640274643898, 'coup': -1.0346828699111938, 'violencenonlethal': 0.01211237907409668, 'violencelethal': -0.5823751091957092, 'corruption': -0.056924402713775635, 'legalchange': 0.4393957257270813, 'mobilizesecurity': -0.8178455829620361, 'purge': -0.1486741453409195, 'threaten': -0.3179242014884949, 'raid': -1.3778266906738281, '-999': 10.189579010009766}}","{'result': 'No', 'model_outputs': {'Yes': -0.6077429056167603, 'No': 0.45579293370246887}}","","","","","","","","Ukraine"
"82829","1084","6409f2b2f6e5f70b7ddd38d3","['Publika.Md - Aici Sunt Știrile']","2023-03-09 09:52:34.252",NA,"2022-03-01 07:18:38","Oligarhii ruşi, una dintre principalele forțe pe care se ține autoritatea președintelui Vladimir Putin în Rusia, încep să iasă la rampă și să ceară încetarea războiului. După ce au suferit pierderi uriașe în urma sancțiunilor impuse de Occident, câțiva oa","https%3A%2F%2Fwww.publika.md%2Foligarhii-rusi-impotriva-razboiului-inacceptabil-ca-in-ucraina-mor-oameni-nevinovati_3121819.html.json","https://media.publika.md/md/image/202203/full/screenshot-22_78962900.jpg","ro","Oligarhii ruşi, ÎMPOTRIVA RĂZBOIULUI: Inacceptabil că în Ucraina mor oameni nevinovați",NA,NA,"publika.md","Oligarhii ruşi, una dintre principalele forțe pe care se ține autoritatea președintelui Vladimir Putin în Rusia, încep să iasă la rampă și să ceară încetarea războiului. După ce au suferit pierderi uriașe în urma sancțiunilor impuse de Occident, câțiva oameni de afaceri au făcut apel la Putin să oprească războiul împotriva Ucrainei.
Liderul de la Kremlin a primit o lovitură din partea unuia dintre cei mai apropiați oameni ai săi: miliardarul Oleg Deripaska. Acesta a postat pe canalul său de Telegram un apel la negocieri pentru pace.
Fondatorul gigantului rus al aluminiului Rusal a scris că războiul dintre două popoare frățești nu trebuia să înceapă și că reprezintă o catastrofă. Iar oligarhul Mihail Fridman, născut în vestul Ucrainei, s-a declarat extrem de atașat de ambele popoare și profund îndurerat de războiul izbucnit săptămâna trecută.
„Deși o soluție pare groaznic de îndepărtată, nu pot decât să mă alătur celor a căror dorință arzătoare este ca vărsarea de sânge să ia sfârșit.” a scris Fridman într-un mesaj adresat angajaților.
Omul de afaceri Oleg Tinkov, cu o avere de 8,2 miliarde de dolari, a declarat că țările ar trebui să-și cheltuiască banii pe rezolvarea problemelor oamenilor, nu pe război. Într-o postare pe Instagram, el a scris că e de neconceput şi inacceptabil că în Ucraina mor zilnic oameni nevinovați.
Miliardarul Roman Abramovici a devenit omul de legătură dintre ucraineni și Vladimir Putin, a declarat purtătorul lui de cuvânt. Potrivit acestuia, Abramovici, care are cetăţenie rusă şi israeliană, a fost contactat prin intermediul comunității evreiești din Ucraina și depune eforturi pentru o soluționare pașnică a conflictului.","https://www.publika.md/oligarhii-rusi-impotriva-razboiului-inacceptabil-ca-in-ucraina-mor-oameni-nevinovati_3121819.html","Direct2","True","3","2022","en","The Russian oligarchs, one of the main forces held by President Vladimir Putin's authority in Russia, begin to strike and call for the end of the war. After they suffered serious losses following the sanctions imposed by the West, how many","Russian oligarchs, RUZBOILI: Inadmissible that innocent people in Ukraine die","{'event_type': 'bribery_economic_corruption', 'model_outputs': {'-999': -0.6209976673126221, 'arms_transfer_security_aid_assistance': -0.6095736026763916, 'bribery_economic_corruption': 6.701272010803223, 'diaspora_activation': -0.32569795846939087, 'diplomatic_mediation': -0.7040619850158691, 'diplomatic_recognition': -0.6937661170959473, 'diplomatic_sanction': 1.3769010305404663, 'diplomatic_statement': -0.544202983379364, 'diplomatic_visit': 0.24105806648731232, 'economic_aid_assistance': -0.6326067447662354, 'intelligence_counterintelligence': 0.5022028684616089, 'investment': 2.190793514251709, 'joint_security_force_exercise': -0.9668389558792114, 'media_campaign_intervention': -0.6457614898681641, 'social_academic_cultural_activity': 0.11497556418180466, 'political_process_policy_intervention': 2.168682813644409, 'professional_cultural_exchange': 0.3586575388908386, 'security_cooperation': -1.2427809238433838, 'security_force_facility_presence': -1.449957251548767, 'official_security_force_facility_presence': -0.3842439353466034, 'surveillance': -0.5678441524505615, 'tech_transfer_investment': -0.8185132145881653, 'trade_agreement_exchange': -1.40400230884552, 'trade_financial_sanction': 0.9526456594467163, 'transnational_organization_crime': 0.315860390663147}}","{'RUS': ['Russian Federation'], 'UKR': ['Ukraine'], 'USA': ['West']}","{'event_type': '-999', 'model_outputs': {'arrest': -0.7977066040039062, 'protest': -0.036565929651260376, 'legalaction': -1.0791794061660767, 'disaster': 1.1950690746307373, 'censor': -0.7572064399719238, 'electionactivity': -0.2472447156906128, 'electionirregularities': -1.295059084892273, 'activism': -0.7108836770057678, 'martiallaw': -1.4155395030975342, 'cooperate': -0.7206559181213379, 'coup': -0.8323870897293091, 'violencenonlethal': 0.6885769963264465, 'violencelethal': 3.817594051361084, 'corruption': -0.42816397547721863, 'legalchange': -0.5313085913658142, 'mobilizesecurity': -0.755922257900238, 'purge': -0.6050866842269897, 'threaten': -1.0883227586746216, 'raid': -1.35696542263031, '-999': 8.116740226745605}}","{'result': 'Yes', 'model_outputs': {'Yes': 1.4748406410217285, 'No': -1.4400763511657715}}","","","","","","","","Moldova"
"65595","236","63c51d92547bacb5990bec42","[]","2023-01-16 04:49:06.315",NA,"2021-11-23",NA,"https%3A%2F%2Fwww.caravan.kz%2Fnews%2Fpevica-dequine-rasskazala-almaty-predpochitaet-ili-moskvu-793696%2F.json","https://static.caravan.kz/image/600/314/615696.jpg","ru","Певица Dequine рассказала, Алматы предпочитает или Москву - Новости | Караван",NA,NA,"caravan.kz","  Dequine предложила задать ей вопросы, и один из подписчиков написал: ""Москва или Алматы?"", передаёт медиа-порталСaravan.kz. В ответ девушка написала, что ей сложно выбрать. ""Алматы - подростковый период, нежность и душа. Москва - плотный ритм, work flow, мое взросление и новые грани. Сложно выбрать, у них совершенно разный ответ на вопрос ""для чего?"" и разные настроения. Но ненавистная Москва полюбилась мне и стала частью меня. Сейчас обожаю и тот, и тот город"".  Напомним, ранее Dequine рассказала о своей депрессии.  ","https://www.caravan.kz/news/pevica-dequine-rasskazala-almaty-predpochitaet-ili-moskvu-793696/","Direct2","True","11","2021","en","Devine offered to ask her questions, and one of the subscribers wrote, ""Moscow or Almaty?"", transmitting the media portal Saravan.kz. In response, the girl wrote that it was difficult for her to choose. ""Almats are teenagers, tenderness and soul. Moscow is a dense rhythm, workflow, my maturity and new features.","The singer Dekine told me whether Almaty prefers Moscow or the News of Caravan.","{'event_type': 'professional_cultural_exchange', 'model_outputs': {'-999': -0.7484247088432312, 'arms_transfer_security_aid_assistance': -1.0683281421661377, 'bribery_economic_corruption': -1.4311593770980835, 'diaspora_activation': 2.7275030612945557, 'diplomatic_mediation': -0.7241520881652832, 'diplomatic_recognition': 0.31027308106422424, 'diplomatic_sanction': -0.046383943408727646, 'diplomatic_statement': 1.8928773403167725, 'diplomatic_visit': 2.987391471862793, 'economic_aid_assistance': -1.3690557479858398, 'intelligence_counterintelligence': -0.9815820455551147, 'investment': -0.5616138577461243, 'joint_security_force_exercise': -0.15152007341384888, 'media_campaign_intervention': 0.9192796945571899, 'social_academic_cultural_activity': -0.642973780632019, 'political_process_policy_intervention': -0.14103718101978302, 'professional_cultural_exchange': 5.415191650390625, 'security_cooperation': 0.9617679119110107, 'security_force_facility_presence': -0.19457218050956726, 'official_security_force_facility_presence': -1.2375189065933228, 'surveillance': -1.1248583793640137, 'tech_transfer_investment': -1.068138837814331, 'trade_agreement_exchange': -0.5358173847198486, 'trade_financial_sanction': -0.08089951425790787, 'transnational_organization_crime': -2.244110584259033}}","{'KAZ': ['Almaty'], 'RUS': ['Moscow']}","{'event_type': '-999', 'model_outputs': {'arrest': -0.30298495292663574, 'protest': -0.4375755786895752, 'legalaction': 0.11281871795654297, 'disaster': -0.1627429723739624, 'censor': -0.3581359386444092, 'electionactivity': 0.5520732998847961, 'electionirregularities': -1.0760977268218994, 'activism': -1.2058571577072144, 'martiallaw': -1.1913671493530273, 'cooperate': -0.44656509160995483, 'coup': -0.9611073732376099, 'violencenonlethal': 0.10822902619838715, 'violencelethal': -1.0576145648956299, 'corruption': -0.12467440962791443, 'legalchange': 0.373049259185791, 'mobilizesecurity': -0.9060233235359192, 'purge': -0.42217448353767395, 'threaten': -0.24469785392284393, 'raid': -1.3969136476516724, '-999': 10.065740585327148}}","{'result': 'No', 'model_outputs': {'Yes': -2.020777702331543, 'No': 1.5915699005126953}}","professional_cultural_exchange","-999","professional_cultural_exchange","-999","","['Moscow']","No","Kazakhstan"
"45012","2445","62907697ca3e528e2891e7c6","[]","2022-05-27 02:58:31.963",NA,"2022-04-04 19:55:00","","https%3A%2F%2Fgolosarmenii.am%2Farticle%2F146019%2Fv-gosdumu-vnesen-proekt-priznaniya-armyanskix-voditelskix-prav-v-rossii.json","https://golosarmenii.am/media/photos/album134/133762_555_343.jpg","ru","В Госдуму внесен проект признания армянских водительских прав в России","","","golosarmenii.am","          «Проектируемые изменения предусматривают признание на территории Российской Федерации национальных водительских удостоверений граждан Республики Армении при осуществлении предпринимательской и трудовой деятельности, связанной с управлением транспортными средствами», - говорится в пояснительной записке.","https://golosarmenii.am/article/146019/v-gosdumu-vnesen-proekt-priznaniya-armyanskix-voditelskix-prav-v-rossii","Direct2","True","4","2022","en","""The proposed changes provide for the recognition in the territory of the Russian Federation of national driving permits of Armenian citizens in business and work activities related to the driving of vehicles"", the explanatory note states.","A project on recognition of Armenian driving permits in Russia has been introduced in the State Council.","{'event_type': 'diplomatic_recognition', 'model_outputs': {'-999': -0.9205653667449951, 'arms_transfer_security_aid_assistance': 0.47366994619369507, 'bribery_economic_corruption': -0.7778748273849487, 'diaspora_activation': 0.6415891647338867, 'diplomatic_mediation': -0.2391529381275177, 'diplomatic_recognition': 3.0963082313537598, 'diplomatic_sanction': 1.1537861824035645, 'diplomatic_statement': -0.6585237383842468, 'diplomatic_visit': -0.8592655062675476, 'economic_aid_assistance': 0.10602982342243195, 'intelligence_counterintelligence': -1.1268402338027954, 'investment': 1.2451058626174927, 'joint_security_force_exercise': -1.286841630935669, 'media_campaign_intervention': -1.1555657386779785, 'social_academic_cultural_activity': -0.5020498037338257, 'political_process_policy_intervention': 0.8239324688911438, 'professional_cultural_exchange': 1.7535446882247925, 'security_cooperation': 1.5524208545684814, 'security_force_facility_presence': -1.7149760723114014, 'official_security_force_facility_presence': -1.0815434455871582, 'surveillance': -1.4499919414520264, 'tech_transfer_investment': 0.045641716569662094, 'trade_agreement_exchange': 0.9075111150741577, 'trade_financial_sanction': 0.8610172271728516, 'transnational_organization_crime': -0.8266572952270508}}","{'RUS': ['Russian Federation']}","{'event_type': '-999', 'model_outputs': {'arrest': -1.0743135213851929, 'protest': -0.5456682443618774, 'legalaction': -1.1499725580215454, 'disaster': -0.48499828577041626, 'censor': -0.9090580940246582, 'electionactivity': 0.4521467387676239, 'electionirregularities': -1.2009100914001465, 'activism': -0.49414578080177307, 'martiallaw': -0.08648112416267395, 'cooperate': 6.068727493286133, 'coup': -1.3628242015838623, 'violencenonlethal': -1.4647732973098755, 'violencelethal': -1.1478381156921387, 'corruption': -1.2565202713012695, 'legalchange': 2.178067922592163, 'mobilizesecurity': -0.7385378479957581, 'purge': -0.5648630857467651, 'threaten': -0.007438182830810547, 'raid': -1.5245752334594727, '-999': 6.753792762756348}}","{'result': 'No', 'model_outputs': {'Yes': -2.1317672729492188, 'No': 1.579375982284546}}","","","","",NA,"","","Armenia"
"67585","793","63c1270cc573691803acdaa2","[]","2023-01-13 04:40:27.990",NA,"2022-03-04",NA,"https%3A%2F%2Fkaztag.kz%2Fen%2Fnews%2Fimported-products-soared-by-30-40-due-to-sanctions-in-kazakhstan-expert.json","https://kaztag.kz/upload/iblock/f5a/investpolitika.png","en","Imported products soared by 30-40% due to sanctions in Kazakhstan- expert",NA,NA,"kaztag.kz","Almaty. March 4. KazTAG - The imported products are becoming more expensive by 30-40%, commented on the situation with the impact of anti-Russian sanctions on the Kazakhstani economy, said Yuri Negodyuk co-owner of Pinta, BAO and Banka restaurants.
“We haven’t really faced the circumstances  yet. In a week or two you will already feel the impact. We are already receiving letters from suppliers, products are becoming more expensive, moreover, by 30-40%. For example, we bought salmon for KZT5.4 thousand, and now it costs KZT8 thousand. That is, this is already an increase of 20-30%,” Negodyuk told a KazTAG.
And this is not the limit, he believes, prices will rise even more.
Against the backdrop of violations in supply chains and the fall of the tenge following the ruble due to sanctions, restaurateurs decide: to remove dishes from the menu that contain Russian and European products or leave them more expensive, because it is impossible to replace these products with Kazakhstani counterparts. 
Photo source: picture from an open source
 
Astana. January 12. KazTAG - The exchange rate of the tenge against the US dollar from the beginn... 
 
Astana. January 12. KazTAG - Former President Nursultan Nazarbayev has been deprived of &nbs... 
Kazakh telegraph agency. 
2008 - 2023. All rights reserved.
 Information can be used only with written permission of KazTAG international news agency. Information can be used only with written permission of KazTAG international news agency.","https://kaztag.kz/en/news/imported-products-soared-by-30-40-due-to-sanctions-in-kazakhstan-expert","Direct2","True","3","2022","en","Almaty. March 4. KazTAG - The imported products are becoming more expensive by 30-40%, commented on the situation with the impact of anti-Russian sanctions on the Kazakhstani economy, said Yuri Negodyuk co-owner of Pinta, BAO and Banka restaurants.
“We haven’t really faced the circumstances  yet. In a week or two you will already feel the impact. We are already receiving letters from suppliers, products are becoming more expensive, moreover, by 30-40%. For example, we bought salmon for KZT5.4 thousand, and now it costs KZT8 thousand. That is, this is already an increase of 20-30%,” Negodyuk told a KazTAG.
And this is not the limit, he believes, prices will rise even more.
Against the backdrop of violations in supply chains and the fall of the tenge following the ruble due to sanctions, restaurateurs decide: to remove dishes from the menu that contain Russian and European products or leave them more expensive, because it is impossible to replace these products with Kazakhstani counterparts. 
Photo source: picture from an open source
 
Astana. January 12. KazTAG - The exchange rate of the tenge against the US dollar from the beginn... 
 
Astana. January 12. KazTAG - Former President Nursultan Nazarbayev has been deprived of &nbs... 
Kazakh telegraph agency. 
2008 - 2023. All rights reserved.
 Information can be used only with written permission of KazTAG international news agency. Information can be used only with written permission of KazTAG international news agency.","Imported products soared by 30-40% due to sanctions in Kazakhstan- expert","{'event_type': 'trade_financial_sanction', 'model_outputs': {'-999': -0.6117729544639587, 'arms_transfer_security_aid_assistance': 1.440707802772522, 'bribery_economic_corruption': -0.10991166532039642, 'diaspora_activation': -1.4441611766815186, 'diplomatic_mediation': -1.1203839778900146, 'diplomatic_recognition': -0.4432511031627655, 'diplomatic_sanction': 0.8615812659263611, 'diplomatic_statement': -0.031941115856170654, 'diplomatic_visit': 0.17043766379356384, 'economic_aid_assistance': -0.06615406274795532, 'intelligence_counterintelligence': -0.07855866849422455, 'investment': -0.5618346929550171, 'joint_security_force_exercise': -0.8393572568893433, 'media_campaign_intervention': -0.5461920499801636, 'social_academic_cultural_activity': -0.25761914253234863, 'political_process_policy_intervention': -0.6270183324813843, 'professional_cultural_exchange': -0.180403470993042, 'security_cooperation': -1.017666220664978, 'security_force_facility_presence': -1.572350025177002, 'official_security_force_facility_presence': -1.270512342453003, 'surveillance': 0.141981840133667, 'tech_transfer_investment': -0.667928159236908, 'trade_agreement_exchange': -0.09803161025047302, 'trade_financial_sanction': 9.595785140991211, 'transnational_organization_crime': -1.252915382385254}}","{'KAZ': ['Republic of Kazakhstan', 'Almaty', 'Nur-Sultan'], 'USA': ['United States']}","{'event_type': '-999', 'model_outputs': {'arrest': -1.1149036884307861, 'protest': -0.737513542175293, 'legalaction': -0.07467403262853622, 'disaster': 0.6401855945587158, 'censor': -0.43649423122406006, 'electionactivity': -0.1552390456199646, 'electionirregularities': -1.564056158065796, 'activism': -0.37793755531311035, 'martiallaw': -0.5828893184661865, 'cooperate': 1.2148323059082031, 'coup': -1.2528388500213623, 'violencenonlethal': -0.16648149490356445, 'violencelethal': -0.9264683127403259, 'corruption': -0.03857317566871643, 'legalchange': 0.5292981266975403, 'mobilizesecurity': -0.9618507623672485, 'purge': -0.5603156685829163, 'threaten': 0.35108286142349243, 'raid': -1.6503245830535889, '-999': 10.072349548339844}}","{'result': 'No', 'model_outputs': {'Yes': -1.6484622955322266, 'No': 1.1357766389846802}}","-999","-999","-999","-999","","[]","No","Kazakhstan"
"77780","7600","651248c5582564317fd0dacd","[]","2023-09-25 22:58:13.776",NA,"2022-04-13 11:48:00","Një fotograf nga agjencia e lajmeve AFP është përfshirë me forcat ruse në qytetin ukrainas të Mariupol, të cilin Moska pretendon se është afër kapjes pas një rrethimi njëjavor, shkruan...","https%3A%2F%2Fwww.botasot.info%2Fevrope-bota%2F1794820%2Ffotot-e-trupave-ruse-ne-mariupol%2F.json","https://botasot.info/media/botasot.info/images/2022/April/13/auto_df80c5a2-9b29-4196-a2d8-3fb02bd6c33a1649843293.jpg","sq","Fotot e trupave ruse në Mariupol",NA,NA,"botasot.info","Një fotograf nga agjencia e lajmeve AFP është përfshirë me forcat ruse në qytetin ukrainas të Mariupol, të cilin Moska pretendon se është afër kapjes pas një rrethimi njëjavor, shkruan CNN, transmeton Bota sot.
 Udhëtimi u organizua nga ushtria ruse. Fotot tregojnë trupat ruse të armatosura mirë që patrullojnë nëpër qytetin e rrënuar, si dhe ndërveprojnë me vendasit dhe shpërndajnë ushqime.
 Luftimet janë ndezur në dhe rreth Mariupol që nga fillimi i luftës në fund të shkurtit. Kryetari i bashkisë së qytetit ka thënë se rreth 21 mijë civilë janë vrarë, ndërsa 100 mijë të tjerë janë ende në pritje të evakuimit.

""Qyteti është nën rrethim total. Granatimet dhe bombardimet nuk ndalojnë kurrë"", tha sot ndër të tjera deputeti ukrainas Dymtro Gurin për programin ""Today"" të BBC Radio 4 këtë mëngjes, duke përshkruar situatën në qytetin juglindor Mariupol, transmeton Bota sot.","https://www.botasot.info/evrope-bota/1794820/fotot-e-trupave-ruse-ne-mariupol/","Direct2","True","4","2022","en","A photographer from the AFP news agency has been involved with Russian forces in the Ukrainian town of Mariupol, which Moscow claims is close to being captured after a week-long siege, writes CNN, broadcasts the World today.The trip was organised by the Russian Army.The photos show Russian armed troops patrolling through the ruined city, and interacting with locals and distributing food.The wars have been lit in and around Marioupol since the beginning of the war in late February","pictures of Russian troops in Marioupol","{'event_type': 'security_force_facility_presence', 'model_outputs': {'-999': -0.004866838455200195, 'arms_transfer_security_aid_assistance': -0.7190321087837219, 'bribery_economic_corruption': -1.020053744316101, 'diaspora_activation': 0.14397430419921875, 'diplomatic_mediation': -0.17600366473197937, 'diplomatic_recognition': -1.0001803636550903, 'diplomatic_sanction': -1.1517612934112549, 'diplomatic_statement': 1.6820464134216309, 'diplomatic_visit': -0.8175269365310669, 'economic_aid_assistance': -0.7104238271713257, 'intelligence_counterintelligence': -1.1291167736053467, 'investment': -0.2594866156578064, 'joint_security_force_exercise': -0.2071302980184555, 'media_campaign_intervention': -0.08630488812923431, 'social_academic_cultural_activity': -0.037453845143318176, 'political_process_policy_intervention': -0.3881634473800659, 'professional_cultural_exchange': -0.7342101335525513, 'security_cooperation': 0.6488451957702637, 'security_force_facility_presence': 9.167287826538086, 'official_security_force_facility_presence': -0.5514337420463562, 'surveillance': 0.10257714986801147, 'tech_transfer_investment': -1.0498543977737427, 'trade_agreement_exchange': -1.3726539611816406, 'trade_financial_sanction': -1.984790325164795, 'transnational_organization_crime': -0.33089137077331543}}","{'UKR': ['Mariupol'], 'RUS': ['Moscow']}","{'event_type': 'mobilizesecurity', 'model_outputs': {'arrest': -0.1476668417453766, 'protest': 0.05890604853630066, 'legalaction': -2.0759854316711426, 'disaster': -0.06812414526939392, 'censor': -1.3956661224365234, 'electionactivity': -0.4573594629764557, 'electionirregularities': -1.5277936458587646, 'activism': -0.8256409168243408, 'martiallaw': -1.4444559812545776, 'cooperate': -0.08391386270523071, 'coup': -0.8588587045669556, 'violencenonlethal': 2.6700193881988525, 'violencelethal': -0.3630537986755371, 'corruption': -0.815515398979187, 'legalchange': -1.3624212741851807, 'mobilizesecurity': 5.358470916748047, 'purge': -1.0776653289794922, 'threaten': -0.09928754717111588, 'raid': -0.07354165613651276, '-999': 4.877161502838135}}","{'result': 'Yes', 'model_outputs': {'Yes': 0.9550876021385193, 'No': -0.815104067325592}}","","","","","","","","Kosovo"
"110116","3326","627ad4c02e913999ae7866f0","[]","2022-05-10 17:10:23.551",NA,"2022-05-02 18:45:26","Rusya felaketi yaşıyor! OHAL ilan edildi - Ukrayna ile savaşan Rusya felaketi yaşıyor. Ülkenin Sibirya bölgesindeki Krasnoyarsk'ın kırsal alanlarında çıkan orman yangınları her geçen saat büyüyor. 250 hektarlık alana yayılan yangın nedeniyle olağanüstü hal (OHAL) ilan edildi.","https%3A%2F%2Fwww.sozcu.com.tr%2F2022%2Fdunya%2Frusya-felaketi-yasiyor-ohal-ilan-edildi-7111667%2F.json","https://i01.sozcucdn.com/wp-content/uploads/2022/05/02/iecrop/orman_16_9_1651505992-670x371.jpg","tr","Rusya felaketi yaşıyor! OHAL ilan edildi",NA,NA,"sozcu.com.tr","Rusya felaketi yaşıyor! OHAL ilan edildi
Ukrayna ile savaşan Rusya felaketi yaşıyor. Ülkenin Sibirya bölgesindeki Krasnoyarsk'ın kırsal alanlarında çıkan orman yangınları her geçen saat büyüyor. 250 hektarlık alana yayılan yangın nedeniyle olağanüstü hal (OHAL) ilan edildi.
Yazıları büyüt
Yazıları küçült
Standart boyut
Rusya’nın Sibirya ve Uzak Doğu bölgelerinde geçtiğimiz aylarda başlayan lokal yangınlara itfaiye ekipleri müdahale etmeye çalışırken, Krasnoyarsk bölgesindeki yangınlar kontrol edilemez hale geldi.
250 HEKTARLIK ALANA YAYILDI
Rusya Acil Durumlar Bakanlığı kırsal bölgelerdeki orman yangınlarının büyüdüğünü duyurarak, “Bugün, Krasnoyarsk bölgesindeki Minusinsk kentindeki orman yangınları Znamenka, Ozero Tagarskoye ve Lugavskoye köylerinin yerleşim alanlarına yayıldı. Şu ana kadar ölü ve yaralı kaydedilmedi. Ön bilgilere göre orman yangınları 250 hektarlık alana yayıldı. Yangını söndürmek için Rusya Acil Durumlar Bakanlığı’na bağlı 235 personel 61 teçhizat ile görev yapıyor” açıklamasında bulundu.
OHAL İLAN EDİLDİ
Açıklamanın devamında Minusinsk kentinde olağanüstü hal (OHAL) ilan edildiği bildirilerek, “Minusinsk, Ozera Tagarskoye ve Lugavskoye köylerindeki orman yangınları ile bağlantılı olarak Rusya Acil Durumlar Bakanlığı Minusinsk bölge başkanlığı, olağanüstü hal uygulanması kararı aldı” ifadeleri kullanıldı.
TAHLİYELERE HAZIRLANIYOR
Minusinsk bölge idaresi tarafından yapılan bir başka açıklamada Minusinsk, Ozera Tagarskoye ve Lugavskoye köylerindeki sakinlerin tahliye edileceği ve bunun için tahliye otobüslerinin hazırlandığı belirtildi.
Köy sakinlerinin ise Selivanikha köyünde kurulacak olan geçici yaşam alanlarına aktarılacağı ifade edildi. Öte yandan, bölgedeki bazı evlerin alevlerin arasında kaldığı, otluk alanlarda da yangın çıktığı ve büyüyen alevlere helikopterler ile de müdahale edildiği öğrenildi.
İlginizi Çekebilir Rusya-Ukrayna savaşı: Putin'in 9'uncu generalinin öldürüldüğü iddia edildi
İlginizi Çekebilir TBMM Başkanı Şentop: Rusya-Ukrayna savaşı dünyayı tehdit eden büyük riski içinde barındırıyor","https://www.sozcu.com.tr/2022/dunya/rusya-felaketi-yasiyor-ohal-ilan-edildi-7111667/","","True","5","2022","en","Russia's disaster has been declared! State of Emergency has been declared. Russia's war with Ukraine is experiencing disaster. Forest fires in the country's Siberia are growing every hour. Fires in Krasnoyarsk's rural area have been declared extraordinary due to a fire spreading 250 hectares. Grow up.","The Russian disaster has been declared!","{'event_type': '-999', 'model_outputs': {'-999': -0.6422324776649475, 'arms_transfer_security_aid_assistance': -1.593191385269165, 'bribery_economic_corruption': -1.7307801246643066, 'diaspora_activation': 0.19708870351314545, 'diplomatic_mediation': 0.9015313982963562, 'diplomatic_recognition': 0.02692916989326477, 'diplomatic_sanction': 1.5295562744140625, 'diplomatic_statement': 7.482053756713867, 'diplomatic_visit': 2.064575433731079, 'economic_aid_assistance': 0.0611758828163147, 'intelligence_counterintelligence': -0.41816645860671997, 'investment': 0.19788500666618347, 'joint_security_force_exercise': -1.6314280033111572, 'media_campaign_intervention': -1.1039185523986816, 'social_academic_cultural_activity': -0.5635018944740295, 'political_process_policy_intervention': 0.10189156979322433, 'professional_cultural_exchange': -0.4978693425655365, 'security_cooperation': 1.2550519704818726, 'security_force_facility_presence': -0.7585818767547607, 'official_security_force_facility_presence': -1.2323284149169922, 'surveillance': -1.0672600269317627, 'tech_transfer_investment': -0.04252496361732483, 'trade_agreement_exchange': -0.8915830850601196, 'trade_financial_sanction': -0.683738112449646, 'transnational_organization_crime': -1.567995309829712}}","{'RUS': ['Russian Federation', 'Siberia', 'Krasnoyarsk'], 'UKR': ['Ukraine']}","{'event_type': '-999', 'model_outputs': {'arrest': -0.49605199694633484, 'protest': -0.5292198657989502, 'legalaction': -0.47095832228660583, 'disaster': 3.0812160968780518, 'censor': -0.7521569132804871, 'electionactivity': 0.36421772837638855, 'electionirregularities': -1.6580467224121094, 'activism': -1.2799410820007324, 'martiallaw': -0.5176066756248474, 'cooperate': -0.1183808445930481, 'coup': -1.1678376197814941, 'violencenonlethal': 0.4582292437553406, 'violencelethal': -0.6304950714111328, 'corruption': -0.41202062368392944, 'legalchange': -0.22835475206375122, 'mobilizesecurity': -0.7775598764419556, 'purge': -0.4407802224159241, 'threaten': -0.36247584223747253, 'raid': -1.4881653785705566, '-999': 9.839544296264648}}","{'result': 'No', 'model_outputs': {'Yes': -0.981590211391449, 'No': 0.7029983401298523}}","","","","","","","","Turkey"
"22031","4040","63e6604a9e33bcc0ca8515ad","['Фаррух Редакция']","2023-02-10 10:18:34.901",NA,"2022-04-10 17:34:02","Внешний дефолт России практически неизбежен. РФ находится в состоянии «выборочного дефолта». Мир. дефолт, россия, своп.","https%3A%2F%2Fzerkalo.az%2Fvneshnij-defolt-rossii-prakticheski-neizbezhen%2F.json","https://cdn.zerkalo.az/2022/04/rossiya_defolt.jpg","ru","Внешний дефолт России практически неизбежен",NA,NA,"zerkalo.az","Первый в нынешнем столетии внешний дефолт России выглядит «практически неизбежным» после очередной жесткой для финансовой системы страны недели.

Об этом пишет американское агентство Bloomberg, передает Укринформ.
«Прежде всего, министерство финансов США прекратило выплаты долларовых долгов с (заблокированных – ред.) счетов России в американских банках и еще больше усилило ограничения против этой страны», — отмечается в сообщении.
Когда же попытка оплаты в жесткой валюте была заблокирована, РФ нарушила условия по погашению двух выпусков облигаций, выплатив инвесторам рубли вместо долларов.
«Это приблизило часы обратного отсчета на шаг ближе к дефолту», — отмечает издание.
В то же время в международных политических и финансово-экономических кругах усиливаются прогнозы, что Россия может избегать дефолта только в течение непродолжительного времени. Так, по последним данным ICE Data Services, облигации страны уже торгуются на «глубоко проблемной территории», а страхование долга предполагает почти 90% вероятность того, что дефолт состоится в этом году.
Долларовые облигации, которые Россия пыталась оплатить рублями несколько дней назад, имеют 30-дневный льготный период. За это время Россия должна найти обходной путь или выдвинуть свой аргумент, что это не дефолт, а платеж технически был осуществлен, говорится в публикации.
«Если России не удастся организовать выплаты владельцам облигаций в течение льготного периода, и на счета не поступят доллары, то это дефолт, сработает дефолтный своп», – прокомментировал ситуацию главный инвестиционный директор берлинского Capitulum Asset Management Лутц Рохмайер.
Как сообщалось, последний раз Россия объявляла дефолт в 1998 году, но по внутреннему долгу. Наружный дефолт у страны был после революции 1917 года.
В эту субботу рейтинговое агентство S&P объявило о том, что РФ находится в состоянии «выборочного дефолта» после того, как 4 апреля страна использовала рубли для проведения платежей по долларовым облигациям.","https://zerkalo.az/vneshnij-defolt-rossii-prakticheski-neizbezhen/","Direct2","True","4","2022","en","Russia's first external default in this century looks ""almost inevitable"" after another tight week for the country's financial system. It is written by the American Bloomberg Agency, which transmits Ucrinform.","Russia's external default is almost inevitable.","{'event_type': 'diplomatic_statement', 'model_outputs': {'-999': -0.36545267701148987, 'arms_transfer_security_aid_assistance': -0.5297237634658813, 'bribery_economic_corruption': -1.4769562482833862, 'diaspora_activation': -0.9485498070716858, 'diplomatic_mediation': 1.0823432207107544, 'diplomatic_recognition': -0.1977347433567047, 'diplomatic_sanction': -0.5869916081428528, 'diplomatic_statement': 6.419817924499512, 'diplomatic_visit': 0.014924857765436172, 'economic_aid_assistance': -0.28045380115509033, 'intelligence_counterintelligence': -1.1725058555603027, 'investment': 1.2874951362609863, 'joint_security_force_exercise': -1.9022130966186523, 'media_campaign_intervention': -1.3003153800964355, 'social_academic_cultural_activity': -0.7420617341995239, 'political_process_policy_intervention': 1.0955297946929932, 'professional_cultural_exchange': -1.4911785125732422, 'security_cooperation': 1.2718613147735596, 'security_force_facility_presence': -0.36690253019332886, 'official_security_force_facility_presence': -1.2169766426086426, 'surveillance': 0.3106016218662262, 'tech_transfer_investment': -1.0217922925949097, 'trade_agreement_exchange': 0.51766437292099, 'trade_financial_sanction': 2.3894214630126953, 'transnational_organization_crime': -1.5714390277862549}}","{'RUS': ['Russian Federation']}","{'event_type': '-999', 'model_outputs': {'arrest': -0.34890487790107727, 'protest': -0.42252790927886963, 'legalaction': -0.5269621014595032, 'disaster': 1.9034098386764526, 'censor': -0.6312383413314819, 'electionactivity': 0.28178203105926514, 'electionirregularities': -1.5722050666809082, 'activism': -0.9331284165382385, 'martiallaw': -0.8783057928085327, 'cooperate': 0.24421639740467072, 'coup': -1.0213329792022705, 'violencenonlethal': 0.32814282178878784, 'violencelethal': -1.2032891511917114, 'corruption': -0.45422521233558655, 'legalchange': 0.0429161936044693, 'mobilizesecurity': -0.7488141655921936, 'purge': -0.5369665622711182, 'threaten': -0.08610796928405762, 'raid': -1.5930047035217285, '-999': 10.175766944885254}}","{'result': 'No', 'model_outputs': {'Yes': -1.6371980905532837, 'No': 1.0747510194778442}}","","","","","","","","Azerbaijan"
"35615","6478","632a69091f6031fe8273c801","['Peyotto Technologies', 'Գոհար Հայրապետյան', 'Արթուր Աղաբեկյան', 'Վոլոդյա Մուշեղյան', 'Դավիթ Գրիգորյան', 'Ժիրայր Ոսկանյան']","2022-09-20 21:29:45.321",NA,"2022-08-08",NA,"https%3A%2F%2Fwww.1in.am%2F3149083.html.json","https://www.1in.am/assets/uploads/2022/08/Untitled-1-196-540x360.jpg","hy","Ինչո՞ւ են Մեղրի-Ագարակ ճանապարհին հսկողություն իրականացնում ռուս սահմանապահները",NA,NA,"1in.am","Մամուլում լուրեր էին շրջանառվում, թե Մեղրի-Ագարակ ճանապարհին ռուս խաղաղապահները հսկում են ճանապարհը և բոլոր քաղաքացիներին կանգնեցնում են, ստուգում, նոր՝ բաց թողնում։ Ըստ շրջանառվող լուրերի՝ մի համայնքից մյուսը գնացող քաղաքացիները ստիպված են մաքսակետերով կամ անցակետերով անցնել։","https://www.1in.am/3149083.html","Direct2","True","8","2022","en","There were reports in Mamulul that Russian peacemen control the road and stop all citizens, check it out, leave it open.","Why are Russia's border crossings controlled by the Black Sea route?","{'event_type': '-999', 'model_outputs': {'-999': -0.5954134464263916, 'arms_transfer_security_aid_assistance': -1.2773524522781372, 'bribery_economic_corruption': -1.152169942855835, 'diaspora_activation': 0.6470110416412354, 'diplomatic_mediation': -1.3348746299743652, 'diplomatic_recognition': 1.3965976238250732, 'diplomatic_sanction': 5.153739929199219, 'diplomatic_statement': 1.8800997734069824, 'diplomatic_visit': -0.2972937226295471, 'economic_aid_assistance': -0.8980450630187988, 'intelligence_counterintelligence': 0.5691996812820435, 'investment': -0.8396587371826172, 'joint_security_force_exercise': -1.2238070964813232, 'media_campaign_intervention': -0.14396066963672638, 'social_academic_cultural_activity': 0.3317767083644867, 'political_process_policy_intervention': 0.21125593781471252, 'professional_cultural_exchange': -0.471668541431427, 'security_cooperation': 0.07105351984500885, 'security_force_facility_presence': -0.07560651004314423, 'official_security_force_facility_presence': -1.126533031463623, 'surveillance': -0.962944746017456, 'tech_transfer_investment': -1.3978211879730225, 'trade_agreement_exchange': -0.8619393110275269, 'trade_financial_sanction': 1.6403169631958008, 'transnational_organization_crime': 0.4009450674057007}}","{'RUS': ['Russian Federation', 'Russian Black Sea Coast']}","{'event_type': '-999', 'model_outputs': {'arrest': -0.49091339111328125, 'protest': -0.43952974677085876, 'legalaction': -0.7215312719345093, 'disaster': 0.5323469638824463, 'censor': 0.02506031095981598, 'electionactivity': -0.018444174900650978, 'electionirregularities': -1.4411519765853882, 'activism': -0.7389939427375793, 'martiallaw': -0.3717772662639618, 'cooperate': -0.16030217707157135, 'coup': -0.9881010055541992, 'violencenonlethal': 0.3418302834033966, 'violencelethal': -1.0050530433654785, 'corruption': -0.8856523633003235, 'legalchange': 0.9501925706863403, 'mobilizesecurity': -0.425102561712265, 'purge': -0.709359884262085, 'threaten': -0.44997018575668335, 'raid': -1.1592957973480225, '-999': 9.827890396118164}}","{'result': 'Yes', 'model_outputs': {'Yes': 0.787084698677063, 'No': -0.644396185874939}}","","-999","security_force_facility_presence","","","","","Armenia"
"37397","1376","629b5d72894f92560a3eb9de","[]","2022-06-04 09:26:10.225",NA,"2022-03-05",NA,"https%3A%2F%2Fwww.aravot.am%2F2022%2F03%2F05%2F1251647%2F.json","https://www.aravot.am/wp-content/uploads/2021/10/Ararat-Mirzoyan-Sergey-Lavrov.jpg","hy","Արարատ Միրզոյանն ու Սերգել Լավրովը հեռախոսազրույց են ունեցել",NA,NA,"aravot.am","
Այսօր կայացել է Ռուսաստանի և Հայաստանի արտգործնախարարներ Սերգեյ Լավրովի և Արարատ Միրզոյանի հեռախոսազրույցը, հաղորդում է ՌԴ արտաքին քաղաքական գերատեսչությունը: «Արտաքին քաղաքական գերատեսչությունների ղեկավարները քննարկել են երկկողմ օրակարգի մի շարք արդիական հարցեր, ինչպես նաև՝ միջազգային հարթակներում Ռուսաստանի և Հայաստանի դիրքորոշումների համակարգումը», – ասված է հաղորդագրությունում:
🇷🇺🇦🇲📞 В ходе телефонного разговора С.В.Лаврова с Министром иностранных дел Армении А.С.Мирзояном.🤝 Главы внешнеполитических ведомств обсудили ряд актуальных вопросов двусторонней повестки, а также координацию подходов России и Армении на международной арене.#РоссияАрмения pic.twitter.com/Om8Rw1QdCX— МИД России 🇷🇺 (@MID_RF) March 4, 2022   ","https://www.aravot.am/2022/03/05/1251647/","Direct2","True","3","2022","en","Today, Russian and Haitian manufacturers have made Sergey Lavroo and Ararata Mirzoon’s phone calls, reports the RD's external political review: ""The past political reviews","A special pioneer couple named Mirzoana and Sergei Lauro had a telephone call","{'event_type': 'professional_cultural_exchange', 'model_outputs': {'-999': -0.4433017075061798, 'arms_transfer_security_aid_assistance': -1.6099903583526611, 'bribery_economic_corruption': 1.3417270183563232, 'diaspora_activation': 1.2408461570739746, 'diplomatic_mediation': -0.29779288172721863, 'diplomatic_recognition': -0.6016896963119507, 'diplomatic_sanction': -1.3726940155029297, 'diplomatic_statement': -0.6750420928001404, 'diplomatic_visit': 0.946753740310669, 'economic_aid_assistance': -0.10159226506948471, 'intelligence_counterintelligence': -0.20048876106739044, 'investment': 3.030423164367676, 'joint_security_force_exercise': -0.21224349737167358, 'media_campaign_intervention': -0.6086798310279846, 'social_academic_cultural_activity': -0.5265278816223145, 'political_process_policy_intervention': -1.7265700101852417, 'professional_cultural_exchange': 3.386058807373047, 'security_cooperation': 1.1761126518249512, 'security_force_facility_presence': -1.2053724527359009, 'official_security_force_facility_presence': 0.6039403676986694, 'surveillance': -1.6313382387161255, 'tech_transfer_investment': 2.800149440765381, 'trade_agreement_exchange': -0.5068614482879639, 'trade_financial_sanction': -1.7500487565994263, 'transnational_organization_crime': 0.5040429830551147}}","{}","{'event_type': '-999', 'model_outputs': {'arrest': 0.14452877640724182, 'protest': -0.9342656135559082, 'legalaction': 0.6654742360115051, 'disaster': -0.44487714767456055, 'censor': -0.42008695006370544, 'electionactivity': 0.17012417316436768, 'electionirregularities': -1.0922003984451294, 'activism': -1.0681757926940918, 'martiallaw': -1.1496038436889648, 'cooperate': 0.700371265411377, 'coup': -1.2736303806304932, 'violencenonlethal': 0.05439209192991257, 'violencelethal': -1.0432265996932983, 'corruption': 0.3610771894454956, 'legalchange': 0.008319497108459473, 'mobilizesecurity': -1.1094669103622437, 'purge': -0.5738062262535095, 'threaten': 0.05616272985935211, 'raid': -1.2400835752487183, '-999': 10.241656303405762}}","{'result': 'No', 'model_outputs': {'Yes': -1.0290212631225586, 'No': 0.7745280265808105}}","-999","-999","-999","-999",NA,"[]","No","Armenia"
"83680","1935","6409ab05f6e5f70b7ddcaff6","['Publika.Md - Aici Sunt Știrile']","2023-03-09 04:46:45.011",NA,"2022-06-09 14:40:44","Fostul cancelar german, Angela Merkel a vorbit prentru prima oară în public despre războiul declanșat de Rusia în Ucraina. Ea consideră că armistiţiul semnat în 2015 a fost calea corectă și că a știut că Putin vrea să distrugă UE, dar că nu-și va cere scu","https%3A%2F%2Fwww.publika.md%2Fmerkel-acuzata-de-ucraina-ca-ar-fi-favorizat-dependenta-europeana-de-gaze-naturale-rusesti_3126054.html.json","https://media.publika.md/md/image/202104/full/merkel-sputin_12296900.jpg","ro","Merkel, acuzată de Ucraina că ar fi favorizat dependenţa europeană de gaze naturale ruseşti",NA,NA,"publika.md","Fostul cancelar german, Angela Merkel a vorbit prentru prima oară în public despre războiul declanșat de Rusia în Ucraina. Ea consideră că armistiţiul semnat în 2015 a fost calea corectă și că a știut că Putin vrea să distrugă UE, dar că nu-și va cere scuze pentru politica dusă cu privire la Moscova, relatează observatornews.ro.
Ucraina nu s-a arătat convinsă de explicaţiile fostului cancelar Angela Merkel, care şi-a apărat politica faţă de Rusia, în ciuda războiului.
Un consilier al preşedinţiei ucrainene, Mihailo Podoliak o acuză pe Merkel de faptul că a favorizat dependenţa europeană de gaze naturale ruseşti.
”Dacă Merkel a știut mereu că Rusia plănuia un război și scopul lui Putin era să distrugă UE, atunci de ce a construit Nord Stream 2? Nu am fost naivă, a spus fostul cancelar.
„De ce a legat Europa de petrolul și gazele rusești? Și de ce Germania trebuie să corecteze astăzi aceste greșeli?” este mesajul postat pe Twitter un consilier al preşedinţiei ucrainene, Mihailo Podoliak.
Angela Merkel a spus că a fost conştientă, de ani de zile, de ameninţarea reprezentată de Vladimir Putin la adresa securităţii europene, dar că era în interesul Germaniei ”să găsească un modus videndi cu Rusia”.
Fostul cancelar şi-a făcut reapariţia, pentru prima oară de când a plecat de la putere, ca invitată de onoare la un teatru din Berlin. Germania a practicat multă vreme politica mâinii întinse în relaţia cu Moscova, urmând ideea că Rusia va fi democratizată progresiv prin legăturile comerciale, scrie sursa citată.","https://www.publika.md/merkel-acuzata-de-ucraina-ca-ar-fi-favorizat-dependenta-europeana-de-gaze-naturale-rusesti_3126054.html","Direct2","True","6","2022","en","The German Chancellor Angela Merkel spoke for the first time in public about Russia's declared war in Ukraine. She believes that the munition signed in 2015 was the right way and that she knew Putin wanted to destroy the EU, but that she won't ask for it.","Merkel, accused by Ukraine of favouring the European dependence on Russian natural gas","{'event_type': '-999', 'model_outputs': {'-999': -0.8323875665664673, 'arms_transfer_security_aid_assistance': 0.7155504822731018, 'bribery_economic_corruption': 0.15387019515037537, 'diaspora_activation': -1.4511678218841553, 'diplomatic_mediation': -0.8131327629089355, 'diplomatic_recognition': -0.897243857383728, 'diplomatic_sanction': 0.17138856649398804, 'diplomatic_statement': 3.51826810836792, 'diplomatic_visit': 1.0630226135253906, 'economic_aid_assistance': -0.1173539012670517, 'intelligence_counterintelligence': -0.6077583432197571, 'investment': -0.5637466907501221, 'joint_security_force_exercise': -1.5587971210479736, 'media_campaign_intervention': -0.27859702706336975, 'social_academic_cultural_activity': -0.5322990417480469, 'political_process_policy_intervention': -0.3706309199333191, 'professional_cultural_exchange': -0.4121403992176056, 'security_cooperation': -0.06384577602148056, 'security_force_facility_presence': -1.4112106561660767, 'official_security_force_facility_presence': -1.4967362880706787, 'surveillance': -0.15199291706085205, 'tech_transfer_investment': -0.21053561568260193, 'trade_agreement_exchange': -0.22183525562286377, 'trade_financial_sanction': 7.701770305633545, 'transnational_organization_crime': -1.951617956161499}}","{'RUS': ['Russian Federation'], 'UKR': ['Ukraine']}","{'event_type': '-999', 'model_outputs': {'arrest': -1.0579019784927368, 'protest': -0.4462452828884125, 'legalaction': -0.26210030913352966, 'disaster': -0.16302135586738586, 'censor': -1.1121294498443604, 'electionactivity': 1.0288090705871582, 'electionirregularities': -0.7225793600082397, 'activism': -0.48304927349090576, 'martiallaw': -1.4979208707809448, 'cooperate': 1.4474763870239258, 'coup': -1.209003210067749, 'violencenonlethal': -0.4583858251571655, 'violencelethal': -1.5071678161621094, 'corruption': 0.07695984840393066, 'legalchange': 0.21334600448608398, 'mobilizesecurity': -1.2298293113708496, 'purge': -0.23791050910949707, 'threaten': 0.6917610168457031, 'raid': -2.144331932067871, '-999': 9.756109237670898}}","{'result': 'Yes', 'model_outputs': {'Yes': 0.9104325771331787, 'No': -0.768721878528595}}","","","","","","","","Moldova"
"21717","3726","63e626549e33bcc0ca849795","['Эмма Рзаева']","2023-02-10 06:11:16.834",NA,"2022-03-24 19:21:43","Мировые цены на пшеницу возобновили рост. Эксперты ожидают повышения стоимости по сравнению с прошлым урожаем в среднем на 10%. Главная в рубрику, Экономика. Мировые цены, пшеница.","https%3A%2F%2Fzerkalo.az%2F266555-2%2F.json","https://cdn.zerkalo.az/2018/09/zerno.jpg","ru","Мировые цены на пшеницу возобновили рост",NA,NA,"zerkalo.az","После того, как опустились к 400 долларов за тонну в середине марта, котировки пшеницы пошли в рост. Уровень на последние числа марта – 419 долларов. Происходящее отражает аналогичную динамику по нефти, которая пошла вверх на заявлениях о плане Европы отказаться от российских энергоресурсов.
Но если повышение нефти выгодно нашей стране, экспортирующей «черное золото» на мировые рынки, этого не скажешь о подорожании зерновых. Азербайджан – ключевой импортер российской пшеницы. Ежегодно наш внутренний рынок поглощает до полутора тонн российского злака. Поскольку земельные ресурсы у нас ограничены, а климат не всегда благоприятствует земледельцам, внутреннего производства недостаточно, чтобы покрыть нарастающую потребность в хлебе. В любом случае 2 млн тонн производимой ежегодно пшеницы не могут насытить возросшую до 3,3-3,4 млн тонн внутреннюю потребность, остальное приходится ввозить по дорожающим импортным ценам.
Мировые рынки во власти ценовых рекордов на хлеб – котировки пшеницы взлетели до максимума с 2008 года на фоне опасений относительно вероятных перебоев поставок зерновых. И Россия, и Украина являются крупными производителями пшеницы, на долю которых в совокупности приходится около 30% мирового экспорта, так что это одно из направлений, где остро ощущается прямое экономическое воздействие. На Россию и Украину в совокупности приходится почти треть мирового экспорта пшеницы, 19% кукурузы и 80% подсолнечного масла, и большая часть этого объема проходит через черноморские порты.
По данным местных аналитиков, повышение цен на мировом рынке скажется не только на импортируемой пшенице. Местная тоже начнет расти в цене.
По свидетельству экономиста Рашада Гасанова, ежели цены на мировом рынке поднимаются, местные производители не могут продавать по прежним ценам. Стоимость своей пшеницы тоже начинает расти, поскольку таков закон рынка и это естественно. Другая причина подорожания – удобрения. Стоимость их за последний год почти удвоилась. И потом, отмечает аналитики, наша страна импортирует значительную часть удобрений из России. Вкупе все это приводит к подорожанию предложения на внутреннем рынке.
Цена на пшеницу измеряется котировками в сезон сбора урожая. Эксперты ожидают повышения стоимости по сравнению с прошлым урожаем в среднем на 10%. Применительно к ценам текущего урожая стоимость килограмма пшеницы составит порядка 40 гяпик, но цены могут быть и выше. Правительство уже принимает меры в русле продовольственной безопасности, ограничив до 31 декабря текущего года вывоз зерна с таможенной территории республики. Подобные шаги отразились в постановлении Кабинета Министров о мерах по регулированию экспорта ряда основных продуктов питания и товаров, используемых при их производстве, входящих в состав минимальной потребительской корзины.
Согласно постановлению, одновременно будет временно регламентирован вывоз с таможенной территории Азербайджанской Республики солода, крахмала, инулина, зародышей пшеницы, семен масличных культур и других семен, зерновых, лекарственных растений и технических культур и пр., а также отходов пищевой промышленности, включая кормов для животных.
Выпуск этих товаров таможенными органами с таможенной территории будет осуществляться при условии, что эти товары будут сопровождаться положительным отзывом Министерства экономики. Кроме того, возросли объемы закупаемой за рубежом пшеницы. Так, за два месяца с начала этого года Азербайджан закупил за рубежом 150,6 тыс. тонн пшеницы, что примерно в 6,7 раза больше, чем за сопоставимый период 2021 года, сообщает Государственный таможенный комитет. Только в феврале было импортировано 56 893 тонн пшеницы в среднем по цене 342,36 долларов за тонну. Общий объем импорта пшеницы за два месяца оценивается в 52 млн долларов, или 2,6% от импорта страны. Закупка пшеницы обошлась в среднем по 344,9 долларов за тонну, что на 36,3% дороже, чем в январе-феврале 2021 года.
По мнению аналитиков, правительство России может повысить пошлину на экспорт зерна, чтобы компенсировать снижение доходов страны по другим направлениям. Это означает, что зерно будет предлагаться по более высокой цене. Россия также попытается ввести квоты. Даже если эти меры не коснутся дружественного Азербайджана, нарушение производственных циклов из-за санкций может сократить производство, а результат – повышение цен не только на российский, но мировой экспорт зерна.
По имеющимся данным, Азербайджан может компенсировать часть недостающих объемов хлеба, развивая эту отрасль на освобожденных территориях. В Карабахе и Восточном Зангезуре можно собирать до 200 тыс. т пшеницы в год, сказал глава государства. По словам президента, армянами в период оккупации Карабаха и Восточного Зангезура под посевные под зерновые культуры использовалось 100 тыс. га, сбор урожая пшеницы составлял около 100 тыс. тонн. Ранее И. Алиев отметил, что на освобожденных землях в настоящее время мобилизованы крупные средства, проинструктированы частные компании, фермеры, начались посевные работы.","https://zerkalo.az/266555-2/","Direct2","True","3","2022","en","After going down to $400 a ton in mid-March, the wheat quotations went up, the last of March was $419. This reflects a similar oil dynamic that went up to Europe's announcement of a plan to phase out Russian energy. But if the oil increase benefits our country, which is exporting black gold to world markets, that's not the case for raising cereals.","World wheat prices have rebounded","{'event_type': 'trade_financial_sanction', 'model_outputs': {'-999': -1.0149455070495605, 'arms_transfer_security_aid_assistance': 1.000495195388794, 'bribery_economic_corruption': 0.15762150287628174, 'diaspora_activation': -1.5481839179992676, 'diplomatic_mediation': -0.6501926183700562, 'diplomatic_recognition': -1.7029836177825928, 'diplomatic_sanction': -1.3392252922058105, 'diplomatic_statement': 1.969721794128418, 'diplomatic_visit': 1.3765065670013428, 'economic_aid_assistance': 0.44618016481399536, 'intelligence_counterintelligence': -1.2151248455047607, 'investment': 0.03332197666168213, 'joint_security_force_exercise': -1.5219814777374268, 'media_campaign_intervention': -0.42227622866630554, 'social_academic_cultural_activity': -1.1284173727035522, 'political_process_policy_intervention': -1.317603349685669, 'professional_cultural_exchange': -0.6386851668357849, 'security_cooperation': 0.08247747272253036, 'security_force_facility_presence': -1.385777473449707, 'official_security_force_facility_presence': -0.6199088096618652, 'surveillance': -0.012565866112709045, 'tech_transfer_investment': -0.38114163279533386, 'trade_agreement_exchange': 2.30047607421875, 'trade_financial_sanction': 6.641078472137451, 'transnational_organization_crime': -0.7217522263526917}}","{'None': ['Europe']}","{'event_type': '-999', 'model_outputs': {'arrest': -0.3620680570602417, 'protest': -0.6525778770446777, 'legalaction': -0.013627521693706512, 'disaster': 1.618196964263916, 'censor': -0.49794402718544006, 'electionactivity': -0.1907646358013153, 'electionirregularities': -1.4815016984939575, 'activism': -0.67505943775177, 'martiallaw': -0.5735434293746948, 'cooperate': 0.5648766756057739, 'coup': -1.102501392364502, 'violencenonlethal': 0.27062472701072693, 'violencelethal': -0.4924808740615845, 'corruption': -0.2387271523475647, 'legalchange': 0.17598217725753784, 'mobilizesecurity': -0.8996631503105164, 'purge': -0.4724925756454468, 'threaten': -0.23747044801712036, 'raid': -1.2811944484710693, '-999': 9.93232250213623}}","{'result': 'No', 'model_outputs': {'Yes': -1.683260202407837, 'No': 1.2804741859436035}}","","","","","","","","Azerbaijan"
"125104","854","6155222c1a0915fcf75bcf7e","['Изображение - Гбр']","2021-09-29 22:34:20.606","","2021-09-20 00:00:00","Государственное бюро расследований заявляет о разоблачении масштабной контрабандной схемы ввоза российского топлива через порты Одесской области.","https%3A%2F%2Fwww.pravda.com.ua%2Frus%2Fnews%2F2021%2F09%2F10%2F7306739%2F.json","https://img.pravda.com/images/doc/4/b/4b3d52f-karta-ruhu-korablya-2.jpg","ru","Через порты Одесской области в Украину массово ввозили российское топливо - ГБР","",NA,"pravda.com.ua","Государственное бюро расследований заявляет о разоблачении масштабной контрабандной схемы ввоза российского топлива через порты Одесской области.Источник: ГБРДетали: По оперативным данным, в Украину ввозили российское топливо, указывая при этом другую страну происхождения, и занижали его реальные объемы.Организаторы использовали грузовые корабли под украинским флагом, которые осуществляли коммерческие рейсы в иностранные порты.Экипажи отключали системы автоматической идентификации судов на маршрутах в Румынию, Турцию и Болгарию. С отключенными ""маячками"" корабли направлялись в определенную акваторию, где принимали нефтепродукты с российских танкеров.Загруженные топливом корабли возвращались на утвержденный маршрут и снова появлялись на радарах.По прибытии в румынские, турецкие и болгарские порты судна возвращались в Украину.Для растаможивания топлива организаторы подделывали документацию, в которой указывали другую страну происхождения продукции, поскольку при официальной закупке горючего у резидентов РФ к импортеру применяются дополнительные меры контроля органами таможни и ГПС. А также для минимизации налогов занижали объемы ввозимого топлива.Сделка с контрабандным горючим проводилась через Одесскую таможню.Отмечается, что с начала 2021 года этими судами в Украину легально ввезено 27 тыс.тонн нефтепродуктов, но по информации следствия - это треть от реально импортируемого топлива.Следователи Территориального управления ГБР Николаева предварительно установили, что масштабная схема ""беспрепятственного"" ввоза российского топлива некоторыми украинскими фирмами происходит при содействии должностных лиц Одесской и Энергетической таможни и Южного регионального управления Госпогранслужбы Украины.Дословно ГБР: ""В настоящее время выявлены нарушения в деятельности таможенных складов на терминалах, где хранились ввозимые нефтепродукты. Информационные письма о выявленных нарушениях направлены ​​в органы государственного надзора, назначены служебные проверки.Кроме того, с целью проверки фактов приобретения топлива компаниями-импортерами направлены запросы о предоставлении договорных и товарно-транспортных документов на приобретение нефтепродуктов.Сейчас следственно-оперативная группа ГБР проводит мониторинг объемов вывоза с территории терминалов нефтепродуктов автомобильным транспортом и устанавливает дальнейшую цепь реализации российского горючего"".Основатель проекта: Георгий ГонгадзеГлавный редактор: Севгиль МусаеваРедактор-основатель: Алена ПритулаE-mail редакції: editor@pravda.com.ua","https://www.pravda.com.ua/rus/news/2021/09/10/7306739/","wayback","True","9","2021","en","The State Bureau of Investigation claims to have exposed the large-scale smuggling of Russian fuel through ports in Odessa province.Source: GBR Deli: According to operational data, Russian fuel was imported into Ukraine, indicating another country of origin, and was undervalued. The organizers used cargo ships under the Ukrainian flag, which conducted commercial flights to foreign ports.","Russian fuel - GBR - was imported into Ukraine through ports in Odessa province.","{'event_type': '-999', 'model_outputs': {'-999': -0.7694544792175293, 'arms_transfer_security_aid_assistance': -0.353297621011734, 'bribery_economic_corruption': 0.8149550557136536, 'diaspora_activation': -1.240356683731079, 'diplomatic_mediation': -0.3965573310852051, 'diplomatic_recognition': -0.9793150424957275, 'diplomatic_sanction': 0.8631698489189148, 'diplomatic_statement': 0.0057332697324454784, 'diplomatic_visit': -1.3561487197875977, 'economic_aid_assistance': -0.11364872753620148, 'intelligence_counterintelligence': 0.7074233293533325, 'investment': -0.3044431209564209, 'joint_security_force_exercise': -1.1687580347061157, 'media_campaign_intervention': -0.42588308453559875, 'social_academic_cultural_activity': -0.27689123153686523, 'political_process_policy_intervention': -1.3284417390823364, 'professional_cultural_exchange': -0.28207865357398987, 'security_cooperation': 1.1819802522659302, 'security_force_facility_presence': -1.2747180461883545, 'official_security_force_facility_presence': -0.4390656054019928, 'surveillance': -0.47933050990104675, 'tech_transfer_investment': -0.8983186483383179, 'trade_agreement_exchange': 0.17830125987529755, 'trade_financial_sanction': 0.19829139113426208, 'transnational_organization_crime': 8.441978454589844}}","{'UKR': ['Ukraine', 'Odessa']}","{'event_type': '-999', 'model_outputs': {'arrest': -0.3094112277030945, 'protest': -0.10342645645141602, 'legalaction': -1.0774798393249512, 'disaster': 1.2281713485717773, 'censor': -0.8593485951423645, 'electionactivity': 0.4472880959510803, 'electionirregularities': -1.3828260898590088, 'activism': -0.50428307056427, 'martiallaw': -1.0254178047180176, 'cooperate': 1.2448196411132812, 'coup': -1.3403723239898682, 'violencenonlethal': 0.37855643033981323, 'violencelethal': -0.8518385887145996, 'corruption': -0.7379026412963867, 'legalchange': -0.10607186704874039, 'mobilizesecurity': -0.1545376479625702, 'purge': -0.42176949977874756, 'threaten': -0.4013061225414276, 'raid': -1.6911407709121704, '-999': 9.728303909301758}}","{'result': 'No', 'model_outputs': {'Yes': -1.5393829345703125, 'No': 0.9684783220291138}}","-999","-999","-999","-999","","['Russia']","No","Ukraine"
"48675","2169","624c857281f812ec8e90a993","[]","2022-04-05 14:07:46.800",NA,"2022-03-01 13:31:58","Защита России от военной угрозы со стороны Запада является главной задачей «специальной операции в Украине», заявил министр обороны России Сергей Шойгу","https%3A%2F%2Fnashaniva.com%2F%3Fc%3Dar%26i%3D285593%26lang%3Dru.json","https://nashaniva.com/photos/generated/fb285593.png","ru","Шойгу: Армия России продолжит спецоперацию в Украине до достижения поставленных целей",NA,NA,"nashaniva.by","Защита России от военной угрозы со стороны Запада является главной задачей «специальной операции в Украине», заявил министр обороны России Сергей Шойгу.
«Группировка Вооруженных сил Российской Федерации продолжит проведение специальной военной операции до достижения поставленных целей, — сказал Шойгу. — Главное для нас — защитить Российскую Федерацию от военной угрозы, создаваемой странами Запада, которые пытаются использовать украинский народ в борьбе против нашей страны».
Он обвинил Киев в том, что украинская армия использует «мирных граждан в качестве живого щита», размещая реактивные системы залпового огня, устройства и крупнокалиберные минометы во дворах жилых домов, вблизи школ и детских садов.
Он также заверил, что российская сторона наносит удары «только по военным объектам и исключительно высокоточным оружием».
Nashaniva.com
Хочешь поделиться важной информацией анонимно и конфиденциально? Пиши в наш Телеграм","https://nashaniva.com/?c=ar&i=285593&lang=ru","Direct2","True","3","2022","en","The defence of Russia against the military threat from the West is the main task of ""special operation in Ukraine"", stated Russian Defence Minister Sergei Shoiggu. ""The group of armed forces of the Russian Federation will continue to carry out a special military operation until the objectives are achieved,"" said Shoig. ""The main task for us is to protect the Russian Federation from the military threat posed by Western countries that are trying to use the Ukrainian people in the fight against our country."" He accused","Shoigu: The Russian army will continue its special operations in Ukraine until the objectives are achieved","{'event_type': 'security_force_facility_presence', 'model_outputs': {'-999': -0.08660247176885605, 'arms_transfer_security_aid_assistance': -0.3124188184738159, 'bribery_economic_corruption': -0.988355278968811, 'diaspora_activation': -0.21225795149803162, 'diplomatic_mediation': 0.01857757568359375, 'diplomatic_recognition': -0.9959412813186646, 'diplomatic_sanction': -1.3999476432800293, 'diplomatic_statement': 2.0637316703796387, 'diplomatic_visit': -0.7296695709228516, 'economic_aid_assistance': -0.871609091758728, 'intelligence_counterintelligence': -1.2959589958190918, 'investment': -0.8335652947425842, 'joint_security_force_exercise': 0.6074515581130981, 'media_campaign_intervention': -0.42133066058158875, 'social_academic_cultural_activity': -0.1839759647846222, 'political_process_policy_intervention': -0.7780447602272034, 'professional_cultural_exchange': -0.8983930945396423, 'security_cooperation': 2.018498182296753, 'security_force_facility_presence': 9.159067153930664, 'official_security_force_facility_presence': -0.754194438457489, 'surveillance': 0.0036154836416244507, 'tech_transfer_investment': -1.097310185432434, 'trade_agreement_exchange': -1.1436634063720703, 'trade_financial_sanction': -1.8053317070007324, 'transnational_organization_crime': -0.5437781810760498}}","{'UKR': ['Ukraine'], 'RUS': ['Russian Federation'], 'USA': ['West']}","{'event_type': 'mobilizesecurity', 'model_outputs': {'arrest': -1.112584114074707, 'protest': -0.6960153579711914, 'legalaction': -1.8847105503082275, 'disaster': -0.5293440222740173, 'censor': -0.9978810548782349, 'electionactivity': -0.054777659475803375, 'electionirregularities': -1.3520704507827759, 'activism': -0.7377407550811768, 'martiallaw': -0.9689950346946716, 'cooperate': 0.5233991742134094, 'coup': -0.7318001985549927, 'violencenonlethal': 1.0138285160064697, 'violencelethal': -0.8694835305213928, 'corruption': 0.019341453909873962, 'legalchange': -0.7078803181648254, 'mobilizesecurity': 5.674075603485107, 'purge': -0.4941842257976532, 'threaten': 0.5051658749580383, 'raid': -0.4274263381958008, '-999': 5.632783889770508}}","{'result': 'Yes', 'model_outputs': {'Yes': 0.9446374177932739, 'No': -0.8049968481063843}}","",NA,"","","","","","Belarus"
"31108","1971","629bf617f1f8607628786a26","['Peyotto Technologies', 'Գոհար Հայրապետյան', 'Արթուր Աղաբեկյան', 'Վոլոդյա Մուշեղյան', 'Դավիթ Գրիգորյան', 'Ժիրայր Ոսկանյան']","2022-06-04 20:17:27.435",NA,"2021-12-09",NA,"https%3A%2F%2Fwww.1in.am%2F3040672.html.json","https://www.1in.am/assets/uploads/2021/12/Untitled-1-293-540x360.jpg","hy","Պուտինը ՆԱՏՕ-ի ընդլայնումն Ուկրաինայի հաշվին Ռուսաստանի համար խիստ զգայուն հարց է համարում",NA,NA,"1in.am","Ռուսաստանի Դաշնության նախագահ Վլադիմիր Պուտինը ՆԱՏՕ-ի ընդլայնումը դեպի արևելք, այդ թվում և Ուկրաինայի ներգրավմամբ, խիստ զգայուն հարց է համարում ՌԴ անվտանգության տեսանկյունից:","https://www.1in.am/3040672.html","Direct2","True","12","2021","en","President Vladimir Putin of Russia's Dashna to the east of NATO, including Ukraine, is a very sensitive issue from the RD safety point of view.","Putin's spread of NATO is a very sensitive question for Russia.","{'event_type': 'security_cooperation', 'model_outputs': {'-999': -0.4647381901741028, 'arms_transfer_security_aid_assistance': 0.8873944282531738, 'bribery_economic_corruption': -0.9769536256790161, 'diaspora_activation': -0.4635414481163025, 'diplomatic_mediation': -0.8800726532936096, 'diplomatic_recognition': -0.5858368873596191, 'diplomatic_sanction': -0.41207990050315857, 'diplomatic_statement': 1.837438702583313, 'diplomatic_visit': 0.579535186290741, 'economic_aid_assistance': -0.5684888362884521, 'intelligence_counterintelligence': -0.24631306529045105, 'investment': -0.3261660039424896, 'joint_security_force_exercise': -0.014113858342170715, 'media_campaign_intervention': -0.6738991737365723, 'social_academic_cultural_activity': -0.2819655239582062, 'political_process_policy_intervention': -2.1114704608917236, 'professional_cultural_exchange': -0.46931734681129456, 'security_cooperation': 9.521143913269043, 'security_force_facility_presence': -0.20617705583572388, 'official_security_force_facility_presence': -1.3077988624572754, 'surveillance': 0.04034910723567009, 'tech_transfer_investment': -0.05283170938491821, 'trade_agreement_exchange': 0.5717906355857849, 'trade_financial_sanction': -0.3029891848564148, 'transnational_organization_crime': -0.5153611898422241}}","{'RUS': ['Russian Federation'], 'UKR': ['Ukraine']}","{'event_type': '-999', 'model_outputs': {'arrest': -0.811299741268158, 'protest': -0.6390196084976196, 'legalaction': -0.2770650088787079, 'disaster': 0.2778428792953491, 'censor': -0.6557971239089966, 'electionactivity': 1.448009967803955, 'electionirregularities': -1.2249817848205566, 'activism': -0.7562738656997681, 'martiallaw': -1.1612383127212524, 'cooperate': 0.6561872959136963, 'coup': -0.41636285185813904, 'violencenonlethal': 0.07768374681472778, 'violencelethal': -1.1701308488845825, 'corruption': -0.8050745129585266, 'legalchange': 0.8222630620002747, 'mobilizesecurity': -1.1661484241485596, 'purge': -0.7059413194656372, 'threaten': -0.004611164331436157, 'raid': -1.5478556156158447, '-999': 9.790749549865723}}","{'result': 'Yes', 'model_outputs': {'Yes': 0.7915183305740356, 'No': -0.6501331925392151}}","","","","","","","","Armenia"
"108502","1712","6284143ad8c6f4df886697fc","['Dünya Taşlardan']","2022-05-17 17:31:31.138",NA,"2022-03-15 11:31:03","Ukrayna’da yakalan Rus askerleri ağlayarak anlattı: Korkunç bir hata yaptık - Rusya'nın Ukrayna'yı işgalinin 20'nci gününde, Ukrayna tarafından yakalanan Rus askerlerine ait görüntüler yayınlandı. Ukrayna'nın Interfax haber ajansına konuşan askerler, ağlayarak Ukrayna halkından özür diledi. Yakalanan askerler, Putin ile ilgili de yeni iddiaları gündeme getirdi.","https%3A%2F%2Fwww.sozcu.com.tr%2F2022%2Fdunya%2Fukraynada-yakalan-rus-askerleri-aglayarak-anlatti-korkunc-bir-hata-yaptik-7011831%2F.json","https://i01.sozcucdn.com/wp-content/uploads/2022/03/15/iecrop/soldier_16_9_1647332998-670x371.jpg","tr","Ukrayna’da yakalan Rus askerleri ağlayarak anlattı: Korkunç bir hata yaptık",NA,NA,"sozcu.com.tr","Ukrayna’da yakalan Rus askerleri ağlayarak anlattı: Korkunç bir hata yaptık
Rusya'nın Ukrayna'yı işgalinin 20'nci gününde, Ukrayna tarafından yakalanan Rus askerlerine ait görüntüler yayınlandı. Ukrayna'nın Interfax haber ajansına konuşan askerler, ağlayarak Ukrayna halkından özür diledi. Yakalanan askerler, Putin ile ilgili de yeni iddiaları gündeme getirdi.
Yazıları büyüt
Yazıları küçült
Standart boyut
Rusya’nın Ukrayna’yı işgali 20’nci gününde devam ederken, Ukrayna’da yakalanan Rus askerlerinin söylediği sözler savaşın korkunç boyutlarını bir kez daha gözler önüne serdi.
Yakalanan Rus askerleri, Rusya Devlet Başkanı Vladimir Putin’in işgalinin ‘korkunç bir hata’ olduğunu kabul ederken, Rus hava kuvvetlerinin, Ukrayna’daki okulları, hastaneleri ve anaokullarını bombaladığını duyduklarını anlattılar.
Ukrayna’nın Interfax ajansında konuşan askerlerden, Sergey Galkin, konuşması sırasında gözyaşlarına hakim olamazken, Putin’in emriyle ülkelerini işgal ettikleri için Ukraynalılardan özür diledi.
‘HERKESTEN TEK TEK ÖZÜR DİLERİM’
Rus 15. motorlu tüfek tugayının bir üyesi olan Galkin, Ukrayna ordusu tarafından yakalanan ve bir hastanede tutulan yedi asker arasındaydı.
İşgali bir ‘felaket’ olarak değerlendiren Galkin, Putin’in onlara “Ukrayna’yı işgal etmelerini, Kiev’i ele geçirmelerini ve Ukrayna’da var olduğu iddia edilen faşizm ve zorbalıktan korumalarını emrettiğini” söyledi.
Bunu ‘hain bir işgal’ olarak nitelendiren Galkin, ‘Bu toprakları işgalimizden dolayı her evden, her sokaktan, Ukrayna’nın her vatandaşından, yaşlısından, kadınından, çocuklarından kendim ve ekibim adına özür dilerim. .’ dedi.
‘BU FELAKET YILLAR SÜRECEK…’
34 yaşındaki asker, Putin’e Ukrayna’ya asker göndermemesi için de çağrıda bulunurken “Askeri birliklerimizin generalliğine bir şey söylemek istiyorum. Korkakça ve hain davrandılar.” dedi.
Rus 16. Motorlu Tüfek Tugayı’nın esir alınan askeri Maksim Chernik de yaptığı açıklamada, “Ne kadar büyük bir hata yaptığımızı anlamak korkunç bir duyguydu. Bütün bunların düzeltilmesi gerektiğini anlamak ve ilişkilerin bir şekilde iyileştirilmesi gerekiyor.” dedi. Chernik, ‘Bu bir yıldan fazla sürecek. On yıllar, belki yüzyıllar sürecek. Burada yaşananlardan sonra, tüm bunlardan sonra var olmak istemiyorum.” ifadelerinde bulundu.
‘CEP TELEFONLARIMIZI TOPLADILAR’
Video, Ukrayna tarafından yakalanan bir Rus askerinin Vladimir Putin’in savaşa katılmayı reddeden kaçakları öldüren ‘ölüm mangaları’ olduğunu iddia etmesinden birkaç gün sonra paylaşıldı.
Başka bir Rus asker de işgalden kaçan askerleri eve götürmek için eğitilmiş bir ekibin ‘gerçekten’ olduğunu söylerken, bu durumun birçoğunun teslim olmasına yol açtığını da vurguladı. İsmi açıklanmayan ve 22 yaşında olduğu belirtilen asker, Rus askerlerinin telefonlarının avaşla ilgili uluslararası haberleri görememek için kendilerinden alındığını da söyledi.
İlginizi Çekebilir Fransa'da Putin'in kızının evi basıldı: 'Bu evi çaldığı paralarla aldı'
İlginizi Çekebilir Macron'un Zelenskiy tarzı olay yarattı: Tepki geldi
İlginizi Çekebilir Rusya-Ukrayna savaşında Çeçenler Çeçenlere karşı: Öldürülen eşinin öcünü almak istiyor","https://www.sozcu.com.tr/2022/dunya/ukraynada-yakalan-rus-askerleri-aglayarak-anlatti-korkunc-bir-hata-yaptik-7011831/","","True","3","2022","en","The Russian soldiers who were captured in Ukraine cried out: We made a terrible mistake. On the 20th day of Russia's invasion of Ukraine, images of Russian soldiers captured by Ukraine were released. The soldiers who spoke to Ukraine's Interfax news agency cried out to the Ukrainian people. The captured soldiers also raised new allegations about Putin. Grow the articles.","Russian soldiers caught in Ukraine cried out: We made a terrible mistake","{'event_type': '-999', 'model_outputs': {'-999': -0.22109511494636536, 'arms_transfer_security_aid_assistance': -0.8023426532745361, 'bribery_economic_corruption': -1.298820972442627, 'diaspora_activation': -0.07989150285720825, 'diplomatic_mediation': 0.4539470672607422, 'diplomatic_recognition': -0.9287300109863281, 'diplomatic_sanction': -1.493410348892212, 'diplomatic_statement': 5.703516960144043, 'diplomatic_visit': -0.08488208055496216, 'economic_aid_assistance': -0.8256350159645081, 'intelligence_counterintelligence': -0.8113079071044922, 'investment': -0.7541505098342896, 'joint_security_force_exercise': -0.540759801864624, 'media_campaign_intervention': -0.6914517879486084, 'social_academic_cultural_activity': -0.2972221076488495, 'political_process_policy_intervention': -0.8271456956863403, 'professional_cultural_exchange': -1.277790904045105, 'security_cooperation': 2.2804105281829834, 'security_force_facility_presence': 6.838583946228027, 'official_security_force_facility_presence': -1.0024935007095337, 'surveillance': -0.5953464508056641, 'tech_transfer_investment': -0.7934657335281372, 'trade_agreement_exchange': -1.2173173427581787, 'trade_financial_sanction': -1.9393740892410278, 'transnational_organization_crime': -0.7602006196975708}}","{'UKR': ['Ukraine'], 'RUS': ['Russian Federation']}","{'event_type': '-999', 'model_outputs': {'arrest': 0.45941102504730225, 'protest': -0.5937290191650391, 'legalaction': 0.29166293144226074, 'disaster': 0.8724462985992432, 'censor': -0.4108378291130066, 'electionactivity': -0.8758023977279663, 'electionirregularities': -1.833674669265747, 'activism': 0.8602920770645142, 'martiallaw': -1.5254616737365723, 'cooperate': -1.71295166015625, 'coup': -0.7810887694358826, 'violencenonlethal': 4.303290367126465, 'violencelethal': -0.5493561029434204, 'corruption': -0.7901214361190796, 'legalchange': -0.6434555053710938, 'mobilizesecurity': -0.6096059083938599, 'purge': -1.5963588953018188, 'threaten': -0.6416004300117493, 'raid': -0.3708142638206482, '-999': 7.215681076049805}}","{'result': 'Yes', 'model_outputs': {'Yes': 0.9954606890678406, 'No': -0.8569245338439941}}","","","","","","","","Turkey"
"25749","1100","62957485dbbe6f20571664cf","['Peyotto Technologies']","2022-05-30 21:51:01.450",NA,"2021-11-12","Ռուսաստանի Դաշնության ռազմական ոստիկանության ստորաբաժանումները Լեռնային Ղարաբաղում մեկամյա գործունեության ընթացքում ապահովել են 200 ավտոշարասյան կազմում ավելի քան 8000 մեքենայի անվտանգ տեղաշարժը:","https%3A%2F%2F168.am%2F2021%2F11%2F12%2F1606494.html.json","https://168.am/wp-content/uploads/2021/11/maxresdefault.thumb_.jpg","hy","Իրենց գործունեության մեկ տարվա ընթացքում ռուս խաղաղապահներն ապահովել են ավելի քան 8000 ավտոմեքենայի անվտանգ տեղաշարժը Լեռնային Ղարաբաղում. ՌԴ ՊՆ",NA,NA,"168.am","
Ռուսաստանի Դաշնության ռազմական ոստիկանության ստորաբաժանումները Լեռնային Ղարաբաղում մեկամյա գործունեության ընթացքում ապահովել են 200 ավտոշարասյան կազմում ավելի քան 8000 մեքենայի անվտանգ տեղաշարժը: Այս մասին ասվում է ՌԴ ՊՆ տեղեկագրում:
Ինչպես հաղորդվում է, շինանյութ և պարենային ապրանքներ տեղափոխող բեռնատարները երթևեկում են Շուշի-Կարմիր շուկա-Քաջար և հակառակ ուղղություններով:
Ավելի քան 40 բեռնատարից կազմված շարասյուների երթևեկությունը կազմակերպվում է բարձրլեռնային տեղանքի դժվարանցանելի հատվածներով անցնող գրունտային ճանապարհներով:
Ռուս խաղաղապահների պատասխանատվության գոտում 5 դիտակետ կա, նրանք ապահովում են ավտոմեքենաների տեղաշարժը Լեռնային Ղարաբաղի տարածքով:
«Ռուսական խաղաղապահ զորակազմի գործունեության առաջին տարվա ընթացքում ռազմական ոստիկանության ավելի քան 600 անձնակազմ է ներգրավվել ավելի քան 8000 մեքենայի անվտանգ տեղաշարժն ապահովելու գործում», – ասել է զորակազմի ներկայացուցիչ Դմիտրի Լևիկինը:
","https://168.am/2021/11/12/1606494.html","Direct2","True","11","2021","en","During the one year of operation at Mount Larabal, Russian military police stations have provided more than 8,000 vehicles for more than 200 cars.","During their one year of operation, Russian peacekeepers have secured more than 8,000 safe routes to the mountain range.","{'event_type': 'security_force_facility_presence', 'model_outputs': {'-999': -0.059121161699295044, 'arms_transfer_security_aid_assistance': -0.3395625054836273, 'bribery_economic_corruption': -1.0128440856933594, 'diaspora_activation': -0.08529301732778549, 'diplomatic_mediation': -0.16486895084381104, 'diplomatic_recognition': -1.0871012210845947, 'diplomatic_sanction': -1.4753639698028564, 'diplomatic_statement': 1.4860707521438599, 'diplomatic_visit': -0.784151554107666, 'economic_aid_assistance': -0.7491852045059204, 'intelligence_counterintelligence': -1.200240969657898, 'investment': -0.5147010684013367, 'joint_security_force_exercise': 0.8023878931999207, 'media_campaign_intervention': -0.348604291677475, 'social_academic_cultural_activity': -0.1402839869260788, 'political_process_policy_intervention': -0.9522430300712585, 'professional_cultural_exchange': -1.0039317607879639, 'security_cooperation': 1.9505641460418701, 'security_force_facility_presence': 9.164663314819336, 'official_security_force_facility_presence': -0.5318783521652222, 'surveillance': 0.08071505278348923, 'tech_transfer_investment': -0.9170665740966797, 'trade_agreement_exchange': -1.1244521141052246, 'trade_financial_sanction': -1.8281484842300415, 'transnational_organization_crime': -0.4608929455280304}}","{}","{'event_type': '-999', 'model_outputs': {'arrest': -0.4926842749118805, 'protest': -0.7591876983642578, 'legalaction': -1.2993704080581665, 'disaster': 0.38644903898239136, 'censor': -1.1306082010269165, 'electionactivity': -0.2856362462043762, 'electionirregularities': -1.4051247835159302, 'activism': 0.440287709236145, 'martiallaw': -1.5538065433502197, 'cooperate': 0.11731254309415817, 'coup': -0.7498670220375061, 'violencenonlethal': 2.2017276287078857, 'violencelethal': -0.561582088470459, 'corruption': -0.7665021419525146, 'legalchange': -0.5823892951011658, 'mobilizesecurity': 2.304361343383789, 'purge': -0.6847552061080933, 'threaten': -0.3276436924934387, 'raid': -1.00731360912323, '-999': 8.407546997070312}}","{'result': 'Yes', 'model_outputs': {'Yes': 0.9828742742538452, 'No': -0.8430027365684509}}","security_force_facility_presence","-999","security_force_facility_presence","-999","","['Russia']","No","Armenia"
"77271","7091","651248c6582564317fd0dacf","[]","2023-09-25 22:58:14.634",NA,"2022-04-13 11:37:00","""Qyteti është nën rrethim total. Granatimet dhe bombardimet nuk ndalojnë kurrë"", tha deputeti ukrainas Dymtro Gurin për programin ""Today"" të BBC Radio 4 këtë mëngjes, duke...","https%3A%2F%2Fwww.botasot.info%2Fevrope-bota%2F1794810%2Fpo-behet-e-pamundur-gjetja-e-ushqimit-dhe-ujit-ne-mariupol%2F.json","https://botasot.info/media/botasot.info/images/2022/April/13/auto_1edb75b6-cef3-4d39-acda-8769eb4c17251649842690.jpg","sq","Po bëhet e pamundur gjetja e ushqimit dhe ujit në Mariupol",NA,NA,"botasot.info","""Qyteti është nën rrethim total. Granatimet dhe bombardimet nuk ndalojnë kurrë"", tha deputeti ukrainas Dymtro Gurin për programin ""Today"" të BBC Radio 4 këtë mëngjes, duke përshkruar situatën në qytetin juglindor Mariupol, transmeton Bota sot.
 Gurin beson se më shumë se 100 mijë civilë kanë mbetur në qytetin port të rëndësishëm strategjik, i cili ka qenë nën zjarr të fortë që nga fillimi i pushtimit rus.
 Ai tha se kishte pak dyshime se rusët ishin fajtorë për gjenocid, sepse qëllimi i tyre ishte shumë i qartë - të shpëtonin botën nga Ukraina dhe populli i saj.
 Gurin krahasoi gjithashtu vrasjet masive në qytet, dhe në zona të tjera të Ukrainës, me mizoritë e patur nën nazistët në Aushvic. Siç kemi raportuar, ka shenja në rritje se Rusia mund të jetë në prag të pushtimit të plotë të Mariupolit.","https://www.botasot.info/evrope-bota/1794810/po-behet-e-pamundur-gjetja-e-ushqimit-dhe-ujit-ne-mariupol/","Direct2","True","4","2022","en","""The city is under total siege, and the grenades and bombings never stop,"" Ukrainian MP Dumtro Stone said of the BBC Radio 4's programme this morning, describing the situation in the southeastern town of Marioupol, broadcasts the World today.The stone believes more than 100,000 civilians have remained in the important strategic port, which has been under fire since the beginning of the Russian occupation.","It's becoming impossible to find food and water in Marioupol","{'event_type': 'economic_aid_assistance', 'model_outputs': {'-999': -0.70903480052948, 'arms_transfer_security_aid_assistance': -0.6070432662963867, 'bribery_economic_corruption': -0.05707725137472153, 'diaspora_activation': 0.020008280873298645, 'diplomatic_mediation': 0.556262195110321, 'diplomatic_recognition': -1.5589771270751953, 'diplomatic_sanction': -0.09885530918836594, 'diplomatic_statement': 3.3561294078826904, 'diplomatic_visit': 0.14676102995872498, 'economic_aid_assistance': 4.176484107971191, 'intelligence_counterintelligence': -1.105147123336792, 'investment': 0.29370811581611633, 'joint_security_force_exercise': -1.4506781101226807, 'media_campaign_intervention': 0.12421129643917084, 'social_academic_cultural_activity': -1.1565227508544922, 'political_process_policy_intervention': -1.4984958171844482, 'professional_cultural_exchange': 0.15094587206840515, 'security_cooperation': 1.4142316579818726, 'security_force_facility_presence': -0.8091937303543091, 'official_security_force_facility_presence': -0.7974479794502258, 'surveillance': -1.5102232694625854, 'tech_transfer_investment': 0.7109361886978149, 'trade_agreement_exchange': -0.9199875593185425, 'trade_financial_sanction': 0.41484344005584717, 'transnational_organization_crime': 0.4925377368927002}}","{'UKR': ['Mariupol']}","{'event_type': '-999', 'model_outputs': {'arrest': -0.5223884582519531, 'protest': -0.6120249032974243, 'legalaction': -0.5793833136558533, 'disaster': 1.0076991319656372, 'censor': 0.038541048765182495, 'electionactivity': 0.10702391713857651, 'electionirregularities': -1.5032689571380615, 'activism': -0.45413339138031006, 'martiallaw': -0.5010010600090027, 'cooperate': 0.11720460653305054, 'coup': -1.435772180557251, 'violencenonlethal': 0.4548119902610779, 'violencelethal': -0.44259190559387207, 'corruption': -0.601603090763092, 'legalchange': 0.3493728041648865, 'mobilizesecurity': -0.6856272220611572, 'purge': -0.7527904510498047, 'threaten': -0.4575362801551819, 'raid': -1.2130565643310547, '-999': 9.986496925354004}}","{'result': 'No', 'model_outputs': {'Yes': -1.9890329837799072, 'No': 1.6555047035217285}}","","","","","","","","Kosovo"
"55182","2253","632c0d34f0f033903a3232b2","['Szerző']","2022-09-22 03:22:28.093",NA,"2022-03-09 10:34:00","A szankciók kitartanak, a tározók viszont nem sokáig.","https%3A%2F%2F168.hu%2Fkulfold%2Fnagy-visszaeses-varhato-az-orosz-olajtermelesben-228834.json","https://168.hu/data/kepek_220309/043_dpa-pa_220309-99-444464_dpai_focuspointcut_600100010x314100010.jpg","hu","Ezt mindenki megérzi majd, durván visszaeshet az orosz kőolajtermelés",NA,NA,"168.hu","A szankciók kitartanak, a tározók viszont nem sokáig.. Jelentősen csökkenhet Oroszország olajtermelése a következő hónapokban a bevezetett szankciók hatására, véli az amerikai kormány energiaügyi tájékoztató hivatala (EIA).

 
A hivatal becslése szerint Oroszország februárban napi 11,3 millió hordó kőolajat termelt, de a bevezetett korlátozások miatt a mennyiség márciusban 250 ezer hordóval, áprilisban pedig 500 ezer hordóval csökkenhet. A jelentés összeállítói szerint átmenetileg csökkenni fog a termelés, részben mert a szállítással foglalkozó cégek egy része inkább kivár a már érvényben lévő szankciók és az esetleg újabb megszorítások miatt. Miközben az orosz kőolajtermelés és exportkapacitás továbbra is elérhető lesz, komoly bizonytalansági tényezővé lépett elő, hogy hogyan és milyen mennyiségben tudnak majd egyes országok kőolajat és olajterméket importálni.Az EIA előrejelzése szerint az export visszaesése mellett az olajtárolók gyorsan megtelnek, ami miatt vissza kell majd fogni, sőt talán le kell állítani a termelést. A hivatal mindazonáltal úgy véli, hogy összességében sikerül majd exportálni az orosz olaj nagy részét, de időbe telik az új kereskedelmi útvonalak kialakítása és más vevők megtalálása.(Kiemelt kép: PATRICK PLEUL / dpa-Zentralbild / dpa Picture-Alliance via AFP)






Napi horoszkóp, 2022. szeptember 22.: A Kos furcsa módon jut pénzhez, az Ikrek életében sikerszéria veszi kezdetétKíváncsi vagy, mi vár rád ma a munkahelyeden vagy a szerelemben csütörtökön? Íme az Elle napi horoszkópja!Merész videó: Madonna vadul csókolózott egy 26 éves nővel Madonna új klipje elég merészre sikeredett.","https://168.hu/kulfold/nagy-visszaeses-varhato-az-orosz-olajtermelesben-228834","Direct2","True","3","2022","en","The sanctions will last, but the reservoirs will not last long. Russia's oil production will be significantly reduced in the coming months due to the sanctions imposed, the U.S. Government's Energy Information Office (EIA) believes..... The office estimates that Russia produced 11,3 million barrels of oil per day in February, but the restrictions introduced will reduce the volume by 250,000 barrels in March and 500,000 barrels in April.","Everyone will feel that, Russian oil production can fall sharply","{'event_type': 'trade_financial_sanction', 'model_outputs': {'-999': -0.5574468970298767, 'arms_transfer_security_aid_assistance': 0.15912748873233795, 'bribery_economic_corruption': 0.22039519250392914, 'diaspora_activation': -1.1879650354385376, 'diplomatic_mediation': -1.157315731048584, 'diplomatic_recognition': -0.6555306315422058, 'diplomatic_sanction': 0.9339252710342407, 'diplomatic_statement': 1.2176134586334229, 'diplomatic_visit': 0.6104415655136108, 'economic_aid_assistance': -0.05655035749077797, 'intelligence_counterintelligence': -0.3228699564933777, 'investment': 0.5265774726867676, 'joint_security_force_exercise': -1.0042643547058105, 'media_campaign_intervention': -0.3898291289806366, 'social_academic_cultural_activity': -0.3952341675758362, 'political_process_policy_intervention': -0.7266634106636047, 'professional_cultural_exchange': 0.01103983074426651, 'security_cooperation': -0.7706760168075562, 'security_force_facility_presence': -1.6988351345062256, 'official_security_force_facility_presence': -1.2377972602844238, 'surveillance': 0.21979519724845886, 'tech_transfer_investment': -0.5335720777511597, 'trade_agreement_exchange': -0.5034938454627991, 'trade_financial_sanction': 8.406906127929688, 'transnational_organization_crime': -1.4798551797866821}}","{'RUS': ['Russian Federation'], 'USA': ['United States']}","{'event_type': '-999', 'model_outputs': {'arrest': -1.239558458328247, 'protest': -0.4860675036907196, 'legalaction': -0.4746408462524414, 'disaster': 1.736575961112976, 'censor': 0.13049089908599854, 'electionactivity': -0.10601657629013062, 'electionirregularities': -1.4858914613723755, 'activism': -0.7870246171951294, 'martiallaw': -0.5815461874008179, 'cooperate': 0.07451039552688599, 'coup': -1.0938776731491089, 'violencenonlethal': 0.43609893321990967, 'violencelethal': -0.25572893023490906, 'corruption': -0.48216819763183594, 'legalchange': -0.04814958572387695, 'mobilizesecurity': -0.8283971548080444, 'purge': -0.37421557307243347, 'threaten': -0.03347763419151306, 'raid': -1.3765705823898315, '-999': 9.895614624023438}}","{'result': 'No', 'model_outputs': {'Yes': -1.0407764911651611, 'No': 0.7380317449569702}}","","","","","","","","Hungary"
"32283","3146","629c2d36f1f860762878ac62","['Peyotto Technologies', 'Գոհար Հայրապետյան', 'Արթուր Աղաբեկյան', 'Վոլոդյա Մուշեղյան', 'Դավիթ Գրիգորյան', 'Ժիրայր Ոսկանյան']","2022-06-05 00:12:38.786",NA,"2022-03-03",NA,"https%3A%2F%2Fwww.1in.am%2F3076697.html.json","https://www.1in.am/assets/uploads/2022/03/100-106-540x360.jpg","hy","Ռուս ղեկավարներին ու գեներալներին սպառնում է Հաագայի տրիբունալը. Լոնդոն",NA,NA,"1in.am","Մեծ Բրիտանիան առաջատար դեր է խաղացել Հաագայի միջազգային տրիբունալին դիմելու հարցում դաշնակիցներին համախմբելու գործում, ասվում է Մեծ Բրիտանիայի արտաքին գործերի նախարարության հայտարարության մեջ: Այս մասին տեղեկացնում է BBC-ն։","https://www.1in.am/3076697.html","Direct2","True","3","2022","en","The Great Britain has played an important role in bringing together the perpetrators of the attack on the Hague International Tribunal, says the United Kingdom's presidential decree on foreign affairs.","Russian leaders and generals are threatened by the Hague tribunal.","{'event_type': 'diplomatic_sanction', 'model_outputs': {'-999': -0.7286337614059448, 'arms_transfer_security_aid_assistance': -1.1128923892974854, 'bribery_economic_corruption': 2.385209560394287, 'diaspora_activation': -0.7122100591659546, 'diplomatic_mediation': 1.2987120151519775, 'diplomatic_recognition': 0.03656585514545441, 'diplomatic_sanction': 4.556049346923828, 'diplomatic_statement': 3.9832441806793213, 'diplomatic_visit': 0.25655698776245117, 'economic_aid_assistance': -0.28342926502227783, 'intelligence_counterintelligence': 0.30327773094177246, 'investment': -0.8375619649887085, 'joint_security_force_exercise': -1.0326435565948486, 'media_campaign_intervention': -1.9803242683410645, 'social_academic_cultural_activity': -0.044779419898986816, 'political_process_policy_intervention': 0.9935553669929504, 'professional_cultural_exchange': -0.19968809187412262, 'security_cooperation': -0.41986218094825745, 'security_force_facility_presence': -1.309600591659546, 'official_security_force_facility_presence': -1.0942583084106445, 'surveillance': -1.6137356758117676, 'tech_transfer_investment': -0.8474112153053284, 'trade_agreement_exchange': -1.6592626571655273, 'trade_financial_sanction': 0.617067813873291, 'transnational_organization_crime': 0.07978036999702454}}","{'GBR': ['United Kingdom of Great Britain and Northern Ireland'], 'USA': ['Hague']}","{'event_type': '-999', 'model_outputs': {'arrest': -0.97064608335495, 'protest': -0.7496150732040405, 'legalaction': 1.4863176345825195, 'disaster': -0.11284583806991577, 'censor': 0.2720213234424591, 'electionactivity': -0.5404647588729858, 'electionirregularities': -0.9435602426528931, 'activism': -0.44606149196624756, 'martiallaw': -1.2161126136779785, 'cooperate': -0.5165627002716064, 'coup': -0.020273923873901367, 'violencenonlethal': 0.4959006905555725, 'violencelethal': -1.0836358070373535, 'corruption': -0.5578505396842957, 'legalchange': 0.03295433521270752, 'mobilizesecurity': -0.969494104385376, 'purge': -0.6194860935211182, 'threaten': 0.9150421023368835, 'raid': -1.3656005859375, '-999': 9.536654472351074}}","{'result': 'Yes', 'model_outputs': {'Yes': 1.3012123107910156, 'No': -1.2604578733444214}}","","","","","","","","Armenia"
"94890","4886","62b0fa4a13a27197c92e4122","['Marko Vidojković', 'Pavle Simjanović', 'Nina Savčić', 'Nemanja Rujević']","2022-06-20 18:52:58.638",NA,"2022-04-19 09:08:00","Posle predsedničkih i parlamentarnih izbora u Srbiji naglo je povećan pritisak na Beograd da se priključi sankcijama Rusiji, a prvi put je za vreme ukrajinske krize nezadovoljstvo pokazala i Moskva, piše danas moskovski dnevnik Komersant.","https%3A%2F%2Fwww.danas.rs%2Fvesti%2Fpolitika%2Fnakon-izbora-povecan-pritisak-na-beograd-moskva-nezadovoljna-srbijom%2F.json","https://www.danas.rs/wp-content/uploads/2022/04/0801foto-BETAPHOTO-MILAN-OBRADOVIC.jpg","sr","Komersant: Vučić sedi na dve stolice, Moskva nezadovoljna Srbijom",NA,NA,"danas.rs","Posle predsedničkih i parlamentarnih izbora u Srbiji naglo je povećan pritisak na Beograd da se priključi sankcijama Rusiji, a prvi put je za vreme ukrajinske krize nezadovoljstvo pokazala i Moskva, piše danas moskovski dnevnik Komersant.U članku pod nazivom „Srbiju napadaju sa svih strana – Beogradom su nezadovoljni i Zapad i Rusija“, list ocenjuje da će predsednik Srbije Aleksandar Vučić, koji se našao usred diplomatske vatre dve strane, napraviti niz koraka u susret Zapadu, ali da teško da će se okrenuti od Rusije.Pritisak na Beograd predvodi Nemačka, koja se smatra ključnim partnerom Srbije u EU, navodi dnevnik i podseća da je nemački predsednik Hans-Valter Štajnmajer prošle nedelje u čestitki Vučiću napomenuo da je koordinacija srpske spoljne politike sa EU, posebno prema Rusiji, uključujući i uvođenje sankcija, od ključnog značaja.Kako prenosi TV N1, Komersant piše da su se time obistinile prognoze eksperata da će se pritisak EU i SAD na Srbiju posle izbora povećati.„Od samog početka sadašnje krize u Ukrajini, Zapad je procenio da je nenormalno da Srbija ostane jedina među članovima i kandidatima za EU koja se nije priključila sankcijama. Beograd je dobio prećutno odlaganje samo do izbora 3. aprila. Štaviše, Zapad nije bio zadovoljan ni činjenicom da je Srbija u proteklom periodu tri puta podržala antiruske rezolucije u UN, uključujući i onu nedavnu kojom je suspendovano članstvo Rusije u Savetu za ljudska prava“, navodi Komersant.List piše da je „novi i veoma neprijatni momenat za Vučića, koji pokušava da sedi na dve stolice“, taj što je nezadovoljstvo njegovom pozicijom izrazila i Moskva.List citira portparolku Ministarstva spoljnih poslova Rusije Mariju Zaharovu koja je izjavila da Moskva ne razume predstavnike država koji teže nezavisnoj, izbalansiranoj politici, a koji govore da su podvrgnuti neviđenom pritisku zapadnih država i da zato idu na kompromise.„Ne razumemo to. Znamo da se vrši pritisak. Ali, ako je reč o onima koji tvrde da su naši prijatelji, to je nemoguće razumeti“, prenosi Komersant reči Zaharove.„Prijateljski odnos prema Rusiji“ Vučić može da pokaže već uskoro, čak i ako se i dalje ne priključi zapadnim sankcijama, kao i da se seti želje predsednika Vladimira Putina – da u Vladu Srbije uključi više političara koji su orijentisani na razvoj odnosa sa Rusijom, piše list.Dnevnik navodi da je glavni partner Vučićeve Srpske napredne stranke – Socijalistička partija Srbije Ivice Dačića, koji se u Srbiji smatra „jednim iz ključnih proruskih političara“.List međutim, ukazuje na izjavu premijerke Srbije Ane Brnabić da nema nikakvog dogovora o tome da će Dačić biti premijer.Pratite nas na našoj Facebook i Instagram stranici, ali i na Twitter nalogu. Pretplatite se na PDF izdanje lista Danas.Ime *Komentar","https://www.danas.rs/vesti/politika/nakon-izbora-povecan-pritisak-na-beograd-moskva-nezadovoljna-srbijom/","Direct2","True","4","2022","en","After the presidential and parliamentary elections in Serbia, the pressure on Belgrade to join the sanctions against Russia suddenly increased, and for the first time during the Ukrainian crisis, Moscow also showed dissatisfaction, the Moscow daily Kommersant writes today. Both the West and Russia are dissatisfied, the paper estimates that Serbian President Aleksandar Vucic, who found himself in the middle of diplomatic fire between the two sides, will take steps towards the West, but that he will hardly turn away from Russia. considers Serbia a key partner","Kommersant: Vucic is sitting on two chairs, Moscow is dissatisfied with Serbia","{'event_type': '-999', 'model_outputs': {'-999': -0.6446818113327026, 'arms_transfer_security_aid_assistance': -0.6719940304756165, 'bribery_economic_corruption': -1.433379888534546, 'diaspora_activation': -0.017561599612236023, 'diplomatic_mediation': 0.6542588472366333, 'diplomatic_recognition': -0.845475435256958, 'diplomatic_sanction': 0.44307655096054077, 'diplomatic_statement': 8.082685470581055, 'diplomatic_visit': 3.202622890472412, 'economic_aid_assistance': -0.8628542423248291, 'intelligence_counterintelligence': -0.5104525685310364, 'investment': -0.8269411325454712, 'joint_security_force_exercise': -1.6154568195343018, 'media_campaign_intervention': -1.180328607559204, 'social_academic_cultural_activity': -0.6435573697090149, 'political_process_policy_intervention': 0.45258018374443054, 'professional_cultural_exchange': -0.4902759790420532, 'security_cooperation': 0.5483815670013428, 'security_force_facility_presence': -0.3172857165336609, 'official_security_force_facility_presence': -1.1264890432357788, 'surveillance': -0.8983618021011353, 'tech_transfer_investment': 0.0055879950523376465, 'trade_agreement_exchange': -0.5440004467964172, 'trade_financial_sanction': 0.14460723102092743, 'transnational_organization_crime': -1.6248347759246826}}","{'SRB': ['Serbia', 'Belgrade'], 'RUS': ['Russian Federation', 'Moscow']}","{'event_type': '-999', 'model_outputs': {'arrest': 0.03371143341064453, 'protest': -0.5801196098327637, 'legalaction': 0.5520274639129639, 'disaster': -0.19281065464019775, 'censor': -0.7237943410873413, 'electionactivity': 0.17835909128189087, 'electionirregularities': -1.277425765991211, 'activism': -1.2063875198364258, 'martiallaw': -1.3863450288772583, 'cooperate': 0.1340959370136261, 'coup': -1.145958423614502, 'violencenonlethal': 0.11319410055875778, 'violencelethal': -1.0052611827850342, 'corruption': 0.6094523668289185, 'legalchange': -0.1676931530237198, 'mobilizesecurity': -0.9238905906677246, 'purge': 0.2209334671497345, 'threaten': -0.14032697677612305, 'raid': -1.4170256853103638, '-999': 10.148542404174805}}","{'result': 'Yes', 'model_outputs': {'Yes': 0.9658302068710327, 'No': -0.826018214225769}}","-999","-999","-999","-999","","['Moscow']","No","Serbia"
"96011","6007","62b0f6f913a27197c92e3a74","['Pavle Simjanović', 'Nina Savčić', 'Marko Vidojković', 'Nemanja Rujević']","2022-06-20 18:38:49.155",NA,"2022-05-09 17:24:00","Prorusko raspoloženje i podrška ruskoj invaziji na Ukrajinu i dalje su visoki u Srbiji i Republici Srpskoj, čiji populistički lideri neguju bliske odnose sa predsednikom Rusije Vladimirom Putinom, navela je američka agencija Asošiejted pres u izveštaju o današnjim manifestacijama ""Besmrtni puk"".","https%3A%2F%2Fwww.danas.rs%2Fvesti%2Fdrustvo%2Fap-srbi-organizuju-proruske-marseve-u-sklopu-obelezavanja-dana-pobede%2F.json","https://www.danas.rs/wp-content/uploads/2022/05/Beta-2sj3jv3ua2-scaled-e1652109863729.jpg","sr","AP: Srbi organizuju proruske marševe u sklopu obeležavanja Dana pobede",NA,NA,"danas.rs","Prorusko raspoloženje i podrška ruskoj invaziji na Ukrajinu i dalje su visoki u Srbiji i Republici Srpskoj, čiji populistički lideri neguju bliske odnose sa predsednikom Rusije Vladimirom Putinom, navela je američka agencija Asošiejted pres u izveštaju o današnjim manifestacijama „Besmrtni puk“.Agencija navodi da su „proruski marševi organizovani danas u Srbiji i Republici Srpskoj, tradicionalnim saveznicima Moskve na Balkanu“, u sklopu obeležavanja Dana pobede nad fašizmom u Drugom svetskom ratu.Ministar bez portfelja u Vladi Srbije Nenad Popović i ruski ambasador u Beogradu Aleksandar Bocan-Harčenko pridružili su se desetinama ljudi u maršu podržanom od Moskve, godišnjem događaju nalik onom koji se održava u Rusiji u čast žrtava Drugog svetskog rata, navodi AP.Učesnici marša su nosili kartonsku figuru Putina i veliko slovo „Z“, simbol podrške ruskoj invaziji na Ukrajinu, navodi AP i dodaje da je „otvoreno proruski orijentisan“ Popović rekao da su Srbija i Rusija „uvek bile na pravoj strani istorije“.Srbija se pridružila osudi ruskog napada na Ukrajinu u Ujedinjenim nacijama, ali je odbila da uvede sankcije Moskvi, uprkos tome što formalno želi da se pridruži Evropskoj uniji, navodi AP.U Banjaluci su najviši zvaničnici Republike Srpske i ruski ambasador u Sarajevu Igor Kalabuhov bili deo marša, čiji su učesnici transparentima izrazili „otvorenu podršku ruskoj invaziji i borbi protiv nacizma u Ukrajini i svetu“, navodi američka agencija.Na transparentima je korišćen Putinov argument za pokretanje napada na Ukrajinu, u kojem su od 24. februara ubijene hiljade ljudi, raseljeni milioni i uništeni ukrajinski gradovi i sela, dodaje Asošiejted pres.Pratite nas na našoj Facebook i Instagram stranici, ali i na Twitter nalogu. Pretplatite se na PDF izdanje lista Danas.Ime *Komentar","https://www.danas.rs/vesti/drustvo/ap-srbi-organizuju-proruske-marseve-u-sklopu-obelezavanja-dana-pobede/","Direct2","True","5","2022","en","Pro-Russian sentiment and support for the Russian invasion of Ukraine remain high in Serbia and Republika Srpska, whose populist leaders nurture close relations with Russian President Vladimir Putin, the Associated Press reported in a report on today's \""Immortal Regiment.\"" pro-Russian marches organized today in Serbia and Republika Srpska, Moscow's traditional allies in the Balkans, as part of the celebration of Victory Day over fascism in World War II. Minister without Portfolio in the Serbian Government Nenad Popovic and Russian Ambassador to Belgrade Aleksandar Bocan-Ha","AP: Serbs are organizing pro-Russian marches as part of the Victory Day celebrations","{'event_type': '-999', 'model_outputs': {'-999': -0.37624794244766235, 'arms_transfer_security_aid_assistance': -0.4906606674194336, 'bribery_economic_corruption': -1.6508287191390991, 'diaspora_activation': 8.476539611816406, 'diplomatic_mediation': -0.8103508353233337, 'diplomatic_recognition': 0.15825632214546204, 'diplomatic_sanction': 0.42604151368141174, 'diplomatic_statement': 0.3993868827819824, 'diplomatic_visit': 0.17408955097198486, 'economic_aid_assistance': -0.28117436170578003, 'intelligence_counterintelligence': -0.14400257170200348, 'investment': -0.48373955488204956, 'joint_security_force_exercise': 0.9133481979370117, 'media_campaign_intervention': -0.19704248011112213, 'social_academic_cultural_activity': 0.00315643846988678, 'political_process_policy_intervention': -0.4289605915546417, 'professional_cultural_exchange': 2.0037646293640137, 'security_cooperation': -0.3099033534526825, 'security_force_facility_presence': -0.1655595302581787, 'official_security_force_facility_presence': -0.9793194532394409, 'surveillance': -1.1413049697875977, 'tech_transfer_investment': -0.5272270441055298, 'trade_agreement_exchange': -0.44927969574928284, 'trade_financial_sanction': -0.9158549904823303, 'transnational_organization_crime': -1.1771596670150757}}","{'UKR': ['Ukraine'], 'SRB': ['Serbia'], 'BIH': ['Republika Srpska'], 'RUS': ['Moscow'], 'None': ['Balkan Peninsula']}","{'event_type': 'protest', 'model_outputs': {'arrest': 0.19623896479606628, 'protest': 8.567496299743652, 'legalaction': -1.6628992557525635, 'disaster': -1.377893090248108, 'censor': -1.1276823282241821, 'electionactivity': -0.23962141573429108, 'electionirregularities': -0.42719465494155884, 'activism': -0.588392972946167, 'martiallaw': -0.19263850152492523, 'cooperate': -0.6100142002105713, 'coup': -0.4132336378097534, 'violencenonlethal': 0.5700876116752625, 'violencelethal': 0.28200384974479675, 'corruption': -1.176017165184021, 'legalchange': -1.2484135627746582, 'mobilizesecurity': -0.03746703639626503, 'purge': -0.6360148787498474, 'threaten': 0.2517848610877991, 'raid': -0.9874277114868164, '-999': -1.2681026458740234}}","{'result': 'Yes', 'model_outputs': {'Yes': 1.470763921737671, 'No': -1.4358378648757935}}","-999","-999","-999","protest","","['Russia', 'Moscow']","No","Serbia"
"117944","201","621bd0f2724cae9deabbb654","['Bohdan Vitvitsky']","2022-02-27 14:28:34.940",NA,"2022-01-24 04:25:25","","https%3A%2F%2Fkyivindependent.com%2Fopinion%2Fbohdan-vitvitsky-disarming-putins-history-weapon%2F.json","https://kyivindependent.com/wp-content/uploads/2022/01/zvo23g_23122021_1200_6.jpg","en","Bohdan Vitvitsky: Disarming Putin’s history weapon",NA,NA,"kyivindependent.com","Russian T-72 tanks maneuver during a combined arms exercises in Voronezh Oblast (Russia’s Ministry of Defense)
Editor’s Note: This op-ed was published by Atlantic Council. It is republished here with permission.
Ever since 2014, Russian President Vladimir Putin has weaponized history as part of his hybrid war against Ukraine. On numerous occasions, most infamously in his July 2021 essay “On the Historical Unity of Russians and Ukrainians,” Putin has used highly selective interpretations of the past to undermine Ukrainian national identity and legitimize his own expansionist imperial ambitions.
Putin’s distortions have been widely ridiculed and rejected inside Ukraine itself. However, aspects of the Russian ruler’s narrative remain largely uncontested in the international arena, with damaging consequences for outside understanding of the current conflict. If the international community wishes to truly appreciate the issues at stake in the confrontation between Russia and Ukraine, it must first cut through the layers of historical disinformation constructed by the Kremlin.
Putin’s central message is the idea that Ukraine has always been part of Russia and must remain so. He routinely refers to Russians and Ukrainians as “one people” and frequently blames outside influences for manufacturing what he regards as an artificial divide between the two modern nations.
In reality, while today’s Russia and Ukraine do indeed share long periods of common history, they have spent considerably more time apart than together. Ukraine’s experience of Russian rule is also much darker than Putin cares to admit and makes a mockery of his attempts to sanitize the imperial past. Far from being fraternal nations, many Ukrainians see their historical relationship with Russia as being more akin to that of an abused spouse in a forced marriage.
No honest reading of Russian-Ukrainian relations would characterize bilateral ties as a partnership of equals. Instead, the relationship was defined for centuries by Russian efforts to exert ever greater control over Ukraine while suppressing Ukrainian nation-building efforts.
Early incidents of note include the 1709 Sack of Baturyn, which saw Russian troops slaughter the entire population of the Ukrainian Cossack capital city in an atrocity that echoed across Europe. As Russian imperial control over Ukraine strengthened during the eighteenth and nineteenth centuries, so did efforts to prevent the evolution of Ukrainian national identity.
This process included extensive restrictions on the use of the Ukrainian language. No single document captures the Russian denial of Ukrainian identity quite as succinctly as the 1863 “Valuev Circular.” This czarist decree banning Ukrainian-language publications states matter-of-factly, “a separate Ukrainian (“Little Russian”) language has never existed, does not exist, and shall not exist.”
Russia’s anti-Ukrainian agenda expanded dramatically in the twentieth century with catastrophic consequences.
Potential national leaders were frequently targeted. During World War I, the advance of Russian imperial troops into what is today’s western Ukraine led to the arrest and imprisonment of Andrey Sheptytsky, the Metropolitan Archbishop of the Ukrainian Greek Catholic Church and a prominent personality within the Ukrainian community.
In the chaotic period following the 1917 Russian Revolution, Bolshevik armies repeatedly invaded Ukraine and ultimately crushed the country’s first major statehood bid. Ukraine’s attempts to establish an independent state were equally opposed by the anti-Bolshevik White Russian Army. Indeed, opposition to Ukrainian independence was one of the few things upon which the two sides could actually agree.
The next chapter in the Kremlin war on Ukrainian statehood was to prove by far the bloodiest. During the late 1920s and early 1930s, Soviet dictator Josef Stalin unleashed a wave of coordinated terror against the Ukrainian intelligentsia and the Ukrainian peasantry in a bid to eradicate the threat to Soviet power posed by Ukraine’s statehood aspirations.
Countless Ukrainian writers, scientists, clergy and school teachers were arrested and executed or sent to the Gulag on trumped up charges of “bourgeois nationalism.” Meanwhile, a deliberately engineered artificial famine devastated the Ukrainian countryside, leaving an estimated four million dead. This Stalinist campaign would later be held up as a classic example of genocide by Raphael Lemkin, the man who coined the term and initiated the Genocide Convention.
Policies of russification remained the norm in Soviet Ukraine right up until the final years of the USSR. They are now being revived in regions of Ukraine currently under Russian occupation as the Kremlin seeks to reassert its authority by eradicating traces of Ukrainian identity.
Since 2014, Ukrainian language education has been removed from the curriculum in Russian-occupied Crimea and eastern Ukraine. Other symbols of Ukrainian identity such as the Orthodox Church of Ukraine have also been relentlessly targeted by the occupation authorities. Russia’s actions expose the grim reality behind Putin’s protestations of brotherly love.
This long record of atrocity and oppression rarely features in international media coverage of the current conflict between Russia and Ukraine. Instead, correspondents are more likely to make casual references to a shared past without seeking to clarify the troubling character of this historical relationship.
Encouraged by the apparently endless credulity of the international community, the Kremlin has taken its distortions to new extremes. In recent months, Russia has surrounded Ukraine from the north, east, and south with a formidable invasion force, while at the same time insisting it is Ukraine that poses a security threat to Russia. The sheer audacity of Moscow’s claims would be enough to make Orwell chuckle.
Russia’s recent demands for “security guarantees” are self-evidently absurd and should be treated as such by the international community. Likewise, Vladimir Putin’s attempts to portray Ukraine’s long and traumatic experience of Russian domination as a benign brotherhood should no longer be allowed to pass unchallenged. For too long, history has been one the Kremlin’s favorite weapons. The time has come to disarm it.","https://kyivindependent.com/opinion/bohdan-vitvitsky-disarming-putins-history-weapon/",NA,"True","1","2022","en","Russian T-72 tanks maneuver during a combined arms exercises in Voronezh Oblast (Russia’s Ministry of Defense)
Editor’s Note: This op-ed was published by Atlantic Council. It is republished here with permission.
Ever since 2014, Russian President Vladimir Putin has weaponized history as part of his hybrid war against Ukraine. On numerous occasions, most infamously in his July 2021 essay “On the Historical Unity of Russians and Ukrainians,” Putin has used highly selective interpretations of the past to undermine Ukrainian national identity and legitimize his own expansionist imperial ambitions.
Putin’s distortions have been widely ridiculed and rejected inside Ukraine itself. However, aspects of the Russian ruler’s narrative remain largely uncontested in the international arena, with damaging consequences for outside understanding of the current conflict. If the international community wishes to truly appreciate the issues at stake in the confrontation between Russia and Ukraine, it must first cut through the layers of historical disinformation constructed by the Kremlin.
Putin’s central message is the idea that Ukraine has always been part of Russia and must remain so. He routinely refers to Russians and Ukrainians as “one people” and frequently blames outside influences for manufacturing what he regards as an artificial divide between the two modern nations.
In reality, while today’s Russia and Ukraine do indeed share long periods of common history, they have spent considerably more time apart than together. Ukraine’s experience of Russian rule is also much darker than Putin cares to admit and makes a mockery of his attempts to sanitize the imperial past. Far from being fraternal nations, many Ukrainians see their historical relationship with Russia as being more akin to that of an abused spouse in a forced marriage.
No honest reading of Russian-Ukrainian relations would characterize bilateral ties as a partnership of equals. Instead, the relationship was defined for centuries by Russian efforts to exert ever greater control over Ukraine while suppressing Ukrainian nation-building efforts.
Early incidents of note include the 1709 Sack of Baturyn, which saw Russian troops slaughter the entire population of the Ukrainian Cossack capital city in an atrocity that echoed across Europe. As Russian imperial control over Ukraine strengthened during the eighteenth and nineteenth centuries, so did efforts to prevent the evolution of Ukrainian national identity.
This process included extensive restrictions on the use of the Ukrainian language. No single document captures the Russian denial of Ukrainian identity quite as succinctly as the 1863 “Valuev Circular.” This czarist decree banning Ukrainian-language publications states matter-of-factly, “a separate Ukrainian (“Little Russian”) language has never existed, does not exist, and shall not exist.”
Russia’s anti-Ukrainian agenda expanded dramatically in the twentieth century with catastrophic consequences.
Potential national leaders were frequently targeted. During World War I, the advance of Russian imperial troops into what is today’s western Ukraine led to the arrest and imprisonment of Andrey Sheptytsky, the Metropolitan Archbishop of the Ukrainian Greek Catholic Church and a prominent personality within the Ukrainian community.
In the chaotic period following the 1917 Russian Revolution, Bolshevik armies repeatedly invaded Ukraine and ultimately crushed the country’s first major statehood bid. Ukraine’s attempts to establish an independent state were equally opposed by the anti-Bolshevik White Russian Army. Indeed, opposition to Ukrainian independence was one of the few things upon which the two sides could actually agree.
The next chapter in the Kremlin war on Ukrainian statehood was to prove by far the bloodiest. During the late 1920s and early 1930s, Soviet dictator Josef Stalin unleashed a wave of coordinated terror against the Ukrainian intelligentsia and the Ukrainian peasantry in a bid to eradicate the threat to Soviet power posed by Ukraine’s statehood aspirations.
Countless Ukrainian writers, scientists, clergy and school teachers were arrested and executed or sent to the Gulag on trumped up charges of “bourgeois nationalism.” Meanwhile, a deliberately engineered artificial famine devastated the Ukrainian countryside, leaving an estimated four million dead. This Stalinist campaign would later be held up as a classic example of genocide by Raphael Lemkin, the man who coined the term and initiated the Genocide Convention.
Policies of russification remained the norm in Soviet Ukraine right up until the final years of the USSR. They are now being revived in regions of Ukraine currently under Russian occupation as the Kremlin seeks to reassert its authority by eradicating traces of Ukrainian identity.
Since 2014, Ukrainian language education has been removed from the curriculum in Russian-occupied Crimea and eastern Ukraine. Other symbols of Ukrainian identity such as the Orthodox Church of Ukraine have also been relentlessly targeted by the occupation authorities. Russia’s actions expose the grim reality behind Putin’s protestations of brotherly love.
This long record of atrocity and oppression rarely features in international media coverage of the current conflict between Russia and Ukraine. Instead, correspondents are more likely to make casual references to a shared past without seeking to clarify the troubling character of this historical relationship.
Encouraged by the apparently endless credulity of the international community, the Kremlin has taken its distortions to new extremes. In recent months, Russia has surrounded Ukraine from the north, east, and south with a formidable invasion force, while at the same time insisting it is Ukraine that poses a security threat to Russia. The sheer audacity of Moscow’s claims would be enough to make Orwell chuckle.
Russia’s recent demands for “security guarantees” are self-evidently absurd and should be treated as such by the international community. Likewise, Vladimir Putin’s attempts to portray Ukraine’s long and traumatic experience of Russian domination as a benign brotherhood should no longer be allowed to pass unchallenged. For too long, history has been one the Kremlin’s favorite weapons. The time has come to disarm it.","Bohdan Vitvitsky: Disarming Putin’s history weapon","{'event_type': '-999', 'model_outputs': {'-999': -0.4966742694377899, 'arms_transfer_security_aid_assistance': 0.02972249686717987, 'bribery_economic_corruption': -1.4876937866210938, 'diaspora_activation': -0.7619079947471619, 'diplomatic_mediation': -0.4735614061355591, 'diplomatic_recognition': -1.164654016494751, 'diplomatic_sanction': -0.3241116404533386, 'diplomatic_statement': 7.616748809814453, 'diplomatic_visit': 1.4756724834442139, 'economic_aid_assistance': -1.4363371133804321, 'intelligence_counterintelligence': -0.7687737941741943, 'investment': -1.069070816040039, 'joint_security_force_exercise': -1.7638076543807983, 'media_campaign_intervention': 0.4243957996368408, 'social_academic_cultural_activity': -0.5413117408752441, 'political_process_policy_intervention': 1.7571907043457031, 'professional_cultural_exchange': -0.3377950191497803, 'security_cooperation': 0.16132834553718567, 'security_force_facility_presence': 0.6644130349159241, 'official_security_force_facility_presence': -1.6242334842681885, 'surveillance': 0.41522717475891113, 'tech_transfer_investment': -0.7893691062927246, 'trade_agreement_exchange': -0.9902119636535645, 'trade_financial_sanction': 1.4259660243988037, 'transnational_organization_crime': -1.328080415725708}}","{'None': ['Europe'], 'RUS': ['Russian Federation', 'Moscow'], 'UKR': ['Ukraine', 'Baturyn'], 'USA': ['Kremlin'], 'AUS': ['Crimea']}","{'event_type': '-999', 'model_outputs': {'arrest': -0.5819331407546997, 'protest': -0.5426234602928162, 'legalaction': -0.2282373011112213, 'disaster': -0.21682249009609222, 'censor': -0.4143030643463135, 'electionactivity': 0.5404401421546936, 'electionirregularities': -1.3687068223953247, 'activism': -1.0065754652023315, 'martiallaw': -1.0563989877700806, 'cooperate': 0.4782443940639496, 'coup': -0.6440629363059998, 'violencenonlethal': 0.34315225481987, 'violencelethal': -0.8466907739639282, 'corruption': -0.45526954531669617, 'legalchange': 0.2506100535392761, 'mobilizesecurity': -0.7146211862564087, 'purge': -0.5586836934089661, 'threaten': 0.14833566546440125, 'raid': -1.6218523979187012, '-999': 10.106412887573242}}","{'result': 'Yes', 'model_outputs': {'Yes': 0.9071658849716187, 'No': -0.7652203440666199}}","-999","-999","-999","-999","","[]","No","Ukraine"
"124647","397","615f80178e06d1c56e68b1fb","[]","2021-10-07 19:17:43.459","","2021-08-31 18:59:00","С начала этого периода на Донбассе зафиксировано 4 нарушения режима прекращения огня со стороны формирований Российской Федерации.","https%3A%2F%2Fwww.pravda.com.ua%2Frus%2Fnews%2F2021%2F08%2F31%2F7305629%2F.json","https://img.pravda.com/images/doc/0/5/05ac6d4-clipboard01.jpg","ru","Боевики на Донбассе стреляли вблизи Нью-Йорка","",NA,"pravda.com.ua","С начала этого периода на Донбассе зафиксировано 4 нарушения режима прекращения огня со стороны формирований Российской Федерации.
 Источник: сообщение штаба ООС в Facebook
 Дословно: ""С начала этого периода зафиксировано 4 нарушения режима прекращения огня.
 В направлении Широкино российские наемники обстреляли наши позиции с станковых противотанковых и автоматических станковых гранатометов и крупнокалиберных пулеметов.
 Возле Новозвановки противник применял минометы 120-го калибра.
 Близ Нью-Йорка вооруженные формирования Российской Федерации вели огонь из станковых противотанковых гранатометов.
 Неподалеку Красногоровки враг совершил обстрелы украинских позиций из минометов 120-го калибра и противотанковых пушек МТ-12"".
 Детали: Указывается, что на вражеские обстрелы украинские военные открывали огонь.
 За текущие сутки боевых потерь среди военнослужащих Объединенных сил нет.
 Предыстория:","https://www.pravda.com.ua/rus/news/2021/08/31/7305629/","ccnews","True","8","2021","en","Since the beginning of this period, four violations of the ceasefire have been recorded on Donbas by Russian Federation militias.","The Donbas fighters shot near New York.","{'event_type': '-999', 'model_outputs': {'-999': -0.33347445726394653, 'arms_transfer_security_aid_assistance': -0.9229180216789246, 'bribery_economic_corruption': -1.179530143737793, 'diaspora_activation': -0.48717010021209717, 'diplomatic_mediation': 2.0911636352539062, 'diplomatic_recognition': -1.029593825340271, 'diplomatic_sanction': -1.7954171895980835, 'diplomatic_statement': 4.90665864944458, 'diplomatic_visit': -0.17974001169204712, 'economic_aid_assistance': -0.7205759286880493, 'intelligence_counterintelligence': -1.3199939727783203, 'investment': -0.8470343351364136, 'joint_security_force_exercise': -1.1334497928619385, 'media_campaign_intervention': -0.5324008464813232, 'social_academic_cultural_activity': -0.5294267535209656, 'political_process_policy_intervention': -0.5162351727485657, 'professional_cultural_exchange': -1.110844612121582, 'security_cooperation': 2.128694534301758, 'security_force_facility_presence': 7.192879676818848, 'official_security_force_facility_presence': -0.7684144973754883, 'surveillance': -0.8671634197235107, 'tech_transfer_investment': -0.6555277109146118, 'trade_agreement_exchange': -1.4665441513061523, 'trade_financial_sanction': -1.8675384521484375, 'transnational_organization_crime': -0.1511298418045044}}","{'USA': ['New York']}","{'event_type': 'violencelethal', 'model_outputs': {'arrest': -0.6776186227798462, 'protest': 0.37944889068603516, 'legalaction': -1.3952986001968384, 'disaster': -0.6437966227531433, 'censor': -1.107597827911377, 'electionactivity': -1.0175995826721191, 'electionirregularities': -0.9776262044906616, 'activism': -1.1556971073150635, 'martiallaw': -1.2505735158920288, 'cooperate': -1.5383188724517822, 'coup': -0.13952119648456573, 'violencenonlethal': 4.041376113891602, 'violencelethal': 7.973207473754883, 'corruption': -0.9146093726158142, 'legalchange': -1.439157485961914, 'mobilizesecurity': -0.31429189443588257, 'purge': -0.8010614514350891, 'threaten': -1.3469053506851196, 'raid': -0.46215111017227173, '-999': 0.8670326471328735}}","{'result': 'Yes', 'model_outputs': {'Yes': 0.8562371134757996, 'No': -0.7141709923744202}}","","","","","","","","Ukraine"
"15105","4162","63e18a9b8eb83542d4ecfb22","[]","2023-02-06 18:17:47.542",NA,"2022-04-20",NA,"https%3A%2F%2Fazeritimes.com%2F2022%2F04%2F20%2Fkyrgyzstan-and-russia-agreed-to-develop-cooperation-in-healthcare%2F.json","https://azeritimes.com/wp-content/uploads/2022/04/russia_kyrgyzstan_flag_040717.jpg","en","Kyrgyzstan and Russia agreed to develop cooperation in healthcare",NA,NA,"azeritimes.com","By Trend
Moscow hosted the twenty-third meeting of the Intergovernmental Kyrgyz-Russian Commission on Trade, Economic, Scientific, Technical and Humanitarian Cooperation on April 14, Trend reports citing Kabar.
According to the press service of the Ministry of Health of the Kyrgyz Republic, the meeting was chaired by First Deputy Chairman of the Cabinet of Ministers Arzybek Kozhoshev and Deputy Prime Minister of the Russian Federation Alexei Overchuk with the participation of representatives of interested ministries and departments.
The sides noted the positive dynamics in the development of cooperation between Kyrgyzstan and Russia in the field of healthcare. The importance of the ongoing work on the mutual recognition of vaccination certificates against a new coronavirus infection was especially emphasized.
During the meeting, joint consultations of specialists from the compulsory medical insurance funds of both countries were discussed on the issue of organizing medical care for non-working family members of migrant workers at the expense of compulsory medical insurance, as well as vaccination. Consultations are planned to be held in the first half of 2022.
The sides also exchanged views on the creation of a BSL3 biological laboratory in the Kyrgyz Republic. It should be noted that the Kyrgyz Republic opposed the implementation of this project.
Following the meeting, the Ministry of Health of the Kyrgyz Republic and the Ministry of Health of the Russian Federation agreed to continue developing cooperation in the field of healthcare, including by expanding direct ties between medical, scientific and educational organizations.
The sides also decided to continue to build up cooperation on issues of joint research, prevention and response to infectious diseases within the framework of Russian initiatives to promote international development.
—
Follow us on Twitter @AzerNewsAz
Original Article","https://azeritimes.com/2022/04/20/kyrgyzstan-and-russia-agreed-to-develop-cooperation-in-healthcare/","Direct2","True","4","2022","en","By Trend
Moscow hosted the twenty-third meeting of the Intergovernmental Kyrgyz-Russian Commission on Trade, Economic, Scientific, Technical and Humanitarian Cooperation on April 14, Trend reports citing Kabar.
According to the press service of the Ministry of Health of the Kyrgyz Republic, the meeting was chaired by First Deputy Chairman of the Cabinet of Ministers Arzybek Kozhoshev and Deputy Prime Minister of the Russian Federation Alexei Overchuk with the participation of representatives of interested ministries and departments.
The sides noted the positive dynamics in the development of cooperation between Kyrgyzstan and Russia in the field of healthcare. The importance of the ongoing work on the mutual recognition of vaccination certificates against a new coronavirus infection was especially emphasized.
During the meeting, joint consultations of specialists from the compulsory medical insurance funds of both countries were discussed on the issue of organizing medical care for non-working family members of migrant workers at the expense of compulsory medical insurance, as well as vaccination. Consultations are planned to be held in the first half of 2022.
The sides also exchanged views on the creation of a BSL3 biological laboratory in the Kyrgyz Republic. It should be noted that the Kyrgyz Republic opposed the implementation of this project.
Following the meeting, the Ministry of Health of the Kyrgyz Republic and the Ministry of Health of the Russian Federation agreed to continue developing cooperation in the field of healthcare, including by expanding direct ties between medical, scientific and educational organizations.
The sides also decided to continue to build up cooperation on issues of joint research, prevention and response to infectious diseases within the framework of Russian initiatives to promote international development.
—
Follow us on Twitter @AzerNewsAz
Original Article","Kyrgyzstan and Russia agreed to develop cooperation in healthcare","{'event_type': 'tech_transfer_investment', 'model_outputs': {'-999': -0.647268533706665, 'arms_transfer_security_aid_assistance': -0.3952212631702423, 'bribery_economic_corruption': 0.02813607081770897, 'diaspora_activation': -0.43457531929016113, 'diplomatic_mediation': 0.4462682604789734, 'diplomatic_recognition': 0.4782562851905823, 'diplomatic_sanction': -2.0487008094787598, 'diplomatic_statement': 0.3094971179962158, 'diplomatic_visit': -0.14482161402702332, 'economic_aid_assistance': 2.0019493103027344, 'intelligence_counterintelligence': -0.9293067455291748, 'investment': 0.8416386842727661, 'joint_security_force_exercise': -0.8308098316192627, 'media_campaign_intervention': -0.6971319913864136, 'social_academic_cultural_activity': -0.8261472582817078, 'political_process_policy_intervention': -2.10943865776062, 'professional_cultural_exchange': 0.4854270815849304, 'security_cooperation': 1.9751813411712646, 'security_force_facility_presence': -1.6858551502227783, 'official_security_force_facility_presence': 0.7059218883514404, 'surveillance': -0.7990002036094666, 'tech_transfer_investment': 4.5668840408325195, 'trade_agreement_exchange': 1.391465425491333, 'trade_financial_sanction': -1.4041475057601929, 'transnational_organization_crime': -1.1475870609283447}}","{'KGZ': ['Kyrgyz Republic'], 'RUS': ['Russian Federation']}","{'event_type': 'cooperate', 'model_outputs': {'arrest': -0.5519343614578247, 'protest': 0.33783388137817383, 'legalaction': -2.203824043273926, 'disaster': 0.47018197178840637, 'censor': -1.1393797397613525, 'electionactivity': 0.644554615020752, 'electionirregularities': -1.4231903553009033, 'activism': -0.42531099915504456, 'martiallaw': -0.5134683847427368, 'cooperate': 8.196080207824707, 'coup': -1.2405145168304443, 'violencenonlethal': -1.408372402191162, 'violencelethal': 0.06430687010288239, 'corruption': -0.854284405708313, 'legalchange': -0.7915595769882202, 'mobilizesecurity': -0.015131011605262756, 'purge': 0.012529231607913971, 'threaten': -0.27298781275749207, 'raid': -1.3909111022949219, '-999': 2.943652629852295}}","{'result': 'No', 'model_outputs': {'Yes': -1.9345717430114746, 'No': 1.297853946685791}}","","","","","","","","Azerbaijan"
"50304","3798","630700f8ba9d8b3abc64f44f","[]","2022-08-25 00:56:24.954",NA,"2022-06-11 09:50:08","Россия и Беларусь расширят действие соглашения о перевозке и перевалке нефтепродуктов в российских портах на все морские порты РФ","https%3A%2F%2Fnashaniva.com%2Fru%2F293329.json","https://nashaniva.com/photos/generated/fb293329.png","ru","Россия разрешит экспорт белорусских нефтепродуктов через все порты",NA,NA,"nashaniva.by","Россия и Беларусь расширят действие соглашения о перевозке и перевалке нефтепродуктов в российских портах на все морские порты РФ. Такое решение приняло правительство России 9 июня 2022 года. Документ опубликован на официальном интернет-портале правовой информации РФ.
Как отмечает reform.by, ранее соглашение предусматривало возможность перевозки белорусских нефтепродуктов железнодорожным транспортом и их перевалку в морских портах Северо-Западного региона РФ. Теперь упоминание региона будет исключено и действие соглашения распространится на другие порты РФ.
Белорусское правительство еще 8 июня одобрило проект протокола о внесении изменений.
Соглашение было подписано в феврале 2021 года. В соответствии с соглашением, в 2021—2023 годах планировалось перевалить 9 836 000 т нефтепродуктов, включая мазут, газойль, бензин и масло.
2 6 3
Nashaniva.com
Хочешь поделиться важной информацией анонимно и конфиденциально? Пиши в наш Телеграм","https://nashaniva.com/ru/293329","Direct2","True","6","2022","en","The Russian Federation and Belarus will extend the agreement on the transport and trans-shipment of petroleum products at Russian ports to all Russian seaports, which the Russian Government decided on 9 June 2022, published on the official Internet legal information portal of the Russian Federation.","Russia will allow the export of Belarusian petroleum products through all ports","{'event_type': '-999', 'model_outputs': {'-999': -0.6626828908920288, 'arms_transfer_security_aid_assistance': 0.9212700724601746, 'bribery_economic_corruption': -0.5760684609413147, 'diaspora_activation': -1.4224588871002197, 'diplomatic_mediation': -1.4499568939208984, 'diplomatic_recognition': -0.9721922278404236, 'diplomatic_sanction': -0.2658495604991913, 'diplomatic_statement': -0.3381754159927368, 'diplomatic_visit': -0.013942264020442963, 'economic_aid_assistance': -0.4220866560935974, 'intelligence_counterintelligence': -0.8707349896430969, 'investment': 0.1880817860364914, 'joint_security_force_exercise': -0.8709070682525635, 'media_campaign_intervention': -0.10944411903619766, 'social_academic_cultural_activity': -0.6528648138046265, 'political_process_policy_intervention': -0.9028036594390869, 'professional_cultural_exchange': -0.11067657172679901, 'security_cooperation': -0.11180988699197769, 'security_force_facility_presence': -1.6740572452545166, 'official_security_force_facility_presence': -1.0390821695327759, 'surveillance': 0.8485574722290039, 'tech_transfer_investment': -1.3621270656585693, 'trade_agreement_exchange': 2.8382186889648438, 'trade_financial_sanction': 8.894822120666504, 'transnational_organization_crime': -1.0138771533966064}}","{'RUS': ['Russian Federation'], 'BLR': ['Republic of Belarus']}","{'event_type': '-999', 'model_outputs': {'arrest': -0.8213279247283936, 'protest': -1.352421522140503, 'legalaction': -0.33775559067726135, 'disaster': -0.4331764876842499, 'censor': 0.4276183843612671, 'electionactivity': -0.14443300664424896, 'electionirregularities': -0.8982328176498413, 'activism': -0.19015400111675262, 'martiallaw': 0.40470343828201294, 'cooperate': 2.7450599670410156, 'coup': -1.228625774383545, 'violencenonlethal': -2.0687761306762695, 'violencelethal': -1.51409113407135, 'corruption': -0.8396395444869995, 'legalchange': 5.236088752746582, 'mobilizesecurity': -1.2060391902923584, 'purge': -0.775580644607544, 'threaten': -0.6695776581764221, 'raid': -1.4506689310073853, '-999': 6.815248489379883}}","{'result': 'No', 'model_outputs': {'Yes': -2.0498170852661133, 'No': 1.510085105895996}}","-999","-999","-999","-999","","['Russia']","No","Belarus"
"103702","1409","62a24b3ac255247c4560c9bf","[]","2022-06-09 15:34:09.441",NA,"2022-02-22 10:35:15","","https%3A%2F%2Fwww.sabah.com.tr%2Fgundem%2F2022%2F02%2F22%2Fmhp-lideri-devlet-bahceli-grup-toplantisinda-aciklamalarda-bulunuyor.json","https://iasbh.tmgrup.com.tr/16001f/640/314/0/0/752/640?u=https://isbh.tmgrup.com.tr/sbh/2022/02/22/mhp-lideri-devlet-bahceliden-ukrayna-rusya-aciklamasi-ukraynanin-siyasi-toprak-butunlugune-saygi-duyulmalidir-1645519163836.jpg&bg=1","tr","MHP Lideri Devlet Bahçeli'den Ukrayna-Rusya açıklaması! Ukrayna'nın siyasi toprak bütünlüğüne saygı duyulmalıdır",NA,NA,"sabah.com.tr","Demokrasimizin eksiği olabilir, ama sakat olduğunu iddia etmek akıl tutulmasıdır.
Bizim siyaset anlayışımız gereğince, ülkemizi hiçbir uluslararası toplantı, kuruluş, konferans veya devlet ve hükümet yetkilisi önünde yaralayıcı, yargılayıcı, yıpratıcı ve sorgulayıcı konuşmamak esastır, bu kapsamda tavizsiz tutum siyasi ilkemizdir. Milli duruş adamlık ister, mertlik ister, tutarlılık ister, ahlak ister, vicdan ister, mensubiyet şuuruna bağlılık gerektirir.
Ne var ki, adına Millet İttifakı denilen, aslında zilletin ta kendisi olan siyasi oluşum bu tablonun tam tersi istikamete yelken açmıştır.
Bu karanlık ittifakın siyasi rant ve ikbal uğruna çarpıtmayacağı değer, tahrip etmeyeceği milli emanet yoktur. Zillet ittifakının 6+1 formatında planlayıp yuvarlak bir masa etrafında dizilerek gerçekleştirdiği 12 Şubat toplantısı geçtiğimiz hafta boyunca devamlı tartışılmış, bilahare bizim bu toplantıya yönelik isabetli tespitlerimiz haksız ve mesnetsiz eleştirilere uğramıştır. Yuvarlak masanın can suyu olduğunu söyleyenden tutun da, o masa umudun masası, o masanın genişliği 780 bin kilometrekare diyene kadar pek çok saçma sapan değerlendirme yapılmış ve son tahlilde bu minvaldeki açıklamalar gürültü kirliliğine yol açmıştır. Mizahi karakteri üst düzeyde olan şu iddiaya bakar mısınız, yuvarlak masa heyecan yaratmış, orada bulunan zillet failleri vatan sevgisiyle bir araya gelmişler.
Madem vatan sevgisine sahipsiniz, o zaman ne arıyorsunuz vatan düşmanlarıyla? Ne yapıyorsunuz vatanı bölmek için mekik dokuyan alçaklarla? CHP Genel Başkanı Kılıçdaroğlu, yuvarlak masanın altında yuvarlanan bölücülük odağı HDP'yi daha fazla saklayamamış, en sonunda HDP'nin yok sayılamayacağını, demokrasi konusunda özel bir vurgusu olduğunu söylemek durumunda kalmıştır. İşte bu suçüstü halidir.
İşte bu itirafname CHP-PKK-HDP ve diğer zillet partileri arasındaki onursuz ilişkiyi tekraren gözler önüne sermiştir. Zira HDP'lilerin periyodik olarak dile getirdikleri tehditvari beyanları zilletin diğer ortaklarını fazlasıyla uyarmış, dahası uykularını kaçırmış ve masanın altındaki bölücü köstebeğin sisli yüz hattının netleşmesini sağlamıştır.
12 Şubat yuvarlak masa toplantısı hususunda en sivri çıkışı beklendiği ve tahmin edildiği gibi altılı ganyanın favorisi Kobanili Serok Ahmet yapmıştır. Serokun akıl sağlığıyla ilgili ciddi endişeler taşıdığımı, bu şahsın derhal tıbbi bir müdahaleyle karantina altına alınması gerektiğini düşünüyor, bunu da acil bir ihtiyaç olarak değerlendiriyorum. Yazık olacak seroka, bu gidişle sefil düşecek, mağdur hale gelecek, Allah muhafaza tedavilere cevap vermeyen acıklı hallere sürüklenecek. Serok demiş ki, ""Türkmen diyarı burası, gelenektir yuvarlak masa.""
Doğrudur, burası Türk ve Türkmen diyarıdır. Ancak serok Ahmet'in bu diyarla bağı kopalı çok olmuştur, yuvarlak masanın gelenek olduğuna dair iddiası da kuyruklu yalanlarına bir yenisini ekleyen bayağı bir uydurma olarak hafızalara kazınmıştır. Onların sofrası Halil İbrahim Sofrası, bizim soframız da kurtlar sofrasıymış.
DAVUTOĞLU'NUN 28 ŞUBAT İDDİASI: İSPAT ETMEZSEN NAMERDİN ÖNDE GİDENİSİN
Halil İbrahim sofrası mı yoksa hüsran ve zillet masası mı olduğunu elbette milletimiz biliyor, görüyor, lazım gelen değerlendirmeyi de yapıyor. Bizim soframızın kurtlar sofrası olduğuna gelince, kurdun masası kurt sofrası olur, kurtların olduğu yerde kurtlar sofrası kurulur, serok dikkat etsin, kurdun gözünü kan bürüdü mü Kobani'ye kaçmakla bile kurtulamaz.
Serok Ahmet ayrıca şu hayret ve ibret verici iftirayı hiç utanmadan dile getirmiş:
""Bu memlekette 28 Şubat'tan son bahsetmesi gereken kişi Sayın Bahçeli'dir. Çünkü 28 Şubat'ın Başbakan Yardımcısı Bahçeli'dir."" Bizimle ne zaman söz düellosuna girse rezil rüsva olan Davutoğlu bir kez daha şansını denemek için yalan kartlarını açmış, ağzının ayarını kaçırmış, ahlakının buharlaştığını kanıtlamıştır.
Bak Davutoğlu, benim 28 Şubat 1997'de Başbakan Yardımcısı olduğumu ispat etmezsen namerdin en önde gidenisin, bu iddianı belgelendirmezsen müfteriliğin, münafıklığın, müzevirliğin, müfsitliğin en ileri, en zirve, en menfur ismi olarak anılacaksın. Milliyetçi Hareket Partisi 18 Nisan 1999 tarihinde yapılan seçimden başarıyla çıkmış, 28 Mayıs 1999 tarihinde kurulan 57'inci Koalisyon Hükümetine katılmıştır. 28 Şubat post-modern darbe girişimi ise 1997'de vuku bulmuştur. Davutoğlu ile Kılıçdaroğlu, tıpkı üzümün üzüme baka baka karardığı gibi, birbirleriyle düşe kalka yalan makinesine dönüşmüşlerdir. Müslüman yalan söylemez, söyleyemez. İnsanım diyen yalana bel bağlamaz, bağlarsa insan olamaz. Ama bunlar serok için geçerli değildir. Kılıçdaroğlu için mesele değildir. Zillete düşenler için önemli görülmemektedir. Ayrıca Kılıçdaroğlu'nun 28 Şubat mağduruyum demesi masaldır, çünkü sahip olduğu zihniyet 28 Şubat'ın azmettiricisi, provokasyon merkezidir.
S-400 Hava ve Füze Savunma Sistemi'ni ""kime karşı kullanacağız?"" sorusunu pişkince soran, bu silahın gereksiz olduğunu pervasızca iddia eden Kılıçdaroğlu'nun geldiğimiz bu aşamada şifreleri çözülmüş, devir işlemi tamamlanmış, kullanım kılavuzu emperyalistlerin eline geçmiştir.
Dostu tanımayan, düşmanı bilmeyen Kılıçdaroğlu'na ve zillet ortaklarına Türkiye'nin teslim edilmesi fecaate ve milli çözülmeye davettir. Buna da göz yummamız mümkün değildir.
İstismar bunlarda, iradesizlik bunlarda, ilkellik bunlarda, itibarsızlık bunlarda, çarpıtma bunlarda, aldatma bunlarda, hayal tacirliği bunlarda, siyasi kalpazanlık da bunların ortak unvanıdır.
Bildiğiniz gibi Türk müziğinin meşhur yorumcusu Tarkan bir şarkı sözü yazıp bunu da seslendirdi. Akbabalar leşe nasıl üşüşürse bu şarkıya da aynen musallat olanlar çıkmıştır ve hepsi meydandadır. Tarkan geçecek diyor, bunu da Anadolu'da yaygın bir ağız şivesiyle söylüyor.
Elbette geçecek, zor günler geçecek, zillet geçecek, terör geçecek, sıkıntılar geçecek, salgın geçecek, felaketler geçecek, sorunlar bitecek, Allah'ın izniyle de buna az kaldığı görülecek.
6 rakamına lütfen dikkat buyurunuz, bu rakamı ters çevirdiğimizde tabiatıyla 9 rakamı ortaya çıkar. Mesele bakmak değil, görmek, görüleni tüm berraklığıyla göstermektir.
Biz 6'ya bakınca gördüğümüz 6 oktur, yuvarlak masa çevresinde kurulan tuzaktır, tertiptir, tezgahtır, karamsarlıktır, kumpastır, Türkiye'nin sırtına bindirilmek istenen ağır külfettir.
6'yı çevirip 9 rakamına bakınca da gördüğümüz huzurdur, havaya kaldırılan 9 tuğdur, parlayan 9 Işıktır, sosyal ve ekonomik sorunların süratle geçeceğinin müjdesidir, Cumhur İttifakı'nın 2023'te açık ara öne geçeceğinin simgesidir. Nitekim çoğu gitmiş azı kalmıştır. Tarkan şarkı sözleriyle KOVİD-19 dönemini kast ettiğini söylüyor, hayır diyorlar, iktidarı kast ettin, onların gideceğini söyledin dayatmasında bulunuyorlar.
Niyet okuyucuları mevzi üstüne mevzie girerek fitne yayıyorlar. Ayıptır ayıp, bu saptırmanın, bu kandırmacanın, bu gafilce inadın kime ne faydası vardır? İktidar şarkıyla kurulmadı, hükümet şarkıyla oluşmadı, velev ki iddialar doğru olsa bile bir şarkıyla yıkılmaz, yıkılamaz, bu tekerlek bu tümsekte kalamaz.
""Çiçek açar güneş soldursun diye,
Bende Türklük için kurban doğmuşum,
Anamdan Tanrı'ya son bir hediye,
Bende Türklük için kurban doğmuşum.
Dedem değirmenci, babam kaptanmış,
Ninem tarlalarda kavrulmuş, yanmış,
Bir çift ağam yurda sunulan kanmış,
Ben de Türklük için kurban doğmuşum.""
Bir kısmını paylaştığım bu şiiri kaleme alan, davamızın iftihar burçlarından olan saygın büyüğümüz merhum Fethi Tevetoğlu'dur ve onun kardeş torunu Tarkan'dan başkası değildir.
Buradan zillet ittifakına ekmek çıkmaz. Tarkan'dan zilletin Tarzan'ı çıkartılamaz. Vehme gerek yoktur, kuşkuları provoke etmenin faydası yoktur, bir şarkı sözünden yeni bir kutuplaşma sayfası açmanın hiç kimseye, hiçbir kesime sağlayacağı bir şey yoktur.
Her şey geçer, kaldı ki hayat geçiyor, ömür geçiyor, hepsinden önemlisi Allah bizlere Sırat Köprüsü'nden geçmeyi nasip ve müyesser eylesin. Geçmeyecek olan şeyler de vardır:
İhanetin sızısı geçmez, kötü sözün yarası geçmez, şehitlerimizin acısı geçmez, mücadelenin sıcaklığı geçmez, davaya bağlılığımız geçmez, Türk ve Türkiye sevdamız asla geçmez, geçemez, geçmeyecektir.
Özellikle bu haftaki konuşmamın geçtiğimiz günlerde provasını yapanlar, Tarkan'ın şarkı sözlerini beka meselesine bağlayacağımı söyleyenler, şimdi dağılabilirler, aynanın karşısına geçip kendi hallerine katıla katıla gülebilirler.
Konuşmalarıma bu kadar merak saranlar fazla çırpınmasınlar, kendilerini çok zorlamasınlar, kişiliği olmayanların başkasını taklitle zaman geçireceklerini de akıldan çıkarmasınlar.
Bilsinler ki, karga bülbülü taklit edeyim derken kendi yürüyüşünü şaşırırmış. Tarkan'dan muhalif bir figür üretme peşine düşenler, tavsiyem, önce onun ""kıl oldum abi"" şarkısını dinlesinler, ya da ""başkası olma kendin ol"" şarkısına tereddütsüz kulak versinler.
Türkiye'nin geleceğini davranışları taklit, düşünceleri satılık, değerleri savruk, siyasetleri kavruk olan asalaklar tayin edemeyecek, Cumhur İttifakı'nın muazzam iradesine pranga vurmaya hiç kimsenin nefesi yetişmeyecektir. Merhum Hocamız Prof.Dr. Erol Güngör demişti ki: ""Medeniyetleri politikacılar yaratmaz, medeniyet âlimlerin, sanatkârların ve sanatçıların işidir."" Sanatçı sanatını icra etmeli, alim ilmiyle konuşmayı bilmeli, siyasetçi de siyasetini ahlaki ve milli sınırlar içinde yapmaya çalışmalıdır, yani herkes kendi işine bakmalı, kendi alanıyla sınırlı kalmalıdır.
Bu duygu ve düşüncelerle muhterem heyetinizi bir kez daha saygı ve sevgiyle selamlıyor, bu hafta sonu idrak edeceğimiz Miraç Gece'mizin aziz milletimize, Türk-İslam alemine ve siz değerli milletvekili arkadaşlarıma esenlik, selamet ve daimi huzur getirmesini niyaz ediyor, şimdiden mübarek Miraç Kandilimizi dualarımla birlikte tebrik ediyorum. Sağ olun, var olun, Cenab-ı Allah'a emanet olun.''","https://www.sabah.com.tr/gundem/2022/02/22/mhp-lideri-devlet-bahceli-grup-toplantisinda-aciklamalarda-bulunuyor",NA,"True","2","2022","en","It may be a lack of democracy, but it is a lack of reason to claim to be disabled. In our policy, it is essential that we do not speak in front of any international meeting, institution, conference or government official, judgmental, corrosive, and inquisitive. In this context, the non-compromising attitude is our political principle. The national stance requires manliness, wants integrity, needs integrity, needs moralism, needs conscience, needs","Ukrainian-Russian statement from HHP Leader State Gardener! Ukraine's political territorial integrity must be respected","{'event_type': 'diplomatic_statement', 'model_outputs': {'-999': -0.5000408291816711, 'arms_transfer_security_aid_assistance': -1.0523414611816406, 'bribery_economic_corruption': -1.56244695186615, 'diaspora_activation': -0.5346547365188599, 'diplomatic_mediation': 0.8913783431053162, 'diplomatic_recognition': -0.6910775899887085, 'diplomatic_sanction': 0.2062491476535797, 'diplomatic_statement': 9.241878509521484, 'diplomatic_visit': 1.481717824935913, 'economic_aid_assistance': -0.5449400544166565, 'intelligence_counterintelligence': -0.5399171113967896, 'investment': -1.1188805103302002, 'joint_security_force_exercise': -1.9633136987686157, 'media_campaign_intervention': -0.7953943610191345, 'social_academic_cultural_activity': -0.6569565534591675, 'political_process_policy_intervention': 0.1142541766166687, 'professional_cultural_exchange': -1.1189420223236084, 'security_cooperation': 0.4561131000518799, 'security_force_facility_presence': -0.32486385107040405, 'official_security_force_facility_presence': -1.0237630605697632, 'surveillance': -0.7352985143661499, 'tech_transfer_investment': -0.32068073749542236, 'trade_agreement_exchange': -0.19927570223808289, 'trade_financial_sanction': 0.037037745118141174, 'transnational_organization_crime': -0.8875799775123596}}","{'UKR': ['Ukraine']}","{'event_type': '-999', 'model_outputs': {'arrest': -1.092091679573059, 'protest': 0.13012155890464783, 'legalaction': -1.4237537384033203, 'disaster': -0.09349715709686279, 'censor': -0.6561181545257568, 'electionactivity': 0.7160100340843201, 'electionirregularities': -1.1328234672546387, 'activism': -0.4606335461139679, 'martiallaw': -0.9565918445587158, 'cooperate': 0.9721660614013672, 'coup': -0.8051304221153259, 'violencenonlethal': 0.7096259593963623, 'violencelethal': -1.0679364204406738, 'corruption': -1.1371920108795166, 'legalchange': -0.18323664367198944, 'mobilizesecurity': -0.22737669944763184, 'purge': -0.7664150595664978, 'threaten': 1.1612663269042969, 'raid': -1.7414069175720215, '-999': 9.518721580505371}}","{'result': 'Yes', 'model_outputs': {'Yes': 1.4754420518875122, 'No': -1.4380369186401367}}","diplomatic_statement","-999","diplomatic_statement","-999",NA,"","","Turkey"
